-- phpMyAdmin SQL Dump
-- version 3.3.7deb8
-- http://www.phpmyadmin.net
--
-- Host: mysqlha2.ugent.be
-- Generation Time: Dec 12, 2014 at 01:09 AM
-- Server version: 5.5.22
-- PHP Version: 5.3.3-7+squeeze23

--
-- JustFeed-Groep16
--
SET SQL_MODE="NO_AUTO_VALUE_ON_ZERO";


/*!40101 SET @OLD_CHARACTER_SET_CLIENT=@@CHARACTER_SET_CLIENT */;
/*!40101 SET @OLD_CHARACTER_SET_RESULTS=@@CHARACTER_SET_RESULTS */;
/*!40101 SET @OLD_COLLATION_CONNECTION=@@COLLATION_CONNECTION */;
/*!40101 SET NAMES utf8 */;

--
-- Database: `BINFG16`
--
CREATE DATABASE `BINFG16` DEFAULT CHARACTER SET latin1 COLLATE latin1_swedish_ci;
USE `BINFG16`;

-- --------------------------------------------------------

--
-- Table structure for table `AwardGerecht`
--

CREATE TABLE IF NOT EXISTS `AwardGerecht` (
  `awardGerechtID` int(11) NOT NULL AUTO_INCREMENT,
  `periode` date DEFAULT NULL,
  `naamAwardG` varchar(20) DEFAULT NULL,
  `naamGerecht` varchar(20) NOT NULL,
  `menuID` int(11) NOT NULL,
  PRIMARY KEY (`awardGerechtID`),
  KEY `naamGerecht` (`naamGerecht`,`menuID`)
) ENGINE=InnoDB  DEFAULT CHARSET=latin1 AUTO_INCREMENT=91 ;

--
-- Dumping data for table `AwardGerecht`
--

INSERT INTO `AwardGerecht` (`awardGerechtID`, `periode`, `naamAwardG`, `naamGerecht`, `menuID`) VALUES
(81, '2014-12-01', 'hot item', 'Pizza basilica', 241);

-- --------------------------------------------------------

--
-- Table structure for table `AwardTakeAway`
--

CREATE TABLE IF NOT EXISTS `AwardTakeAway` (
  `awardTakeAwayID` int(11) NOT NULL AUTO_INCREMENT,
  `periode` date DEFAULT NULL,
  `naamAwardTA` varchar(20) DEFAULT NULL,
  `naamTakeAway` varchar(20) NOT NULL,
  PRIMARY KEY (`awardTakeAwayID`),
  KEY `naamTakeAway` (`naamTakeAway`)
) ENGINE=InnoDB  DEFAULT CHARSET=latin1 AUTO_INCREMENT=151 ;

--
-- Dumping data for table `AwardTakeAway`
--

INSERT INTO `AwardTakeAway` (`awardTakeAwayID`, `periode`, `naamAwardTA`, `naamTakeAway`) VALUES
(121, '2014-12-01', 'Bestseller', 'Kingslize Pizza'),
(131, '2014-12-01', 'User Choice', 'Sezer Pizza'),
(141, '2014-12-01', 'Just Feeder', 'Wok Express');

-- --------------------------------------------------------

--
-- Table structure for table `Bestelling`
--

CREATE TABLE IF NOT EXISTS `Bestelling` (
  `bestellingsID` int(11) NOT NULL AUTO_INCREMENT,
  `datum` date DEFAULT NULL,
  `totaalbedrag` decimal(6,2) DEFAULT NULL,
  `leveringsStraat` varchar(30) DEFAULT NULL,
  `leveringsHuisnummer` int(11) DEFAULT NULL,
  `postcode` int(11) NOT NULL,
  `gemeente` varchar(30) NOT NULL,
  `klantLogin` varchar(20) NOT NULL DEFAULT '-',
  `status` varchar(20) NOT NULL DEFAULT 'pending',
  PRIMARY KEY (`bestellingsID`),
  KEY `postcode` (`postcode`,`gemeente`),
  KEY `klantLogin` (`klantLogin`)
) ENGINE=InnoDB  DEFAULT CHARSET=latin1 AUTO_INCREMENT=591 ;

--
-- Dumping data for table `Bestelling`
--

INSERT INTO `Bestelling` (`bestellingsID`, `datum`, `totaalbedrag`, `leveringsStraat`, `leveringsHuisnummer`, `postcode`, `gemeente`, `klantLogin`, `status`) VALUES
(10, '2014-11-26', '64.00', 'kroonlaan', 37, 8400, 'Oostende', 'mrloonatic', 'afgehandeld'),
(20, '2014-11-26', '99.99', 'Damstraat', 93, 9220, 'Hamme ', 'matthiasadriaens', 'afgehandeld'),
(30, '2014-11-26', '99.99', 'Damstraat', 93, 9220, 'Hamme ', 'matthiasadriaens', 'pending'),
(40, '2014-11-26', '99.99', 'Damstraat', 93, 9220, 'Hamme ', 'matthiasadriaens', 'pending'),
(50, '2014-11-26', '70.00', 'Damstraat', 93, 9220, 'Hamme ', 'matthiasadriaens', 'pending'),
(60, '2014-11-26', '63.00', 'kroonlaan', 37, 8400, 'Oostende', 'mrloonatic', 'pending'),
(70, '2014-11-26', '18.00', 'Damstraat', 93, 9220, 'Hamme ', 'matthiasadriaens', 'pending'),
(80, '2014-11-26', '60.00', 'kroonlaan', 37, 8400, 'Oostende', 'mrloonatic', 'pending'),
(90, '2014-11-26', '30.00', 'kroonlaan', 37, 8400, 'Oostende', 'mrloonatic', 'pending'),
(100, '2014-11-26', '87.20', 'kroonlaan', 37, 8400, 'Oostende', 'mrloonatic', 'pending'),
(110, '2014-11-26', '99.99', 'kroonlaan', 37, 8400, 'Oostende', 'mrloonatic', 'pending'),
(120, '2014-11-26', '46.80', 'kroonlaan', 37, 8400, 'Oostende', 'mrloonatic', 'pending'),
(130, '2014-11-26', '74.80', 'kroonlaan', 37, 8400, 'Oostende', 'mrloonatic', 'afgehandeld'),
(140, '2014-11-26', '42.30', 'kroonlaan', 37, 8400, 'Oostende', 'mrloonatic', 'afgehandeld'),
(150, '2014-11-26', '38.00', 'kroonlaan', 37, 8400, 'Oostende', 'mrloonatic', 'afgehandeld'),
(160, '2014-11-27', '99.99', 'Damstraat', 93, 9220, 'Hamme ', 'matthiasadriaens', 'afgehandeld'),
(170, '2014-11-27', '143.10', 'kroonlaan', 37, 8400, 'Oostende', 'mrloonatic', 'pending'),
(180, '2014-11-27', '26.50', 'damstraat', 10, 9000, 'Gent', 'matthiasadriaens', 'pending'),
(190, '2014-11-27', '110.00', 'Molenaarsstraat', 11, 8400, 'Oostende', 'ardor9', 'pending'),
(200, '2014-11-28', '165.90', 'Damstraat', 93, 9220, 'Hamme ', 'matthiasadriaens', 'pending'),
(210, '2014-11-29', '77.40', 'kroonlaan', 37, 8400, 'Oostende', 'mrloonatic', 'pending'),
(220, '2014-11-29', '31.99', 'KROONLAAN', 37, 8400, 'Oostende', 'tessa', 'pending'),
(230, '2014-11-29', '56.50', 'KROONLAAN', 37, 8400, 'Oostende', 'tessa', 'pending'),
(240, '2014-12-01', '28.05', 'damstraat', 93, 9220, 'Hamme ', 'abc', 'pending'),
(250, '2014-12-01', '20.30', 'Ooststraat ', 29, 8647, 'Lo', 'louisn', 'pending'),
(260, '2014-12-02', '55.45', 'roestweg ', 17, 9255, 'Buggenhout', 'inedc', 'afgehandeld'),
(270, '2014-12-02', '12.00', 'Damstraat', 93, 9220, 'Hamme ', 'matthiasadriaens', 'pending'),
(280, '2014-12-02', '17.70', 'Tweekerkenstraat', 2, 9000, 'Gent', 'mdeclercq', 'afgehandeld'),
(290, '2014-12-02', '17.70', 'Tweekerkenstraat', 2, 9000, 'Gent', 'mdeclercq', 'afgehandeld'),
(300, '2014-12-03', '46.40', 'deeded', 22, 9000, 'Gent', 'mrloonatic', 'pending'),
(310, '2014-12-03', '29.40', 'dsdds', 99, 9000, 'Gent', 'mrloonatic', 'pending'),
(320, '2014-12-03', '30.50', 'Hoveniersberg', 10, 9000, 'Gent', 'matthiasadriaens', 'pending'),
(330, '2014-12-03', '22.90', 'sint-amandstraat ', 38, 9000, 'Gent', 'charalam', 'pending'),
(340, '2014-12-03', '51.40', 'hovberg', 12, 9000, 'Gent', 'Louvdb', 'pending'),
(350, '2014-12-03', '41.58', 'Tweekerkenstraat', 2, 9000, 'Gent', 'mdeclercq', 'pending'),
(360, '2014-12-03', '17.69', 'hoveniersberg', 3, 9000, 'Gent', 'juliefeys', 'afgehandeld'),
(370, '2014-12-03', '81.50', 'kakstraat', 12, 9200, 'Appels', 'ardor9', 'pending'),
(380, '2014-12-04', '33.00', 'qdsf', 12, 9000, 'Gent', 'matthiasadriaens', 'pending'),
(390, '2014-12-06', '45.50', 'Metdepenningen', 13, 9000, 'Gent', 'freddyadriaens', 'pending'),
(400, '2014-12-09', '19.50', 'damstraat', 92, 9200, 'Appels', 'matthiasadriaens', 'afgehandeld'),
(410, '2014-12-09', '37.50', 'merelstraat', 5, 9000, 'Gent', 'hilalberouag', 'pending'),
(420, '2014-12-09', '13.00', 'molenlaan', 15, 9000, 'Gent', 'ardor9', 'pending'),
(430, '2014-12-09', '12.00', 'molenaars', 12, 9000, 'Gent', 'ardor9', 'pending'),
(440, '2014-12-09', '13.00', 'kolenstraat', 99, 9000, 'Gent', 'ardor9', 'pending'),
(450, '2014-12-10', '97.50', 'holdaal', 13, 9000, 'Gent', 'matthiasadriaens', 'pending'),
(460, '2014-12-10', '24.00', 'Damstraat', 93, 9220, 'Hamme ', 'matthiasadriaens', 'pending'),
(470, '2014-12-10', '46.00', 'Damstraat', 93, 9220, 'Hamme ', 'matthiasadriaens', 'pending'),
(480, '2014-12-10', '24.00', 'Damstraat', 93, 9220, 'Hamme ', 'matthiasadriaens', 'pending'),
(490, '2014-12-10', '24.00', 'Damstraat', 93, 9220, 'Hamme ', 'matthiasadriaens', 'pending'),
(500, '2014-12-10', '10.00', 'Damstraat', 93, 9220, 'Hamme ', 'matthiasadriaens', 'pending'),
(510, '2014-12-10', '12.00', 'metdepenningenstraat', 13, 9000, 'Gent', 'matthiasadriaens', 'pending'),
(520, '2014-12-10', '100.00', 'Damstraat', 93, 9220, 'Hamme ', 'matthiasadriaens', 'pending'),
(530, '2014-12-11', '2.40', 'molenhof', 88, 9000, 'Gent', 'jmvdm', 'pending'),
(540, '2014-12-11', '380.00', 'metdepenningenstraat', 8, 9000, 'Gent', 'matthiasadriaens', 'pending'),
(550, '2014-12-11', '13.00', 'uoim', 12, 9000, 'Gent', 'robinhood', 'pending'),
(560, '2014-12-11', '10.20', 'Metdepenningenstraat', 8, 9000, 'Gent', 'matthiasadriaens', 'pending'),
(570, '2014-12-11', '56.00', 'gze', 112, 9000, 'Gent', 'ardor9', 'pending'),
(580, '2014-12-11', '54.00', 'jhgbu', 2, 9000, 'Gent', 'robinhood', 'pending'),
(590, '2014-12-12', '17.99', 'Tweekerkenstraat', 2, 9000, 'Gent', 'mdeclercq', 'pending');

-- --------------------------------------------------------

--
-- Table structure for table `Bijgerechten`
--

CREATE TABLE IF NOT EXISTS `Bijgerechten` (
  `naamBijgerecht` varchar(40) NOT NULL,
  `prijs` decimal(6,2) DEFAULT NULL,
  `aantalBesteld` int(11) DEFAULT NULL,
  `menuID` int(11) NOT NULL,
  PRIMARY KEY (`naamBijgerecht`,`menuID`),
  KEY `menuID` (`menuID`)
) ENGINE=InnoDB DEFAULT CHARSET=latin1;

--
-- Dumping data for table `Bijgerechten`
--

INSERT INTO `Bijgerechten` (`naamBijgerecht`, `prijs`, `aantalBesteld`, `menuID`) VALUES
('Aloo gobi', '5.50', 0, 191),
('Aloo zeera', '5.00', 0, 191),
('American potatoes', '3.00', 0, 281),
('American Potatoes', '3.45', 0, 401),
('Andalouse', '0.20', 3, 521),
('Andalouse', '0.20', 0, 551),
('Bakje Friet', '3.00', 0, 421),
('Bakje Friet Kip', '7.00', 0, 421),
('Bakje Friet Speciaal', '3.50', 0, 421),
('Bicky Burger', '2.50', 1, 351),
('Broodje Franse hamburger', '5.50', 0, 271),
('Broodje kebab', '4.50', 0, 141),
('Broodje kebab speciaal', '5.70', 0, 141),
('Broodje kip', '4.50', 0, 141),
('Broodje kip hawaï', '5.00', 0, 141),
('Broodje kip kaas', '5.00', 0, 141),
('Broodje kip speciaal', '5.70', 0, 141),
('broodje köfte', '4.50', 0, 141),
('Broodje köfte kaas', '5.00', 0, 141),
('Broodje pita', '4.50', 0, 141),
('Broodje pita hawaï', '5.00', 0, 141),
('Broodje pita kaas', '5.00', 0, 141),
('broodje shamoa', '11.20', 0, 461),
('broodje sharma', '6.00', 0, 451),
('Cheesy Bread', '5.00', 0, 411),
('Cheezy Bread', '6.10', 0, 401),
('Chicken Burger', '3.00', 0, 351),
('Chicken wings', '3.80', 0, 281),
('Chicken wings (4 stuks)', '4.00', 0, 221),
('Chicken wings (8 stuks)', '7.00', 0, 221),
('Chilly chicken', '7.00', 2, 171),
('chips with mayonaise', '26.00', 0, 441),
('Cream jalapenos', '4.70', 0, 281),
('Crispy chicken nuggets', '3.80', 0, 281),
('Dagsoep', '3.50', 0, 161),
('Dagsoep met half broodje', '4.00', 0, 161),
('Dürüm', '4.50', 0, 141),
('Dürüm kip kaas', '5.00', 0, 141),
('eggs', '10.00', 1, 441),
('Extra Friet', '2.00', 0, 341),
('Extra gebakken rijst', '2.75', 0, 321),
('Extra noedels', '2.75', 1, 321),
('Extra Pita', '0.75', 0, 341),
('Extra rijst', '2.20', 2, 321),
('fdhdfhdfhdfh', '13.00', 0, 191),
('Fish Burger', '3.00', 0, 351),
('Franse Hamburger', '4.00', 0, 351),
('Garlic scampi', '8.00', 1, 171),
('Garnalencocktail', '4.00', 0, 301),
('Gegrilde loempia 2 stuks', '6.00', 0, 221),
('Gemengde Salade', '3.50', 0, 431),
('Griekse Salade', '4.00', 0, 431),
('Gringo''s Chicken Taquitos', '6.00', 0, 291),
('Haaivinnensoep', '2.75', 0, 231),
('Homemada salsa', '0.90', 0, 331),
('Honey Garlic Wings', '3.80', 0, 291),
('Hot BBQ Wings', '3.80', 0, 291),
('In/Out tonijn', '7.50', 0, 381),
('In/Out Vegetarisch', '7.00', 0, 381),
('In/Out Zalm', '7.00', 0, 381),
('Jerusalem Salade 2 pers.', '8.00', 0, 431),
('Joppiesaus', '0.40', 0, 521),
('Joppiesaus', '0.40', 0, 551),
('Ketchup', '0.20', 4, 521),
('Ketchup', '0.20', 1, 551),
('Kiaw Soep', '8.00', 0, 361),
('Kippensoep', '3.50', 0, 191),
('Kippensoep', '3.00', 0, 301),
('Lookbaguette', '3.00', 0, 281),
('Lookbaguette in de Oven', '2.20', 0, 151),
('Lookbrood', '3.00', 2, 301),
('Lookbrood Assortiment', '4.50', 0, 401),
('Lookbrood Bacon', '3.70', 0, 401),
('Lookbrood Baguette', '2.50', 0, 421),
('Lookbrood Boter', '3.00', 0, 391),
('Lookbrood Kaas', '3.00', 0, 391),
('Lookbrood met Kaas', '2.75', 0, 151),
('Lookbrood met kaas', '3.50', 0, 221),
('Lookbrood Natuur', '2.20', 0, 151),
('Lookbrood Natuur', '2.95', 0, 401),
('Lookbrood salami', '4.00', 0, 391),
('Lookbrood tomaten-mozarella', '4.00', 0, 221),
('Lookbrood zonder kaas', '3.00', 0, 221),
('Lookbroodjes', '2.50', 0, 251),
('Lookbroodjes', '2.20', 7, 261),
('Lookbroodsneetjes', '2.70', 0, 281),
('Lookbroodsneetjes', '2.30', 0, 291),
('mama', '2.00', 0, 191),
('MamaMia', '2.00', 1, 191),
('Mayonaise', '0.20', 1, 521),
('Mayonaise', '0.20', 0, 551),
('Miso soep', '5.00', 2, 311),
('Momo soep', '3.50', 0, 191),
('Noedel soep dimsum', '9.00', 0, 311),
('Noedel soep kip', '9.00', 2, 311),
('Noedel soep rund', '9.00', 0, 311),
('Noedel soep vegi', '9.00', 2, 311),
('Onion pakoda', '4.00', 0, 171),
('Pickle ', '1.50', 7, 191),
('Pitta broodje', '5.50', 0, 271),
('Rijst', '2.00', 5, 191),
('salad with shrimps', '47.00', 0, 441),
('Salade', '4.00', 0, 371),
('Salade Geitenkaas', '8.00', 2, 201),
('Salade Kip', '8.50', 4, 201),
('Salade mix', '4.75', 0, 181),
('Salade mix met ham', '5.50', 0, 181),
('Salade mix met tonijn', '5.50', 0, 181),
('Salade Natuur', '5.00', 1, 201),
('Salade van de Chef', '8.00', 0, 201),
('Samosa 2 stuks', '6.00', 0, 221),
('Sashimi Combo', '11.00', 0, 381),
('Sashimi Tonijn', '12.00', 0, 381),
('Sashimi Zalm', '9.50', 0, 381),
('Shumashi soep', '13.00', 0, 311),
('Sla mix', '3.00', 0, 131),
('Sla mix', '4.50', 0, 421),
('Sla mix met fetakaas', '4.00', 0, 131),
('Sla mix met tonijn', '4.00', 0, 131),
('Soep Tom Yam Goong', '10.00', 0, 361),
('Soep Tom Yam Kai', '8.00', 0, 361),
('Stoofvleessaus', '0.50', 4, 521),
('Stoofvleessaus', '0.50', 0, 551),
('Tarka dal', '5.00', 0, 191),
('Tomatensoep', '2.75', 0, 231),
('Tomatensoep', '3.00', 0, 301),
('Tonijnsalade', '4.00', 0, 431),
('Vegetable pakoda', '4.00', 0, 171),
('Vegetable soep ', '3.50', 0, 191),
('Vissoep', '3.00', 0, 301),
('Want-tan', '5.50', 0, 231);

-- --------------------------------------------------------

--
-- Table structure for table `BijgerechtenBehoortTot`
--

CREATE TABLE IF NOT EXISTS `BijgerechtenBehoortTot` (
  `naamBijgerecht` varchar(40) NOT NULL,
  `menuID` int(11) NOT NULL,
  `bestellingsID` int(11) NOT NULL,
  `aantalBijgerechten` int(11) DEFAULT NULL,
  PRIMARY KEY (`naamBijgerecht`,`menuID`,`bestellingsID`),
  KEY `menuID` (`menuID`),
  KEY `bestellingsID` (`bestellingsID`)
) ENGINE=InnoDB DEFAULT CHARSET=latin1;

--
-- Dumping data for table `BijgerechtenBehoortTot`
--

INSERT INTO `BijgerechtenBehoortTot` (`naamBijgerecht`, `menuID`, `bestellingsID`, `aantalBijgerechten`) VALUES
('Andalouse', 521, 350, 1),
('Andalouse', 521, 530, 2),
('Bicky Burger', 351, 350, 1),
('Chilly chicken', 171, 100, 2),
('eggs', 441, 500, 1),
('Extra noedels', 321, 240, 1),
('Extra rijst', 321, 250, 2),
('Garlic scampi', 171, 190, 1),
('Ketchup', 521, 280, 1),
('Ketchup', 521, 290, 1),
('Ketchup', 521, 350, 2),
('Ketchup', 551, 560, 1),
('Lookbrood', 301, 20, 2),
('Lookbroodjes', 261, 50, 1),
('Lookbroodjes', 261, 100, 1),
('MamaMia', 191, 400, 1),
('Mayonaise', 521, 360, 1),
('Miso soep', 311, 40, 1),
('Miso soep', 311, 200, 1),
('Noedel soep kip', 311, 110, 2),
('Noedel soep vegi', 311, 180, 2),
('Pickle ', 191, 20, 2),
('Pickle ', 191, 370, 5),
('Rijst', 191, 10, 2),
('Rijst', 191, 260, 3),
('Salade Geitenkaas', 201, 30, 2),
('Salade Kip', 201, 110, 1),
('Salade Kip', 201, 390, 1),
('Salade Kip', 201, 410, 2),
('Salade Natuur', 201, 110, 1),
('Stoofvleessaus', 521, 280, 2),
('Stoofvleessaus', 521, 290, 2);

-- --------------------------------------------------------

--
-- Table structure for table `Dranken`
--

CREATE TABLE IF NOT EXISTS `Dranken` (
  `naamDrank` varchar(40) NOT NULL,
  `prijs` decimal(6,2) DEFAULT NULL,
  `aantalBesteld` int(11) DEFAULT NULL,
  `menuID` int(11) NOT NULL,
  PRIMARY KEY (`naamDrank`,`menuID`),
  KEY `menuID` (`menuID`)
) ENGINE=InnoDB DEFAULT CHARSET=latin1;

--
-- Dumping data for table `Dranken`
--

INSERT INTO `Dranken` (`naamDrank`, `prijs`, `aantalBesteld`, `menuID`) VALUES
('7up', '1.60', 0, 401),
('Almdudler', '3.00', 0, 541),
('Appelsap', '1.50', 0, 371),
('Arizona Ice Tea', '2.80', 4, 201),
('Ayran', '1.00', 0, 251),
('Ayran', '1.00', 0, 351),
('Ayran', '1.50', 0, 421),
('Bier', '1.65', 0, 151),
('Bruis water', '1.50', 0, 221),
('Bruiswater', '1.40', 2, 321),
('Carlsberg', '2.00', 0, 431),
('Chaudfontaine', '2.00', 0, 411),
('Chaudfontaine Bruis', '1.80', 3, 201),
('Chaudfontaine bruis', '1.50', 0, 281),
('Chaudfontaine plat', '1.50', 0, 281),
('Chocomel', '2.00', 0, 431),
('Chocomelk', '1.50', 1, 301),
('Coca cola', '1.50', 0, 141),
('Coca cola', '1.50', 0, 161),
('coca cola', '1.50', 0, 461),
('Coca cola light', '1.50', 0, 161),
('Coca cola zero', '1.50', 0, 161),
('Coca-Cola', '1.20', 0, 131),
('Coca-Cola', '1.50', 0, 181),
('Coca-Cola', '1.30', 3, 201),
('Coca-Cola', '1.65', 0, 231),
('Coca-cola', '1.50', 5, 241),
('Coca-Cola', '1.00', 0, 251),
('Coca-Cola', '1.50', 1, 261),
('Coca-Cola', '1.30', 0, 271),
('Coca-cola ', '1.50', 0, 281),
('Coca-Cola', '1.50', 0, 341),
('Coca-Cola', '1.00', 0, 351),
('Coca-Cola', '1.50', 0, 371),
('Coca-Cola', '1.50', 0, 381),
('Coca-Cola', '1.50', 1, 391),
('Coca-Cola', '1.50', 0, 411),
('Coca-Cola', '1.50', 0, 421),
('Coca-Cola', '1.75', 0, 431),
('coca-cola', '1.50', 0, 451),
('Coca-Cola', '1.00', 7, 521),
('Coca-Cola', '1.00', 1, 551),
('Coca-Cola Light', '1.50', 0, 181),
('Coca-cola light', '1.50', 0, 241),
('Coca-cola light', '1.50', 0, 281),
('Coca-Cola Light', '1.50', 0, 391),
('Coca-Cola Light', '1.50', 0, 411),
('Coca-Cola Light', '1.50', 0, 421),
('Coca-Cola Light', '1.75', 0, 431),
('Cola', '1.50', 0, 151),
('Cola', '1.50', 0, 221),
('Cola', '1.50', 0, 301),
('Cola', '1.40', 0, 321),
('cola', '1.50', 0, 471),
('Cola 33cl', '1.50', 0, 291),
('Cola Light', '1.50', 0, 151),
('Cola light 33 cl ', '1.50', 0, 291),
('explosive coffee', '12.00', 4, 441),
('Fanta', '1.20', 0, 131),
('Fanta', '1.50', 0, 141),
('Fanta', '1.50', 0, 151),
('Fanta', '1.50', 0, 161),
('Fanta', '1.50', 0, 181),
('Fanta', '1.30', 3, 201),
('Fanta', '1.50', 0, 221),
('Fanta', '1.65', 0, 231),
('Fanta', '1.50', 2, 241),
('Fanta', '1.00', 0, 251),
('Fanta', '1.50', 6, 261),
('Fanta', '1.50', 0, 271),
('Fanta', '1.50', 0, 281),
('Fanta', '1.50', 0, 301),
('Fanta', '1.40', 0, 321),
('Fanta', '1.50', 0, 341),
('Fanta', '1.00', 0, 351),
('Fanta', '1.50', 0, 371),
('Fanta', '1.50', 0, 381),
('Fanta', '1.50', 0, 391),
('Fanta', '1.50', 0, 411),
('Fanta', '1.50', 0, 421),
('Fanta', '1.75', 0, 431),
('Fanta', '1.00', 2, 521),
('Fanta', '1.00', 0, 551),
('Fanta 33cl', '1.50', 0, 291),
('Fanta Cassis', '1.50', 0, 421),
('Fles Huiswijn', '8.25', 0, 151),
('Fles rode wijn', '8.00', 0, 221),
('Fles rode wijn', '16.50', 0, 231),
('Fles Wijn Rood', '10.00', 0, 371),
('Fles Wijn Rosé', '10.00', 0, 371),
('Fles Wijn Wit', '10.00', 0, 371),
('Fles witte wijn', '8.00', 0, 221),
('Fles witte wijn', '16.50', 0, 231),
('Fristi', '2.00', 0, 431),
('Gini', '1.50', 0, 131),
('Gini', '1.50', 0, 281),
('Gini', '1.50', 0, 351),
('Gini', '1.50', 0, 391),
('Gini', '1.50', 0, 421),
('Glas Huiswijn', '3.30', 0, 151),
('Glas Wijn', '4.00', 0, 201),
('Hoegaarden', '2.00', 0, 431),
('hot limonade', '12.00', 4, 441),
('Huiswijn rood', '13.00', 0, 321),
('Huiswijn wit', '13.00', 0, 321),
('Ice Tea', '1.50', 0, 131),
('Ice tea', '1.50', 0, 161),
('Ice Tea', '1.50', 0, 181),
('Ice Tea', '1.65', 0, 231),
('Ice tea', '1.50', 5, 241),
('Ice Tea', '1.50', 1, 261),
('Ice tea', '1.50', 0, 321),
('Ice Tea', '1.50', 0, 381),
('Ice Tea', '1.50', 0, 421),
('Ice Tea', '2.00', 0, 431),
('Ice-tea', '1.50', 0, 281),
('Ice-tea', '1.40', 0, 321),
('IceTea 33cl', '1.50', 0, 291),
('Jupiler', '1.50', 0, 141),
('Jupiler', '2.00', 4, 201),
('Jupiler', '1.50', 0, 271),
('Jupiler', '1.50', 0, 351),
('Jupiler', '2.00', 0, 371),
('Jupiler', '2.00', 0, 411),
('Jupiler', '2.00', 0, 431),
('Jus d''Orange', '2.00', 0, 431),
('Kiran Bier', '3.40', 0, 381),
('Koffie', '1.50', 0, 351),
('Maes', '1.90', 0, 401),
('Mango ', '2.00', 0, 301),
('Minute Maid', '1.50', 0, 351),
('Minute Maid sinaas', '1.50', 0, 131),
('Mirinda', '1.60', 0, 401),
('Nestea Lemon', '1.50', 0, 411),
('Nestea Peach', '1.50', 0, 411),
('Orange juice ', '2.50', 1, 301),
('Pepsi', '1.60', 0, 401),
('Pepsi Max', '1.60', 0, 401),
('Perrier', '1.60', 0, 401),
('Quilmes bier', '3.00', 0, 331),
('Red bull', '1.50', 0, 141),
('Red bull', '2.30', 0, 161),
('Red Bull', '2.50', 0, 421),
('Rode Wijn', '10.00', 0, 411),
('Rosé Wijn', '10.00', 0, 411),
('Sake', '4.50', 0, 321),
('Sake 18cl', '5.00', 0, 381),
('Sapporo Bier', '3.40', 0, 381),
('Schweppes', '2.00', 0, 201),
('Schweppes', '1.50', 0, 301),
('Schweppes', '1.50', 0, 391),
('Schweppes Agrum', '1.50', 0, 421),
('Schweppes Tonic', '2.00', 0, 371),
('Sinaasappelsap', '1.50', 0, 371),
('Spa', '1.50', 0, 241),
('Spa', '1.00', 0, 351),
('Spa blauw', '1.50', 0, 261),
('Spa Blauw 0.5l', '1.50', 0, 181),
('Spa Bruis', '1.20', 0, 131),
('Spa bruis', '1.50', 0, 141),
('Spa Bruis', '1.50', 0, 151),
('Spa bruis', '1.50', 0, 161),
('Spa bruis', '1.50', 0, 241),
('Spa Bruis', '1.50', 0, 391),
('Spa Bruis', '1.75', 0, 431),
('Spa Plat', '1.50', 0, 151),
('Spa Rein', '1.50', 0, 391),
('Spa reine', '1.50', 0, 141),
('Spa reine', '1.50', 2, 161),
('Spa Reine', '1.75', 0, 431),
('Spa rood', '1.50', 0, 261),
('Spa Rood 0.5l', '1.50', 0, 181),
('sparkling wine', '23.00', 2, 441),
('Sprite', '1.20', 0, 131),
('Sprite', '1.50', 0, 141),
('Sprite', '1.50', 0, 161),
('Sprite', '1.30', 0, 201),
('Sprite', '1.50', 0, 221),
('Sprite', '1.65', 0, 231),
('Sprite', '1.50', 4, 241),
('Sprite', '1.00', 0, 251),
('Sprite', '1.30', 0, 271),
('Sprite ', '1.50', 0, 281),
('Sprite', '1.50', 0, 301),
('Sprite', '1.40', 0, 321),
('Sprite', '1.00', 0, 351),
('Sprite', '1.50', 0, 371),
('Sprite', '1.50', 0, 381),
('Sprite', '1.50', 0, 391),
('Sprite', '1.50', 0, 411),
('Sprite', '1.50', 0, 421),
('Sprite', '1.75', 0, 431),
('sprite', '1.50', 0, 451),
('sprite', '1.50', 0, 461),
('Tonic', '1.75', 0, 431),
('Tropico', '1.50', 2, 251),
('Tropico', '1.50', 0, 271),
('Uludag', '1.00', 0, 251),
('Uludag', '1.50', 0, 271),
('Vedett', '2.00', 0, 201),
('Water', '1.40', 0, 321),
('Water bruisend', '1.50', 0, 421),
('Water plat', '1.50', 0, 421),
('Wijn Lambrusco', '10.45', 1, 151);

-- --------------------------------------------------------

--
-- Table structure for table `DrankenBehoortTot`
--

CREATE TABLE IF NOT EXISTS `DrankenBehoortTot` (
  `naamDrank` varchar(40) NOT NULL,
  `menuID` int(11) NOT NULL,
  `bestellingsID` int(11) NOT NULL,
  `aantalDranken` int(11) DEFAULT NULL,
  PRIMARY KEY (`naamDrank`,`menuID`,`bestellingsID`),
  KEY `bestellingsID` (`bestellingsID`)
) ENGINE=InnoDB DEFAULT CHARSET=latin1;

--
-- Dumping data for table `DrankenBehoortTot`
--

INSERT INTO `DrankenBehoortTot` (`naamDrank`, `menuID`, `bestellingsID`, `aantalDranken`) VALUES
('Arizona Ice Tea', 201, 110, 2),
('Arizona Ice Tea', 201, 160, 2),
('Bruiswater', 321, 240, 2),
('Chaudfontaine Bruis', 201, 340, 3),
('Chocomelk', 301, 20, 1),
('Coca-Cola', 201, 160, 2),
('Coca-cola', 241, 110, 1),
('Coca-cola', 241, 130, 1),
('Coca-cola', 241, 210, 3),
('Coca-Cola', 391, 310, 1),
('Coca-Cola', 521, 280, 2),
('Coca-Cola', 521, 290, 2),
('Coca-Cola', 521, 350, 2),
('Coca-Cola', 521, 360, 1),
('Coca-Cola', 551, 560, 1),
('explosive coffee', 441, 460, 2),
('explosive coffee', 441, 490, 2),
('Fanta', 201, 160, 3),
('Fanta', 241, 110, 1),
('Fanta', 241, 130, 1),
('Fanta', 261, 100, 1),
('Fanta', 521, 280, 1),
('Fanta', 521, 290, 1),
('hot limonade', 441, 200, 2),
('hot limonade', 441, 480, 2),
('Ice tea', 241, 160, 4),
('Ice tea', 241, 300, 1),
('Ice Tea', 261, 100, 1),
('Jupiler', 201, 30, 2),
('Jupiler', 201, 390, 2),
('Orange juice ', 301, 20, 1),
('Spa reine', 161, 70, 2),
('sparkling wine', 441, 470, 2),
('Sprite', 241, 120, 2),
('Sprite', 241, 140, 2),
('Tropico', 251, 320, 2);

-- --------------------------------------------------------

--
-- Table structure for table `Gemeenten`
--

CREATE TABLE IF NOT EXISTS `Gemeenten` (
  `postcode` int(11) NOT NULL,
  `gemeente` varchar(30) NOT NULL,
  PRIMARY KEY (`postcode`,`gemeente`)
) ENGINE=InnoDB DEFAULT CHARSET=latin1;

--
-- Dumping data for table `Gemeenten`
--

INSERT INTO `Gemeenten` (`postcode`, `gemeente`) VALUES
(1000, 'Brussel'),
(1020, 'Laken '),
(1030, 'Schaarbeek'),
(1040, 'Etterbeek'),
(1050, 'Elsene'),
(1060, 'Sint-Gillis'),
(1070, 'Anderlecht'),
(1080, 'Sint-Jans-Molenbeek'),
(1081, 'Koekelberg'),
(1082, 'Sint-Agatha-Berchem'),
(1083, 'Ganshoren'),
(1090, 'Jette'),
(1120, 'Neder-over-Heembeek '),
(1130, 'Haren '),
(1140, 'Evere'),
(1150, 'Sint-Pieters-Woluwe'),
(1160, 'Oudergem'),
(1170, 'Watermaal-Bosvoorde'),
(1180, 'Ukkel'),
(1190, 'Vorst'),
(1200, 'Sint-Lambrechts-Woluwe'),
(1210, 'Sint-Joost-ten-Node'),
(1300, 'Limal'),
(1300, 'Wavre'),
(1301, 'Bierges'),
(1310, 'La Hulpe'),
(1315, 'Glimes'),
(1315, 'Incourt'),
(1315, 'Opprebais'),
(1315, 'Pi?trebais'),
(1315, 'Roux-Miroir'),
(1320, 'Beauvechain'),
(1320, 'Hamme-Mille'),
(1320, 'l''Ecluse'),
(1320, 'Nodebais'),
(1320, 'Tourinnes-la-Grosse'),
(1325, 'Bonlez'),
(1325, 'Chaumont-Gistoux'),
(1325, 'Corroy-le-Grand'),
(1325, 'Dion-Valmont'),
(1325, 'Longueville'),
(1330, 'Rixensart'),
(1331, 'Rosi?res'),
(1332, 'Genval'),
(1340, 'Ottignies'),
(1340, 'Ottignies-Louvain-la-Neuve'),
(1341, 'C?roux-Mousty'),
(1342, 'Limelette'),
(1348, 'Louvain-la-Neuve'),
(1350, 'Enines'),
(1350, 'Folx-les-Caves'),
(1350, 'Jandrain-Jandrenouille'),
(1350, 'Jauche'),
(1350, 'Marilles'),
(1350, 'Noduwez'),
(1350, 'Orp-Jauche'),
(1350, 'Orp-le-Grand'),
(1357, 'H?l?cine'),
(1357, 'Linsmeau'),
(1357, 'Neerheylissem'),
(1357, 'Opheylissem'),
(1360, 'Mal?ves-Sainte-Marie-Wastines'),
(1360, 'Orbais'),
(1360, 'Perwez'),
(1360, 'Thorembais-les-B?guines'),
(1360, 'Thorembais-Saint-Trond'),
(1367, 'Autre-Eglise'),
(1367, 'Bomal '),
(1367, 'G?rompont'),
(1367, 'Geest-G?rompont-Petit-Rosi?re'),
(1367, 'Grand-Rosi?re-Hottomont'),
(1367, 'Huppaye'),
(1367, 'Mont-Saint-Andr'),
(1367, 'Ramillies-Offus'),
(1370, 'Dongelberg'),
(1370, 'Jauchelette'),
(1370, 'Jodoigne'),
(1370, 'Jodoigne-Souveraine'),
(1370, 'Lathuy'),
(1370, 'M?lin'),
(1370, 'Pi?train'),
(1370, 'Saint-Jean-Geest'),
(1370, 'Saint-Remy-Geest'),
(1370, 'Z?trud-Lumay'),
(1380, 'Couture-Saint-Germain'),
(1380, 'Lasne'),
(1380, 'Lasne-Chapelle-Saint-Lambert'),
(1380, 'Maransart'),
(1380, 'Ohain'),
(1380, 'Plancenoit'),
(1390, 'Archennes'),
(1390, 'Biez'),
(1390, 'Bossut-Gottechain'),
(1390, 'Grez-Doiceau'),
(1390, 'Nethen'),
(1400, 'Monstreux'),
(1400, 'Nivelles'),
(1401, 'Baulers'),
(1402, 'Thines'),
(1404, 'Bornival'),
(1410, 'Waterloo'),
(1420, 'Braine-l''Alleud'),
(1421, 'Ophain-Bois-Seigneur-Isaac'),
(1428, 'Lillois-Witterz'),
(1430, 'Bierghes'),
(1430, 'Quenast'),
(1430, 'Rebecq'),
(1430, 'Rebecq-Rognon'),
(1435, 'Corbais'),
(1435, 'H?villers'),
(1435, 'Mont-Saint-Guibert'),
(1440, 'Braine-le-Ch?teau'),
(1440, 'Wauthier-Braine'),
(1450, 'Chastre'),
(1450, 'Chastre-Villeroux-Blanmont'),
(1450, 'Cortil-Noirmont'),
(1450, 'Gentinnes'),
(1450, 'Saint-G?ry'),
(1457, 'Nil-Saint-Vincent-Saint-Martin'),
(1457, 'Tourinnes-Saint-Lambert'),
(1457, 'Walhain'),
(1457, 'Walhain-Saint-Paul'),
(1460, 'Ittre'),
(1460, 'Virginal-Samme'),
(1461, 'Haut-Ittre'),
(1470, 'Baisy-Thy'),
(1470, 'Bousval'),
(1470, 'Genappe'),
(1471, 'Loupoigne'),
(1472, 'Vieux-Genappe'),
(1473, 'Glabais'),
(1474, 'Ways'),
(1476, 'Houtain-le-Val'),
(1480, 'Clabecq'),
(1480, 'Oisquercq'),
(1480, 'Saintes'),
(1480, 'Tubize'),
(1490, 'Court-Saint-Etienne'),
(1495, 'Marbais '),
(1495, 'Mellery'),
(1495, 'Sart-Dames-Avelines'),
(1495, 'Tilly'),
(1495, 'Villers-la-Ville'),
(1500, 'Halle'),
(1501, 'Buizingen'),
(1502, 'Lembeek'),
(1540, 'Herfelingen'),
(1540, 'Herne'),
(1541, 'Sint-Pieters-Kapelle '),
(1547, 'Bever/Bi?v?ne'),
(1560, 'Hoeilaart'),
(1570, 'Galmaarden'),
(1570, 'Tollembeek'),
(1570, 'Vollezele'),
(1600, 'Oudenaken'),
(1600, 'Sint-Laureins-Berchem'),
(1600, 'Sint-Pieters-Leeuw'),
(1601, 'Ruisbroek '),
(1602, 'Vlezenbeek'),
(1620, 'Drogenbos'),
(1630, 'Linkebeek'),
(1640, 'Sint-Genesius-Rode/Rhode-Saint'),
(1650, 'Beersel'),
(1651, 'Lot'),
(1652, 'Alsemberg'),
(1653, 'Dworp'),
(1654, 'Huizingen'),
(1670, 'Bogaarden'),
(1670, 'Heikruis'),
(1670, 'Pepingen'),
(1671, 'Elingen'),
(1673, 'Beert'),
(1674, 'Bellingen'),
(1700, 'Dilbeek'),
(1700, 'Sint-Martens-Bodegem'),
(1700, 'Sint-Ulriks-Kapelle'),
(1701, 'Itterbeek'),
(1702, 'Groot-Bijgaarden'),
(1703, 'Schepdaal'),
(1730, 'Asse'),
(1730, 'Bekkerzeel'),
(1730, 'Kobbegem'),
(1730, 'Mollem'),
(1731, 'Relegem'),
(1731, 'Zellik'),
(1740, 'Ternat'),
(1741, 'Wambeek'),
(1742, 'Sint-Katherina-Lombeek'),
(1745, 'Mazenzele'),
(1745, 'Opwijk'),
(1750, 'Gaasbeek'),
(1750, 'Lennik'),
(1750, 'Sint-Kwintens-Lennik'),
(1750, 'Sint-Martens-Lennik'),
(1755, 'Gooik'),
(1755, 'Kester'),
(1755, 'Leerbeek'),
(1755, 'Oetingen'),
(1760, 'Onze-Lieve-Vrouw-Lombeek'),
(1760, 'Pamel'),
(1760, 'Roosdaal'),
(1760, 'Strijtem'),
(1761, 'Borchtlombeek'),
(1770, 'Liedekerke'),
(1780, 'Wemmel'),
(1785, 'Brussegem'),
(1785, 'Hamme '),
(1785, 'Merchtem'),
(1790, 'Affligem'),
(1790, 'Essene'),
(1790, 'Hekelgem'),
(1790, 'Teralfene'),
(1800, 'Peutie'),
(1800, 'Vilvoorde'),
(1820, 'Melsbroek'),
(1820, 'Perk'),
(1820, 'Steenokkerzeel'),
(1830, 'Machelen '),
(1831, 'Diegem'),
(1840, 'Londerzeel'),
(1840, 'Malderen'),
(1840, 'Steenhuffel'),
(1850, 'Grimbergen'),
(1851, 'Humbeek'),
(1852, 'Beigem'),
(1853, 'Strombeek-Bever'),
(1860, 'Meise'),
(1861, 'Wolvertem'),
(1880, 'Kapelle-op-den-Bos'),
(1880, 'Nieuwenrode'),
(1880, 'Ramsdonk'),
(1910, 'Berg '),
(1910, 'Buken'),
(1910, 'Kampenhout'),
(1910, 'Nederokkerzeel'),
(1930, 'Nossegem'),
(1930, 'Zaventem'),
(1932, 'Sint-Stevens-Woluwe'),
(1933, 'Sterrebeek'),
(1950, 'Kraainem'),
(1970, 'Wezembeek-Oppem'),
(1980, 'Eppegem'),
(1980, 'Zemst'),
(1981, 'Hofstade '),
(1982, 'Elewijt'),
(1982, 'Weerde'),
(2000, 'Antwerpen'),
(2018, 'Antwerpen'),
(2020, 'Antwerpen'),
(2030, 'Antwerpen'),
(2040, 'Antwerpen'),
(2040, 'Berendrecht'),
(2040, 'Lillo'),
(2040, 'Zandvliet'),
(2050, 'Antwerpen'),
(2060, 'Antwerpen'),
(2070, 'Burcht'),
(2070, 'Zwijndrecht'),
(2100, 'Deurne'),
(2110, 'Wijnegem'),
(2140, 'Borgerhout'),
(2150, 'Borsbeek '),
(2160, 'Wommelgem'),
(2170, 'Merksem'),
(2180, 'Ekeren'),
(2200, 'Herentals'),
(2200, 'Morkhoven'),
(2200, 'Noorderwijk'),
(2220, 'Hallaar'),
(2220, 'Heist-op-den-Berg'),
(2221, 'Booischot'),
(2222, 'Itegem'),
(2222, 'Wiekevorst'),
(2223, 'Schriek'),
(2230, 'Herselt'),
(2230, 'Ramsel'),
(2235, 'Houtvenne'),
(2235, 'Hulshout'),
(2235, 'Westmeerbeek'),
(2240, 'Massenhoven'),
(2240, 'Viersel'),
(2240, 'Zandhoven'),
(2242, 'Pulderbos'),
(2243, 'Pulle'),
(2250, 'Olen'),
(2260, 'Oevel'),
(2260, 'Tongerlo '),
(2260, 'Westerlo'),
(2260, 'Zoerle-Parwijs'),
(2270, 'Herenthout'),
(2275, 'Gierle'),
(2275, 'Lille'),
(2275, 'Poederlee'),
(2275, 'Wechelderzande'),
(2280, 'Grobbendonk'),
(2288, 'Bouwel'),
(2290, 'Vorselaar'),
(2300, 'Turnhout'),
(2310, 'Rijkevorsel'),
(2320, 'Hoogstraten'),
(2321, 'Meer'),
(2322, 'Minderhout'),
(2323, 'Wortel'),
(2328, 'Meerle'),
(2330, 'Merksplas'),
(2340, 'Beerse'),
(2340, 'Vlimmeren'),
(2350, 'Vosselaar'),
(2360, 'Oud-Turnhout'),
(2370, 'Arendonk'),
(2380, 'Ravels'),
(2381, 'Weelde'),
(2382, 'Poppel'),
(2387, 'Baarle-Hertog'),
(2390, 'Malle'),
(2390, 'Oostmalle'),
(2390, 'Westmalle'),
(2400, 'Mol'),
(2430, 'Eindhout'),
(2430, 'Laakdal'),
(2430, 'Vorst '),
(2431, 'Varendonk'),
(2431, 'Veerle'),
(2440, 'Geel'),
(2450, 'Meerhout'),
(2460, 'Kasterlee'),
(2460, 'Lichtaart'),
(2460, 'Tielen'),
(2470, 'Retie'),
(2480, 'Dessel'),
(2490, 'Balen'),
(2491, 'Olmen'),
(2500, 'Koningshooikt'),
(2500, 'Lier'),
(2520, 'Broechem'),
(2520, 'Emblem'),
(2520, 'Oelegem'),
(2520, 'Ranst'),
(2530, 'Boechout'),
(2531, 'Vremde'),
(2540, 'Hove'),
(2547, 'Lint'),
(2550, 'Kontich'),
(2550, 'Waarloos'),
(2560, 'Bevel'),
(2560, 'Kessel'),
(2560, 'Nijlen'),
(2570, 'Duffel'),
(2580, 'Beerzel'),
(2580, 'Putte'),
(2590, 'Berlaar'),
(2590, 'Gestel'),
(2600, 'Berchem'),
(2610, 'Wilrijk'),
(2620, 'Hemiksem'),
(2627, 'Schelle'),
(2630, 'Aartselaar'),
(2640, 'Mortsel'),
(2650, 'Edegem'),
(2660, 'Hoboken'),
(2800, 'Mechelen'),
(2800, 'Walem'),
(2801, 'Heffen'),
(2811, 'Hombeek'),
(2811, 'Leest'),
(2812, 'Muizen '),
(2820, 'Bonheiden'),
(2820, 'Rijmenam'),
(2830, 'Blaasveld'),
(2830, 'Heindonk'),
(2830, 'Tisselt'),
(2830, 'Willebroek'),
(2840, 'Reet'),
(2840, 'Rumst'),
(2840, 'Terhagen'),
(2845, 'Niel'),
(2850, 'Boom'),
(2860, 'Sint-Katelijne-Waver'),
(2861, 'Onze-Lieve-Vrouw-Waver'),
(2870, 'Breendonk'),
(2870, 'Liezele'),
(2870, 'Puurs'),
(2870, 'Ruisbroek '),
(2880, 'Bornem'),
(2880, 'Hingene'),
(2880, 'Mariekerke'),
(2880, 'Weert'),
(2890, 'Lippelo'),
(2890, 'Oppuurs'),
(2890, 'Sint-Amands'),
(2900, 'Schoten'),
(2910, 'Essen'),
(2920, 'Kalmthout'),
(2930, 'Brasschaat'),
(2940, 'Hoevenen'),
(2940, 'Stabroek'),
(2950, 'Kapellen '),
(2960, 'Brecht'),
(2960, 'Sint-Job-in-''t-Goor'),
(2960, 'Sint-Lenaarts'),
(2970, '''s Gravenwezel'),
(2970, 'Schilde'),
(2980, 'Halle '),
(2980, 'Zoersel'),
(2990, 'Loenhout'),
(2990, 'Wuustwezel'),
(3000, 'Leuven'),
(3001, 'Heverlee'),
(3010, 'Kessel-Lo'),
(3012, 'Wilsele'),
(3018, 'Wijgmaal '),
(3020, 'Herent'),
(3020, 'Veltem-Beisem'),
(3020, 'Winksele'),
(3040, 'Huldenberg'),
(3040, 'Loonbeek'),
(3040, 'Neerijse'),
(3040, 'Ottenburg'),
(3040, 'Sint-Agatha-Rode'),
(3050, 'Oud-Heverlee'),
(3051, 'Sint-Joris-Weert'),
(3052, 'Blanden'),
(3053, 'Haasrode'),
(3054, 'Vaalbeek'),
(3060, 'Bertem'),
(3060, 'Korbeek-Dijle'),
(3061, 'Leefdaal'),
(3070, 'Kortenberg'),
(3071, 'Erps-Kwerps'),
(3078, 'Everberg'),
(3078, 'Meerbeek'),
(3080, 'Duisburg'),
(3080, 'Tervuren'),
(3080, 'Vossem'),
(3090, 'Overijse'),
(3110, 'Rotselaar'),
(3111, 'Wezemaal'),
(3118, 'Werchter'),
(3120, 'Tremelo'),
(3128, 'Baal'),
(3130, 'Begijnendijk'),
(3130, 'Betekom'),
(3140, 'Keerbergen'),
(3150, 'Haacht'),
(3150, 'Tildonk'),
(3150, 'Wespelaar'),
(3190, 'Boortmeerbeek'),
(3191, 'Hever'),
(3200, 'Aarschot'),
(3200, 'Gelrode'),
(3201, 'Langdorp'),
(3202, 'Rillaar'),
(3210, 'Linden'),
(3210, 'Lubbeek'),
(3211, 'Binkom'),
(3212, 'Pellenberg'),
(3220, 'Holsbeek'),
(3220, 'Kortrijk-Dutsel'),
(3220, 'Sint-Pieters-Rode'),
(3221, 'Nieuwrode'),
(3270, 'Scherpenheuvel'),
(3270, 'Scherpenheuvel-Zichem'),
(3271, 'Averbode'),
(3271, 'Zichem'),
(3272, 'Messelbroek'),
(3272, 'Testelt'),
(3290, 'Deurne '),
(3290, 'Diest'),
(3290, 'Schaffen'),
(3290, 'Webbekom'),
(3293, 'Kaggevinne'),
(3294, 'Molenstede'),
(3300, 'Bost'),
(3300, 'Goetsenhoven'),
(3300, 'Hakendover'),
(3300, 'Kumtich'),
(3300, 'Oorbeek'),
(3300, 'Oplinter'),
(3300, 'Sint-Margriete-Houtem '),
(3300, 'Tienen'),
(3300, 'Vissenaken'),
(3320, 'Hoegaarden'),
(3320, 'Meldert '),
(3321, 'Outgaarden'),
(3350, 'Drieslinter'),
(3350, 'Linter'),
(3350, 'Melkwezer'),
(3350, 'Neerhespen'),
(3350, 'Neerlinter'),
(3350, 'Orsmaal-Gussenhoven'),
(3350, 'Overhespen'),
(3350, 'Wommersom'),
(3360, 'Bierbeek'),
(3360, 'Korbeek-Lo'),
(3360, 'Lovenjoel'),
(3360, 'Opvelp'),
(3370, 'Boutersem'),
(3370, 'Kerkom'),
(3370, 'Neervelp'),
(3370, 'Roosbeek'),
(3370, 'Vertrijk'),
(3370, 'Willebringen'),
(3380, 'Bunsbeek'),
(3380, 'Glabbeek-Zuurbemde'),
(3381, 'Kapellen '),
(3384, 'Attenrode'),
(3390, 'Houwaart'),
(3390, 'Sint-Joris-Winge'),
(3390, 'Tielt '),
(3390, 'Tielt-Winge'),
(3391, 'Meensel-Kiezegem'),
(3400, 'Eliksem'),
(3400, 'Ezemaal'),
(3400, 'Laar'),
(3400, 'Landen'),
(3400, 'Neerwinden'),
(3400, 'Overwinden'),
(3400, 'Rumsdorp'),
(3400, 'Wange'),
(3401, 'Waasmont'),
(3401, 'Walsbets'),
(3401, 'Walshoutem'),
(3401, 'Wezeren'),
(3404, 'Attenhoven'),
(3404, 'Neerlanden'),
(3440, 'Budingen'),
(3440, 'Dormaal'),
(3440, 'Halle-Booienhoven'),
(3440, 'Helen-Bos'),
(3440, 'Zoutleeuw'),
(3450, 'Geetbets'),
(3450, 'Grazen'),
(3454, 'Rummen'),
(3460, 'Assent'),
(3460, 'Bekkevoort'),
(3461, 'Molenbeek-Wersbeek'),
(3470, 'Kortenaken'),
(3470, 'Ransberg'),
(3471, 'Hoeleden'),
(3472, 'Kersbeek-Miskom'),
(3473, 'Waanrode'),
(3500, 'Hasselt'),
(3500, 'Sint-Lambrechts-Herk'),
(3501, 'Wimmertingen'),
(3510, 'Kermt'),
(3510, 'Spalbeek'),
(3511, 'Kuringen'),
(3511, 'Stokrooie'),
(3512, 'Stevoort'),
(3520, 'Zonhoven'),
(3530, 'Helchteren'),
(3530, 'Houthalen'),
(3530, 'Houthalen-Helchteren'),
(3540, 'Berbroek'),
(3540, 'Donk'),
(3540, 'Herk-de-Stad'),
(3540, 'Schulen'),
(3545, 'Halen'),
(3545, 'Loksbergen'),
(3545, 'Zelem'),
(3550, 'Heusden '),
(3550, 'Heusden-Zolder'),
(3550, 'Zolder'),
(3560, 'Linkhout'),
(3560, 'Lummen'),
(3560, 'Meldert '),
(3570, 'Alken'),
(3580, 'Beringen'),
(3581, 'Beverlo'),
(3582, 'Koersel'),
(3583, 'Paal'),
(3590, 'Diepenbeek'),
(3600, 'Genk'),
(3620, 'Gellik'),
(3620, 'Lanaken'),
(3620, 'Neerharen'),
(3620, 'Veldwezelt'),
(3621, 'Rekem'),
(3630, 'Eisden'),
(3630, 'Leut'),
(3630, 'Maasmechelen'),
(3630, 'Mechelen-aan-de-Maas'),
(3630, 'Meeswijk'),
(3630, 'Opgrimbie'),
(3630, 'Vucht'),
(3631, 'Boorsem'),
(3631, 'Uikhoven'),
(3640, 'Kessenich'),
(3640, 'Kinrooi'),
(3640, 'Molenbeersel'),
(3640, 'Ophoven'),
(3650, 'Dilsen-Stokkem'),
(3650, 'Elen'),
(3650, 'Lanklaar'),
(3650, 'Rotem'),
(3660, 'Opglabbeek'),
(3665, 'As'),
(3668, 'Niel-bij-As'),
(3670, 'Ellikom'),
(3670, 'Gruitrode'),
(3670, 'Meeuwen'),
(3670, 'Meeuwen-Gruitrode'),
(3670, 'Neerglabbeek'),
(3670, 'Wijshagen'),
(3680, 'Maaseik'),
(3680, 'Neeroeteren'),
(3680, 'Opoeteren'),
(3690, 'Zutendaal'),
(3700, '''s Herenelderen'),
(3700, 'Berg '),
(3700, 'Diets-Heur'),
(3700, 'Haren '),
(3700, 'Henis'),
(3700, 'Kolmont '),
(3700, 'Koninksem'),
(3700, 'Lauw'),
(3700, 'Mal'),
(3700, 'Neerrepen'),
(3700, 'Nerem'),
(3700, 'Overrepen '),
(3700, 'Piringen '),
(3700, 'Riksingen'),
(3700, 'Rutten'),
(3700, 'Sluizen'),
(3700, 'Tongeren'),
(3700, 'Vreren'),
(3700, 'Widooie '),
(3717, 'Herstappe'),
(3720, 'Kortessem'),
(3721, 'Vliermaalroot'),
(3722, 'Wintershoven'),
(3723, 'Guigoven'),
(3724, 'Vliermaal'),
(3730, 'Hoeselt'),
(3730, 'Romershoven'),
(3730, 'Sint-Huibrechts-Hern'),
(3730, 'Werm'),
(3732, 'Schalkhoven'),
(3740, 'Beverst'),
(3740, 'Bilzen'),
(3740, 'Eigenbilzen'),
(3740, 'Grote-Spouwen'),
(3740, 'Hees'),
(3740, 'Kleine-Spouwen'),
(3740, 'Mopertingen'),
(3740, 'Munsterbilzen'),
(3740, 'Rijkhoven'),
(3740, 'Rosmeer'),
(3740, 'Spouwen'),
(3740, 'Waltwilder'),
(3742, 'Martenslinde'),
(3746, 'Hoelbeek'),
(3770, 'Genoelselderen'),
(3770, 'Herderen'),
(3770, 'Kanne'),
(3770, 'Membruggen'),
(3770, 'Millen'),
(3770, 'Riemst'),
(3770, 'Val-Meer'),
(3770, 'Vlijtingen'),
(3770, 'Vroenhoven'),
(3770, 'Zichen-Zussen-Bolder'),
(3790, 'Moelingen/Mouland'),
(3790, 'Sint-Martens-Voeren'),
(3790, 'Voeren'),
(3791, 'Remersdaal'),
(3792, 'Sint-Pieters-Voeren'),
(3793, 'Teuven'),
(3798, '''s Gravenvoeren'),
(3800, 'Aalst '),
(3800, 'Brustem'),
(3800, 'Engelmanshoven'),
(3800, 'Gelinden'),
(3800, 'Groot-Gelmen'),
(3800, 'Halmaal'),
(3800, 'Kerkom-bij-Sint-Truiden'),
(3800, 'Ordingen'),
(3800, 'Sint-Truiden'),
(3800, 'Zepperen'),
(3803, 'Duras'),
(3803, 'Gorsem'),
(3803, 'Runkelen'),
(3803, 'Wilderen'),
(3806, 'Velm'),
(3830, 'Berlingen'),
(3830, 'Wellen'),
(3831, 'Herten'),
(3832, 'Ulbeek'),
(3840, 'Bommershoven '),
(3840, 'Borgloon'),
(3840, 'Broekom'),
(3840, 'Gors-Opleeuw'),
(3840, 'Gotem'),
(3840, 'Groot-Loon'),
(3840, 'Haren '),
(3840, 'Hendrieken'),
(3840, 'Hoepertingen'),
(3840, 'Jesseren '),
(3840, 'Kerniel'),
(3840, 'Kolmont '),
(3840, 'Kuttekoven'),
(3840, 'Rijkel'),
(3840, 'Voort'),
(3850, 'Binderveld'),
(3850, 'Kozen'),
(3850, 'Nieuwerkerken '),
(3850, 'Wijer'),
(3870, 'Batsheers'),
(3870, 'Bovelingen'),
(3870, 'Gutschoven'),
(3870, 'Heers'),
(3870, 'Heks'),
(3870, 'Horpmaal'),
(3870, 'Klein-Gelmen'),
(3870, 'Mechelen-Bovelingen'),
(3870, 'Mettekoven'),
(3870, 'Opheers'),
(3870, 'Rukkelingen-Loon'),
(3870, 'Vechmaal'),
(3870, 'Veulen'),
(3890, 'Boekhout'),
(3890, 'Gingelom'),
(3890, 'Jeuk'),
(3890, 'Kortijs'),
(3890, 'Montenaken'),
(3890, 'Niel-bij-Sint-Truiden'),
(3890, 'Vorsen'),
(3891, 'Borlo'),
(3891, 'Buvingen'),
(3891, 'Mielen-boven-Aalst'),
(3891, 'Muizen '),
(3900, 'Overpelt'),
(3910, 'Neerpelt'),
(3910, 'Sint-Huibrechts-Lille'),
(3920, 'Lommel'),
(3930, 'Achel'),
(3930, 'Hamont'),
(3930, 'Hamont-Achel'),
(3940, 'Hechtel'),
(3940, 'Hechtel-Eksel'),
(3941, 'Eksel'),
(3945, 'Ham'),
(3945, 'Kwaadmechelen'),
(3945, 'Oostham'),
(3950, 'Bocholt'),
(3950, 'Kaulille'),
(3950, 'Reppel'),
(3960, 'Beek'),
(3960, 'Bree'),
(3960, 'Gerdingen'),
(3960, 'Opitter'),
(3960, 'Tongerlo'),
(3970, 'Leopoldsburg'),
(3971, 'Heppen'),
(3980, 'Tessenderlo'),
(3990, 'Grote-Brogel'),
(3990, 'Kleine-Brogel'),
(3990, 'Peer'),
(3990, 'Wijchmaal'),
(4000, 'Glain'),
(4000, 'Li?ge'),
(4000, 'Rocourt'),
(4020, 'Bressoux'),
(4020, 'Jupille-sur-Meuse'),
(4020, 'Li?ge'),
(4020, 'Wandre'),
(4030, 'Grivegn'),
(4031, 'Angleur'),
(4032, 'Ch?n'),
(4040, 'Herstal'),
(4041, 'Milmort'),
(4041, 'Vottem'),
(4042, 'Liers'),
(4050, 'Chaudfontaine'),
(4051, 'Vaux-sous-Ch?vremont'),
(4052, 'Beaufays'),
(4053, 'Embourg'),
(4100, 'Boncelles'),
(4100, 'Seraing'),
(4101, 'Jemeppe-sur-Meuse'),
(4102, 'Ougr'),
(4120, 'Ehein'),
(4120, 'Neupr'),
(4120, 'Rotheux-Rimi?re'),
(4121, 'Neuville-en-Condroz'),
(4122, 'Plainevaux'),
(4130, 'Esneux'),
(4130, 'Tilff'),
(4140, 'Dolembreux'),
(4140, 'Gomz?-Andoumont'),
(4140, 'Rouvreux'),
(4140, 'Sprimont'),
(4141, 'Louveign'),
(4160, 'Anthisnes'),
(4161, 'Villers-aux-Tours'),
(4162, 'Hody'),
(4163, 'Tavier'),
(4170, 'Comblain-au-Pont'),
(4171, 'Poulseur'),
(4180, 'Comblain-Fairon'),
(4180, 'Comblain-la-Tour'),
(4180, 'Hamoir'),
(4181, 'Filot'),
(4190, 'Ferri?res'),
(4190, 'My'),
(4190, 'Vieuxville'),
(4190, 'Werbomont'),
(4190, 'Xhoris'),
(4210, 'Burdinne'),
(4210, 'Hann?che'),
(4210, 'Lamontz'),
(4210, 'Marneffe'),
(4210, 'Oteppe'),
(4217, 'H?ron'),
(4217, 'Lavoir'),
(4217, 'Waret-l''Ev?que'),
(4218, 'Couthuin'),
(4219, 'Acosse'),
(4219, 'Ambresin'),
(4219, 'Meeffe'),
(4219, 'Wasseiges'),
(4250, 'Bo?lhe'),
(4250, 'Geer'),
(4250, 'Hollogne-sur-Geer'),
(4250, 'Lens-Saint-Servais'),
(4252, 'Omal'),
(4253, 'Darion'),
(4254, 'Ligney'),
(4257, 'Berloz'),
(4257, 'Corswarem'),
(4257, 'Rosoux-Crenwick'),
(4260, 'Avennes'),
(4260, 'Braives'),
(4260, 'Ciplet'),
(4260, 'Fallais'),
(4260, 'Fumal'),
(4260, 'Ville-en-Hesbaye'),
(4261, 'Latinne'),
(4263, 'Tourinne '),
(4280, 'Abolens'),
(4280, 'Avernas-le-Bauduin'),
(4280, 'Avin'),
(4280, 'Bertr'),
(4280, 'Blehen'),
(4280, 'Cras-Avernas'),
(4280, 'Crehen'),
(4280, 'Grand-Hallet'),
(4280, 'Hannut'),
(4280, 'Lens-Saint-Remy'),
(4280, 'Merdorp'),
(4280, 'Moxhe'),
(4280, 'Petit-Hallet'),
(4280, 'Poucet'),
(4280, 'Thisnes'),
(4280, 'Trogn'),
(4280, 'Villers-le-Peuplier'),
(4280, 'Wansin'),
(4287, 'Lincent'),
(4287, 'Pellaines'),
(4287, 'Racour'),
(4300, 'Bettincourt'),
(4300, 'Bleret'),
(4300, 'Bovenistier'),
(4300, 'Grand-Axhe'),
(4300, 'Lantremange'),
(4300, 'Oleye'),
(4300, 'Waremme'),
(4317, 'Aineffe'),
(4317, 'Borlez'),
(4317, 'Celles '),
(4317, 'Faimes'),
(4317, 'Les Waleffes'),
(4317, 'Viemme'),
(4340, 'Awans'),
(4340, 'Fooz'),
(4340, 'Oth'),
(4340, 'Villers-l''Ev?que'),
(4342, 'Hognoul'),
(4347, 'Fexhe-le-Haut-Clocher'),
(4347, 'Freloux'),
(4347, 'Noville '),
(4347, 'Roloux'),
(4347, 'Voroux-Goreux'),
(4350, 'Lamine'),
(4350, 'Momalle'),
(4350, 'Pousset'),
(4350, 'Remicourt'),
(4351, 'Hodeige'),
(4357, 'Donceel'),
(4357, 'Haneffe'),
(4357, 'Jeneffe '),
(4357, 'Limont'),
(4360, 'Bergilers'),
(4360, 'Grandville'),
(4360, 'Lens-sur-Geer'),
(4360, 'Oreye'),
(4360, 'Otrange'),
(4367, 'Crisn'),
(4367, 'Fize-le-Marsal'),
(4367, 'Kemexhe'),
(4367, 'Odeur'),
(4367, 'Thys'),
(4400, 'Awirs'),
(4400, 'Chokier'),
(4400, 'Fl?malle'),
(4400, 'Fl?malle-Grande'),
(4400, 'Fl?malle-Haute'),
(4400, 'Gleixhe'),
(4400, 'Ivoz-Ramet'),
(4400, 'Mons-lez-Li?ge'),
(4420, 'Montegn'),
(4420, 'Saint-Nicolas '),
(4420, 'Tilleur'),
(4430, 'Ans'),
(4431, 'Loncin'),
(4432, 'Alleur'),
(4432, 'Xhendremael'),
(4450, 'Juprelle'),
(4450, 'Lantin'),
(4450, 'Slins'),
(4451, 'Voroux-lez-Liers'),
(4452, 'Paifve'),
(4452, 'Wihogne'),
(4453, 'Villers-Saint-Sim?on'),
(4458, 'Fexhe-Slins'),
(4460, 'Bierset'),
(4460, 'Gr?ce-Berleur'),
(4460, 'Gr?ce-Hollogne'),
(4460, 'Hollogne-aux-Pierres'),
(4460, 'Horion-Hoz?mont'),
(4460, 'Velroux'),
(4470, 'Saint-Georges-sur-Meuse'),
(4480, 'Clermont-sous-Huy'),
(4480, 'Engis'),
(4480, 'Hermalle-sous-Huy'),
(4500, 'Ben-Ahin'),
(4500, 'Huy'),
(4500, 'Tihange'),
(4520, 'Antheit'),
(4520, 'Bas-Oha'),
(4520, 'Huccorgne'),
(4520, 'Moha'),
(4520, 'Vinalmont'),
(4520, 'Wanze'),
(4530, 'Fize-Fontaine'),
(4530, 'Vaux-et-Borset'),
(4530, 'Vieux-Waleffe'),
(4530, 'Villers-le-Bouillet'),
(4530, 'Warnant-Dreye'),
(4537, 'Chapon-Seraing'),
(4537, 'Seraing-le-Ch?teau'),
(4537, 'Verlaine'),
(4540, 'Amay'),
(4540, 'Ampsin'),
(4540, 'Fl?ne'),
(4540, 'Jehay'),
(4540, 'Ombret'),
(4550, 'Nandrin'),
(4550, 'Saint-S?verin'),
(4550, 'Villers-le-Temple'),
(4550, 'Yern?e-Fraineux'),
(4557, 'Ab'),
(4557, 'Fraiture'),
(4557, 'Ramelot'),
(4557, 'Seny'),
(4557, 'Soheit-Tinlot'),
(4557, 'Tinlot'),
(4560, 'Bois-et-Borsu'),
(4560, 'Clavier'),
(4560, 'Les Avins'),
(4560, 'Ocquier'),
(4560, 'Pailhe'),
(4560, 'Terwagne'),
(4570, 'Marchin'),
(4570, 'Vyle-et-Tharoul'),
(4577, 'Modave'),
(4577, 'Outrelouxhe'),
(4577, 'Str?e-lez-Huy'),
(4577, 'Vierset-Barse'),
(4590, 'Ellemelle'),
(4590, 'Ouffet'),
(4590, 'Warz'),
(4600, 'Lanaye'),
(4600, 'Lixhe'),
(4600, 'Richelle'),
(4600, 'Vis'),
(4601, 'Argenteau'),
(4602, 'Cheratte'),
(4606, 'Saint-Andr'),
(4607, 'Berneau'),
(4607, 'Bombaye'),
(4607, 'Dalhem'),
(4607, 'Feneur'),
(4607, 'Mortroux'),
(4608, 'Neufch?teau '),
(4608, 'Warsage'),
(4610, 'Bellaire'),
(4610, 'Beyne-Heusay'),
(4610, 'Queue-du-Bois'),
(4620, 'Fl?ron'),
(4621, 'Retinne'),
(4623, 'Magn'),
(4624, 'Roms'),
(4630, 'Ayeneux'),
(4630, 'Micheroux'),
(4630, 'Soumagne'),
(4630, 'Tign'),
(4631, 'Evegn'),
(4632, 'C?rexhe-Heuseux'),
(4633, 'Melen'),
(4650, 'Chaineux'),
(4650, 'Grand-Rechain'),
(4650, 'Herve'),
(4650, 'Jul?mont'),
(4651, 'Battice'),
(4652, 'Xhendelesse'),
(4653, 'Bolland'),
(4654, 'Charneux'),
(4670, 'Bl?gny'),
(4670, 'Mortier'),
(4670, 'Trembleur'),
(4671, 'Barchon'),
(4671, 'Housse'),
(4671, 'Saive'),
(4672, 'Saint-Remy '),
(4680, 'Herm'),
(4680, 'Oupeye'),
(4681, 'Hermalle-sous-Argenteau'),
(4682, 'Heure-le-Romain'),
(4682, 'Houtain-Saint-Sim?on'),
(4683, 'Vivegnis'),
(4684, 'Haccourt'),
(4690, 'Bassenge'),
(4690, 'Boirs'),
(4690, 'Eben-Emael'),
(4690, 'Glons'),
(4690, 'Roclenge-sur-Geer'),
(4690, 'Wonck'),
(4700, 'Eupen'),
(4701, 'Kettenis'),
(4710, 'Lontzen'),
(4711, 'Walhorn'),
(4720, 'Kelmis'),
(4721, 'Neu-Moresnet'),
(4728, 'Hergenrath'),
(4730, 'Hauset'),
(4730, 'Raeren'),
(4731, 'Eynatten'),
(4750, 'B?tgenbach'),
(4750, 'Elsenborn'),
(4760, 'B?llingen'),
(4760, 'Manderfeld'),
(4761, 'Rocherath'),
(4770, 'Amel'),
(4770, 'Meyerode'),
(4771, 'Heppenbach'),
(4780, 'Recht'),
(4780, 'Sankt Vith'),
(4782, 'Sch?nberg'),
(4783, 'Lommersweiler'),
(4784, 'Crombach'),
(4790, 'Burg-Reuland'),
(4790, 'Reuland'),
(4791, 'Thommen'),
(4800, 'Ensival'),
(4800, 'Lambermont'),
(4800, 'Petit-Rechain'),
(4800, 'Verviers'),
(4801, 'Stembert'),
(4802, 'Heusy'),
(4820, 'Dison'),
(4821, 'Andrimont'),
(4830, 'Limbourg'),
(4831, 'Bilstain'),
(4834, 'Go'),
(4837, 'Baelen '),
(4837, 'Membach'),
(4840, 'Welkenraedt'),
(4841, 'Henri-Chapelle'),
(4845, 'Jalhay'),
(4845, 'Sart-lez-Spa'),
(4850, 'Montzen'),
(4850, 'Moresnet'),
(4850, 'Plombi?res'),
(4851, 'Gemmenich'),
(4851, 'Sippenaeken'),
(4852, 'Hombourg'),
(4860, 'Cornesse'),
(4860, 'Pepinster'),
(4860, 'Wegnez'),
(4861, 'Soiron'),
(4870, 'For'),
(4870, 'Fraipont'),
(4870, 'Nessonvaux'),
(4870, 'Trooz'),
(4877, 'Olne'),
(4880, 'Aubel'),
(4890, 'Clermont '),
(4890, 'Thimister'),
(4890, 'Thimister-Clermont'),
(4900, 'Spa'),
(4910, 'La Reid'),
(4910, 'Polleur'),
(4910, 'Theux'),
(4920, 'Aywaille'),
(4920, 'Ernonheid'),
(4920, 'Harz'),
(4920, 'Sougn?-Remouchamps'),
(4950, 'Faymonville'),
(4950, 'Robertville'),
(4950, 'Sourbrodt'),
(4950, 'Waimes/Weismes'),
(4960, 'Bellevaux-Ligneuville'),
(4960, 'Beverc'),
(4960, 'Malmedy'),
(4970, 'Francorchamps'),
(4970, 'Stavelot'),
(4980, 'Fosse '),
(4980, 'Trois-Ponts'),
(4980, 'Wanne'),
(4983, 'Basse-Bodeux'),
(4987, 'Chevron'),
(4987, 'La Gleize'),
(4987, 'Lorc'),
(4987, 'Rahier'),
(4987, 'Stoumont'),
(4990, 'Arbrefontaine'),
(4990, 'Bra'),
(4990, 'Lierneux'),
(5000, 'Beez'),
(5000, 'Namur'),
(5001, 'Belgrade'),
(5002, 'Saint-Servais'),
(5003, 'Saint-Marc'),
(5004, 'Bouge'),
(5020, 'Champion'),
(5020, 'Daussoulx'),
(5020, 'Flawinne'),
(5020, 'Malonne'),
(5020, 'Suarl'),
(5020, 'Temploux'),
(5020, 'Vedrin'),
(5021, 'Boninne'),
(5022, 'Cognel'),
(5024, 'Gelbress'),
(5024, 'Marche-les-Dames'),
(5030, 'Beuzet'),
(5030, 'Ernage'),
(5030, 'Gembloux'),
(5030, 'Grand-Manil'),
(5030, 'Lonz'),
(5030, 'Sauveni?re'),
(5031, 'Grand-Leez'),
(5032, 'Bossi?re'),
(5032, 'Bothey'),
(5032, 'Corroy-le-Ch?teau'),
(5032, 'Isnes'),
(5032, 'Mazy'),
(5060, 'Arsimont'),
(5060, 'Auvelais'),
(5060, 'Falisolle'),
(5060, 'Keumi'),
(5060, 'Moignel'),
(5060, 'Sambreville'),
(5060, 'Tamines'),
(5060, 'Velaine-sur-Sambre'),
(5070, 'Aisemont'),
(5070, 'Fosses-la-Ville'),
(5070, 'Le Roux'),
(5070, 'Sart-Eustache'),
(5070, 'Sart-Saint-Laurent'),
(5070, 'Vitrival'),
(5080, 'Emines'),
(5080, 'La Bruy?re'),
(5080, 'Rhisnes'),
(5080, 'Villers-lez-Heest'),
(5080, 'Warisoulx'),
(5081, 'Bovesse'),
(5081, 'Meux'),
(5081, 'Saint-Denis-Bovesse'),
(5100, 'Dave'),
(5100, 'Jambes'),
(5100, 'Naninne'),
(5100, 'W?pion'),
(5100, 'Wierde'),
(5101, 'Erpent'),
(5101, 'Lives-sur-Meuse'),
(5101, 'Loyers'),
(5140, 'Boign'),
(5140, 'Ligny'),
(5140, 'Sombreffe'),
(5140, 'Tongrinne'),
(5150, 'Floreffe'),
(5150, 'Floriffoux'),
(5150, 'Frani?re'),
(5150, 'Soye '),
(5170, 'Arbre '),
(5170, 'Bois-de-Villers'),
(5170, 'Lesve'),
(5170, 'Lustin'),
(5170, 'Profondeville'),
(5170, 'Rivi?re'),
(5190, 'Bal?tre'),
(5190, 'Ham-sur-Sambre'),
(5190, 'Jemeppe-sur-Sambre'),
(5190, 'Mornimont'),
(5190, 'Moustier-sur-Sambre'),
(5190, 'Onoz'),
(5190, 'Saint-Martin'),
(5190, 'Spy'),
(5300, 'Andenne'),
(5300, 'Bonneville'),
(5300, 'Coutisse'),
(5300, 'Landenne'),
(5300, 'Maizeret'),
(5300, 'Nam?che'),
(5300, 'Sclayn'),
(5300, 'Seilles'),
(5300, 'Thon'),
(5300, 'Vezin'),
(5310, 'Aische-en-Refail'),
(5310, 'Bolinne'),
(5310, 'Boneffe'),
(5310, 'Branchon'),
(5310, 'Dhuy'),
(5310, 'Eghez'),
(5310, 'Hanret'),
(5310, 'Leuze '),
(5310, 'Liernu'),
(5310, 'Longchamps '),
(5310, 'Mehaigne'),
(5310, 'Noville-sur-M?haigne'),
(5310, 'Saint-Germain'),
(5310, 'Taviers '),
(5310, 'Upigny'),
(5310, 'Waret-la-Chauss'),
(5330, 'Assesse'),
(5330, 'Maillen'),
(5330, 'Sart-Bernard'),
(5332, 'Crupet'),
(5333, 'Sorinne-la-Longue'),
(5334, 'Flor'),
(5336, 'Courri?re'),
(5340, 'Faulx-les-Tombes'),
(5340, 'Gesves'),
(5340, 'Haltinne'),
(5340, 'Mozet'),
(5340, 'Sor'),
(5350, 'Evelette'),
(5350, 'Ohey'),
(5351, 'Haillot'),
(5352, 'Perwez-Haillot'),
(5353, 'Goesnes'),
(5354, 'Jallet'),
(5360, 'Hamois'),
(5360, 'Natoye'),
(5361, 'Mohiville'),
(5361, 'Scy'),
(5362, 'Achet'),
(5363, 'Emptinne'),
(5364, 'Schaltin'),
(5370, 'Barvaux-Condroz'),
(5370, 'Flostoy'),
(5370, 'Havelange'),
(5370, 'Jeneffe '),
(5370, 'Porcheresse '),
(5370, 'Verl'),
(5372, 'M?an'),
(5374, 'Maffe'),
(5376, 'Mi?cret'),
(5377, 'Baillonville'),
(5377, 'Bonsin'),
(5377, 'Heure '),
(5377, 'Hogne'),
(5377, 'Nettinne'),
(5377, 'Noiseux'),
(5377, 'Sinsin'),
(5377, 'Somme-Leuze'),
(5377, 'Waillet'),
(5380, 'Bierwart'),
(5380, 'Cortil-Wodon'),
(5380, 'Fernelmont'),
(5380, 'Forville'),
(5380, 'Franc-Waret'),
(5380, 'Hemptinne '),
(5380, 'Hingeon'),
(5380, 'Marchovelette'),
(5380, 'Noville-les-Bois'),
(5380, 'Pontillas'),
(5380, 'Tillier'),
(5500, 'Anseremme'),
(5500, 'Bouvignes-sur-Meuse'),
(5500, 'Dinant'),
(5500, 'Dr?hance'),
(5500, 'Falmagne'),
(5500, 'Falmignoul'),
(5500, 'Furfooz'),
(5501, 'Lisogne'),
(5502, 'Thynes'),
(5503, 'Sorinnes'),
(5504, 'Foy-Notre-Dame'),
(5520, 'Anth'),
(5520, 'Onhaye'),
(5521, 'Serville'),
(5522, 'Fala'),
(5523, 'Sommi?re'),
(5523, 'Weillen'),
(5524, 'Gerin'),
(5530, 'Dorinne'),
(5530, 'Durnal'),
(5530, 'Evrehailles'),
(5530, 'Godinne'),
(5530, 'Houx'),
(5530, 'Mont '),
(5530, 'Purnode'),
(5530, 'Spontin'),
(5530, 'Yvoir'),
(5537, 'Anh'),
(5537, 'Annevoie-Rouillon'),
(5537, 'Bioul'),
(5537, 'Den'),
(5537, 'Haut-le-Wastia'),
(5537, 'Sosoye'),
(5537, 'Warnant'),
(5540, 'Hasti?re'),
(5540, 'Hasti?re-Lavaux'),
(5540, 'Hermeton-sur-Meuse'),
(5540, 'Waulsort'),
(5541, 'Hasti?re-par-Del'),
(5542, 'Blaimont'),
(5543, 'Heer'),
(5544, 'Agimont'),
(5550, 'Alle'),
(5550, 'Bagimont'),
(5550, 'Bohan'),
(5550, 'Chairi?re'),
(5550, 'Lafor'),
(5550, 'Membre'),
(5550, 'Mouzaive'),
(5550, 'Nafraiture'),
(5550, 'Orchimont'),
(5550, 'Pussemange'),
(5550, 'Sugny'),
(5550, 'Vresse-sur-Semois'),
(5555, 'Baillamont'),
(5555, 'Bellefontaine '),
(5555, 'Bi?vre'),
(5555, 'Cornimont'),
(5555, 'Graide'),
(5555, 'Gros-Fays'),
(5555, 'Monceau-en-Ardenne'),
(5555, 'Naom'),
(5555, 'Oizy'),
(5555, 'Petit-Fays'),
(5560, 'Ciergnon'),
(5560, 'Finnevaux'),
(5560, 'Houyet'),
(5560, 'Hulsonniaux'),
(5560, 'Mesnil-Eglise'),
(5560, 'Mesnil-Saint-Blaise'),
(5561, 'Celles'),
(5562, 'Custinne'),
(5563, 'Hour'),
(5564, 'Wanlin'),
(5570, 'Baronville'),
(5570, 'Beauraing'),
(5570, 'Dion'),
(5570, 'Felenne'),
(5570, 'Feschaux'),
(5570, 'Honnay'),
(5570, 'Javingue'),
(5570, 'Von?che'),
(5570, 'Wancennes'),
(5570, 'Winenne'),
(5571, 'Wiesme'),
(5572, 'Focant'),
(5573, 'Martouzin-Neuville'),
(5574, 'Pondr?me'),
(5575, 'Bourseigne-Neuve'),
(5575, 'Bourseigne-Vieille'),
(5575, 'Gedinne'),
(5575, 'Houdremont'),
(5575, 'Louette-Saint-Denis'),
(5575, 'Louette-Saint-Pierre'),
(5575, 'Malvoisin'),
(5575, 'Patignies'),
(5575, 'Rienne'),
(5575, 'Sart-Custinne'),
(5575, 'Vencimont'),
(5575, 'Willerzie'),
(5576, 'Froidfontaine'),
(5580, 'Ave-et-Auffe'),
(5580, 'Buissonville'),
(5580, 'Eprave'),
(5580, 'Han-sur-Lesse'),
(5580, 'Jemelle'),
(5580, 'Lavaux-Sainte-Anne'),
(5580, 'Lessive'),
(5580, 'Mont-Gauthier'),
(5580, 'Rochefort'),
(5580, 'Villers-sur-Lesse'),
(5580, 'Wavreille'),
(5590, 'Ach?ne'),
(5590, 'Braibant'),
(5590, 'Chevetogne'),
(5590, 'Ciney'),
(5590, 'Conneux'),
(5590, 'Haversin'),
(5590, 'Leignon'),
(5590, 'Pessoux'),
(5590, 'Serinchamps'),
(5590, 'Sovet'),
(5600, 'Fagnolle'),
(5600, 'Franchimont'),
(5600, 'Jamagne'),
(5600, 'Jamiolle'),
(5600, 'Merlemont'),
(5600, 'Neuville'),
(5600, 'Omez'),
(5600, 'Philippeville'),
(5600, 'Roly'),
(5600, 'Romedenne'),
(5600, 'Samart'),
(5600, 'Sart-en-Fagne'),
(5600, 'Sautour'),
(5600, 'Surice'),
(5600, 'Villers-en-Fagne'),
(5600, 'Villers-le-Gambon'),
(5600, 'Vodec'),
(5620, 'Corenne'),
(5620, 'Flavion'),
(5620, 'Florennes'),
(5620, 'Hemptinne-lez-Florennes'),
(5620, 'Morville'),
(5620, 'Ros'),
(5620, 'Saint-Aubin'),
(5621, 'Hanzinelle'),
(5621, 'Hanzinne'),
(5621, 'Morialm'),
(5621, 'Thy-le-Bauduin'),
(5630, 'Cerfontaine'),
(5630, 'Daussois'),
(5630, 'Senzeille'),
(5630, 'Silenrieux'),
(5630, 'Soumoy'),
(5630, 'Villers-Deux-Eglises'),
(5640, 'Biesme'),
(5640, 'Biesmer'),
(5640, 'Graux'),
(5640, 'Mettet'),
(5640, 'Oret'),
(5640, 'Saint-G?rard'),
(5641, 'Furnaux'),
(5644, 'Ermeton-sur-Biert'),
(5646, 'Stave'),
(5650, 'Castillon'),
(5650, 'Chastr'),
(5650, 'Clermont '),
(5650, 'Fontenelle'),
(5650, 'Fraire'),
(5650, 'Pry'),
(5650, 'Vogen'),
(5650, 'Walcourt'),
(5650, 'Yves-Gomez'),
(5651, 'Berz'),
(5651, 'Gourdinne'),
(5651, 'Laneffe'),
(5651, 'Rogn'),
(5651, 'Somz'),
(5651, 'Tarcienne'),
(5651, 'Thy-le-Ch?teau'),
(5660, 'Aublain'),
(5660, 'Boussu-en-Fagne'),
(5660, 'Br?ly'),
(5660, 'Br?ly-de-Pesche'),
(5660, 'Couvin'),
(5660, 'Cul-des-Sarts'),
(5660, 'Dailly'),
(5660, 'Frasnes '),
(5660, 'Gonrieux'),
(5660, 'Mariembourg'),
(5660, 'Pesche'),
(5660, 'Petigny'),
(5660, 'Petite-Chapelle'),
(5660, 'Presgaux'),
(5670, 'Dourbes'),
(5670, 'Le Mesnil'),
(5670, 'Maz'),
(5670, 'Nismes'),
(5670, 'Oignies-en-Thi?rache'),
(5670, 'Olloy-sur-Viroin'),
(5670, 'Treignes'),
(5670, 'Vierves-sur-Viroin'),
(5670, 'Viroinval'),
(5680, 'Doische'),
(5680, 'Gimn'),
(5680, 'Gochen'),
(5680, 'Matagne-la-Grande'),
(5680, 'Matagne-la-Petite'),
(5680, 'Niverl'),
(5680, 'Romer'),
(5680, 'Soulme'),
(5680, 'Vaucelles'),
(5680, 'Vodel'),
(6000, 'Charleroi'),
(6001, 'Marcinelle'),
(6010, 'Couillet'),
(6020, 'Dampremy'),
(6030, 'Goutroux'),
(6030, 'Marchienne-au-Pont'),
(6031, 'Monceau-sur-Sambre'),
(6032, 'Mont-sur-Marchienne'),
(6040, 'Jumet'),
(6041, 'Gosselies'),
(6042, 'Lodelinsart'),
(6043, 'Ransart'),
(6044, 'Roux'),
(6060, 'Gilly'),
(6061, 'Montignies-sur-Sambre'),
(6110, 'Montigny-le-Tilleul'),
(6111, 'Landelies'),
(6120, 'Cour-sur-Heure'),
(6120, 'Ham-sur-Heure'),
(6120, 'Ham-sur-Heure-Nalinnes'),
(6120, 'Jamioulx'),
(6120, 'Marbaix '),
(6120, 'Nalinnes'),
(6140, 'Fontaine-l''Ev?que'),
(6141, 'Forchies-la-Marche'),
(6142, 'Leernes'),
(6150, 'Anderlues'),
(6180, 'Courcelles'),
(6181, 'Gouy-lez-Pi?ton'),
(6182, 'Souvret'),
(6183, 'Trazegnies'),
(6200, 'Bouffioulx'),
(6200, 'Ch?telet'),
(6200, 'Ch?telineau'),
(6210, 'Frasnes-lez-Gosselies'),
(6210, 'Les Bons Villers'),
(6210, 'R?ves'),
(6210, 'Villers-Perwin'),
(6210, 'Wayaux'),
(6211, 'Mellet'),
(6220, 'Fleurus'),
(6220, 'Heppignies'),
(6220, 'Lambusart'),
(6220, 'Wangenies'),
(6221, 'Saint-Amand'),
(6222, 'Brye'),
(6223, 'Wagnel'),
(6224, 'Wanferc?e-Baulet'),
(6230, 'Buzet'),
(6230, 'Obaix'),
(6230, 'Pont-?-Celles'),
(6230, 'Thim?on'),
(6230, 'Viesville'),
(6238, 'Liberchies'),
(6238, 'Luttre'),
(6240, 'Farciennes'),
(6240, 'Pironchamps'),
(6250, 'Aiseau'),
(6250, 'Aiseau-Presles'),
(6250, 'Pont-de-Loup'),
(6250, 'Presles'),
(6250, 'Roselies'),
(6280, 'Acoz'),
(6280, 'Gerpinnes'),
(6280, 'Gougnies'),
(6280, 'Joncret'),
(6280, 'Loverval'),
(6280, 'Villers-Poterie'),
(6440, 'Boussu-lez-Walcourt'),
(6440, 'Fourbechies'),
(6440, 'Froidchapelle'),
(6440, 'Vergnies'),
(6441, 'Erpion'),
(6460, 'Baili?vre'),
(6460, 'Chimay'),
(6460, 'Robechies'),
(6460, 'Saint-Remy '),
(6460, 'Salles'),
(6460, 'Villers-la-Tour'),
(6461, 'Virelles'),
(6462, 'Vaulx-lez-Chimay'),
(6463, 'Lompret'),
(6464, 'Baileux'),
(6464, 'Bourlers'),
(6464, 'Forges'),
(6464, 'l''Escaill?re'),
(6464, 'Ri?zes'),
(6470, 'Grandrieu'),
(6470, 'Montbliart'),
(6470, 'Rance'),
(6470, 'Sautin'),
(6470, 'Sivry'),
(6470, 'Sivry-Rance'),
(6500, 'Barben?on'),
(6500, 'Beaumont'),
(6500, 'Leugnies'),
(6500, 'Leval-Chaudeville'),
(6500, 'Renlies'),
(6500, 'Solre-Saint-G?ry'),
(6500, 'Thirimont'),
(6511, 'Str?e '),
(6530, 'Leers-et-Fosteau'),
(6530, 'Thuin'),
(6531, 'Biesme-sous-Thuin'),
(6532, 'Ragnies'),
(6533, 'Bierc'),
(6534, 'Goz'),
(6536, 'Donstiennes'),
(6536, 'Thuillies'),
(6540, 'Lobbes'),
(6540, 'Mont-Sainte-Genevi?ve'),
(6542, 'Sars-la-Buissi?re'),
(6543, 'Bienne-lez-Happart'),
(6560, 'Bersillies-l''Abbaye'),
(6560, 'Erquelinnes'),
(6560, 'Grand-Reng'),
(6560, 'Hantes-Wih?ries'),
(6560, 'Montignies-Saint-Christophe'),
(6560, 'Solre-sur-Sambre'),
(6567, 'Fontaine-Valmont'),
(6567, 'Labuissi?re'),
(6567, 'Merbes-le-Ch?teau'),
(6567, 'Merbes-Sainte-Marie'),
(6590, 'Momignies'),
(6591, 'Macon'),
(6592, 'Monceau-Imbrechies'),
(6593, 'Macquenoise'),
(6594, 'Beauwelz'),
(6596, 'Forges-Philippe'),
(6596, 'Seloignes'),
(6600, 'Bastogne'),
(6600, 'Longvilly'),
(6600, 'Noville '),
(6600, 'Villers-la-Bonne-Eau'),
(6600, 'Wardin'),
(6630, 'Martelange'),
(6637, 'Fauvillers'),
(6637, 'Hollange'),
(6637, 'Tintange'),
(6640, 'Hompr'),
(6640, 'Morhet'),
(6640, 'Nives'),
(6640, 'Sibret'),
(6640, 'Vaux-lez-Rosi?res'),
(6640, 'Vaux-sur-S?re'),
(6642, 'Juseret'),
(6660, 'Houffalize'),
(6660, 'Nadrin'),
(6661, 'Mont '),
(6661, 'Tailles'),
(6662, 'Tavigny'),
(6663, 'Mabompr'),
(6666, 'Wibrin'),
(6670, 'Gouvy'),
(6670, 'Limerl'),
(6671, 'Bovigny'),
(6672, 'Beho'),
(6673, 'Cherain'),
(6674, 'Montleban'),
(6680, 'Amberloup'),
(6680, 'Sainte-Ode'),
(6680, 'Tillet'),
(6681, 'Lavacherie'),
(6686, 'Flamierge'),
(6687, 'Bertogne'),
(6688, 'Longchamps '),
(6690, 'Bihain'),
(6690, 'Vielsalm'),
(6692, 'Petit-Thier'),
(6698, 'Grand-Halleux'),
(6700, 'Arlon'),
(6700, 'Bonnert'),
(6700, 'Heinsch'),
(6700, 'Toernich'),
(6704, 'Guirsch'),
(6706, 'Autelbas'),
(6717, 'Attert'),
(6717, 'Nobressart'),
(6717, 'Nothomb'),
(6717, 'Thiaumont'),
(6717, 'Tontelange'),
(6720, 'Habay'),
(6720, 'Habay-la-Neuve'),
(6720, 'Hachy'),
(6721, 'Anlier'),
(6723, 'Habay-la-Vieille'),
(6724, 'Houdemont'),
(6724, 'Marbehan '),
(6724, 'Rulles'),
(6730, 'Bellefontaine '),
(6730, 'Rossignol'),
(6730, 'Saint-Vincent'),
(6730, 'Tintigny'),
(6740, 'Etalle'),
(6740, 'Sainte-Marie-sur-Semois'),
(6740, 'Villers-sur-Semois'),
(6741, 'Vance'),
(6742, 'Chantemelle'),
(6743, 'Buzenol'),
(6747, 'Ch?tillon'),
(6747, 'Meix-le-Tige'),
(6747, 'Saint-L?ger '),
(6750, 'Musson'),
(6750, 'Mussy-la-Ville'),
(6750, 'Signeulx'),
(6760, 'Bleid'),
(6760, 'Ethe'),
(6760, 'Ruette'),
(6760, 'Virton'),
(6761, 'Latour'),
(6762, 'Saint-Mard'),
(6767, 'Dampicourt'),
(6767, 'Harnoncourt'),
(6767, 'Lamorteau'),
(6767, 'Rouvroy'),
(6767, 'Torgny'),
(6769, 'G?rouville'),
(6769, 'Meix-devant-Virton'),
(6769, 'Robelmont'),
(6769, 'Sommethonne'),
(6769, 'Villers-la-Loue'),
(6780, 'Hondelange'),
(6780, 'Messancy'),
(6780, 'Wolkrange'),
(6781, 'S?lange'),
(6782, 'Habergy'),
(6790, 'Aubange'),
(6791, 'Athus'),
(6792, 'Halanzy'),
(6792, 'Rachecourt'),
(6800, 'Bras'),
(6800, 'Freux'),
(6800, 'Libramont'),
(6800, 'Libramont-Chevigny'),
(6800, 'Moircy'),
(6800, 'Recogne'),
(6800, 'Remagne'),
(6800, 'Saint-Pierre'),
(6800, 'Sainte-Marie-Chevigny'),
(6810, 'Chiny'),
(6810, 'Izel'),
(6810, 'Jamoigne'),
(6811, 'Les Bulles'),
(6812, 'Suxy'),
(6813, 'Termes'),
(6820, 'Florenville'),
(6820, 'Fontenoille'),
(6820, 'Muno'),
(6820, 'Sainte-C?cile'),
(6821, 'Lacuisine'),
(6823, 'Villers-devant-Orval'),
(6824, 'Chassepierre'),
(6830, 'Bouillon'),
(6830, 'Les Hayons'),
(6830, 'Poupehan'),
(6830, 'Rochehaut'),
(6831, 'Noirefontaine'),
(6832, 'Sensenruth'),
(6833, 'Ucimont'),
(6833, 'Vivy'),
(6834, 'Bellevaux'),
(6836, 'Dohan'),
(6838, 'Corbion'),
(6840, 'Grandvoir'),
(6840, 'Grapfontaine'),
(6840, 'Hamipr'),
(6840, 'Longlier'),
(6840, 'Neufch?teau'),
(6840, 'Tournay'),
(6850, 'Carlsbourg'),
(6850, 'Offagne'),
(6850, 'Paliseul'),
(6851, 'Nollevaux'),
(6852, 'Maissin'),
(6852, 'Opont'),
(6853, 'Framont'),
(6856, 'Fays-les-Veneurs'),
(6860, 'Assenois'),
(6860, 'Ebly'),
(6860, 'L?glise'),
(6860, 'Mellier'),
(6860, 'Witry'),
(6870, 'Arville'),
(6870, 'Awenne'),
(6870, 'Hatrival'),
(6870, 'Mirwart'),
(6870, 'Saint-Hubert'),
(6870, 'Vesqueville'),
(6880, 'Auby-sur-Semois'),
(6880, 'Bertrix'),
(6880, 'Cugnon'),
(6880, 'Jehonville'),
(6880, 'Orgeo'),
(6887, 'Herbeumont'),
(6887, 'Saint-M?dard'),
(6887, 'Straimont'),
(6890, 'Anloy'),
(6890, 'Libin'),
(6890, 'Ochamps'),
(6890, 'Redu'),
(6890, 'Smuid'),
(6890, 'Transinne'),
(6890, 'Villance'),
(6900, 'Aye'),
(6900, 'Hargimont'),
(6900, 'Humain'),
(6900, 'Marche-en-Famenne'),
(6900, 'On'),
(6900, 'Roy'),
(6900, 'Waha'),
(6920, 'Sohier'),
(6920, 'Wellin'),
(6921, 'Chanly'),
(6922, 'Halma'),
(6924, 'Lomprez'),
(6927, 'Bure'),
(6927, 'Grupont'),
(6927, 'Resteigne'),
(6927, 'Tellin'),
(6929, 'Daverdisse'),
(6929, 'Gembes'),
(6929, 'Haut-Fays'),
(6929, 'Porcheresse '),
(6940, 'Barvaux-sur-Ourthe'),
(6940, 'Durbuy'),
(6940, 'Grandhan'),
(6940, 'Septon'),
(6940, 'W?ris'),
(6941, 'Bende'),
(6941, 'Bomal-sur-Ourthe'),
(6941, 'Borlon'),
(6941, 'Heyd'),
(6941, 'Izier'),
(6941, 'Tohogne'),
(6941, 'Villers-Sainte-Gertrude'),
(6950, 'Harsin'),
(6950, 'Nassogne'),
(6951, 'Bande'),
(6952, 'Grune'),
(6953, 'Ambly'),
(6953, 'Forri?res'),
(6953, 'Lesterny'),
(6953, 'Masbourg'),
(6960, 'Dochamps'),
(6960, 'Grandmenil'),
(6960, 'Harre'),
(6960, 'Malempr'),
(6960, 'Manhay'),
(6960, 'Odeigne'),
(6960, 'Vaux-Chavanne'),
(6970, 'Tenneville'),
(6971, 'Champlon'),
(6972, 'Erneuville'),
(6980, 'Beausaint'),
(6980, 'La-Roche-en-Ardenne'),
(6982, 'Samr'),
(6983, 'Ortho'),
(6984, 'Hives'),
(6986, 'Halleux'),
(6987, 'Beffe'),
(6987, 'Hodister'),
(6987, 'Marcourt'),
(6987, 'Rendeux'),
(6990, 'Fronville'),
(6990, 'Hampteau'),
(6990, 'Hotton'),
(6990, 'Marenne'),
(6997, 'Amonines'),
(6997, 'Erez'),
(6997, 'Mormont'),
(6997, 'Soy'),
(7000, 'Mons'),
(7011, 'Ghlin'),
(7012, 'Fl?nu'),
(7012, 'Jemappes'),
(7020, 'Maisi?res'),
(7020, 'Nimy'),
(7021, 'Havr'),
(7022, 'Harmignies'),
(7022, 'Harveng'),
(7022, 'Hyon'),
(7022, 'Mesvin'),
(7022, 'Nouvelles'),
(7024, 'Ciply'),
(7030, 'Saint-Symphorien'),
(7031, 'Villers-Saint-Ghislain'),
(7032, 'Spiennes'),
(7033, 'Cuesmes'),
(7034, 'Obourg'),
(7034, 'Saint-Denis '),
(7040, 'Asquillies'),
(7040, 'Aulnois'),
(7040, 'Blaregnies'),
(7040, 'Bougnies'),
(7040, 'Genly'),
(7040, 'Goegnies-Chauss'),
(7040, 'Qu?vy'),
(7040, 'Qu?vy-le-Grand'),
(7040, 'Qu?vy-le-Petit'),
(7041, 'Givry'),
(7041, 'Havay'),
(7050, 'Erbaut'),
(7050, 'Erbisoeul'),
(7050, 'Herchies'),
(7050, 'Jurbise'),
(7050, 'Masnuy-Saint-Jean '),
(7050, 'Masnuy-Saint-Pierre'),
(7060, 'Horrues'),
(7060, 'Soignies'),
(7061, 'Casteau '),
(7061, 'Thieusies'),
(7062, 'Naast'),
(7063, 'Chauss?e-Notre-Dame-Louvignies'),
(7063, 'Neufvilles'),
(7070, 'Gottignies'),
(7070, 'Le Roeulx'),
(7070, 'Mignault'),
(7070, 'Thieu'),
(7070, 'Ville-sur-Haine '),
(7080, 'Eugies '),
(7080, 'Frameries'),
(7080, 'La Bouverie'),
(7080, 'Noirchain'),
(7080, 'Sars-la-Bruy?re'),
(7090, 'Braine-le-Comte'),
(7090, 'Hennuy?res'),
(7090, 'Henripont'),
(7090, 'Petit-Roeulx-lez-Braine'),
(7090, 'Ronqui?res'),
(7090, 'Steenkerque '),
(7100, 'Haine-Saint-Paul'),
(7100, 'Haine-Saint-Pierre'),
(7100, 'La Louvi?re'),
(7100, 'Saint-Vaast'),
(7100, 'Trivi?res'),
(7110, 'Boussoit'),
(7110, 'Houdeng-Aimeries'),
(7110, 'Houdeng-Goegnies'),
(7110, 'Maurage'),
(7110, 'Str?py-Bracquegnies'),
(7120, 'Croix-lez-Rouveroy'),
(7120, 'Estinnes'),
(7120, 'Estinnes-au-Mont'),
(7120, 'Estinnes-au-Val'),
(7120, 'Fauroeulx'),
(7120, 'Haulchin'),
(7120, 'Peissant'),
(7120, 'Rouveroy '),
(7120, 'Vellereille-le-Sec'),
(7120, 'Vellereille-les-Brayeux'),
(7130, 'Battignies'),
(7130, 'Binche'),
(7130, 'Bray'),
(7131, 'Waudrez'),
(7133, 'Buvrinnes'),
(7134, 'Epinois'),
(7134, 'Leval-Trahegnies'),
(7134, 'P?ronnes-lez-Binche'),
(7134, 'Ressaix'),
(7140, 'Morlanwelz'),
(7140, 'Morlanwelz-Mariemont'),
(7141, 'Carni?res'),
(7141, 'Mont-Sainte-Aldegonde'),
(7160, 'Chapelle-lez-Herlaimont'),
(7160, 'Godarville'),
(7160, 'Pi?ton'),
(7170, 'Bellecourt'),
(7170, 'Bois-d''Haine'),
(7170, 'Fayt-lez-Manage'),
(7170, 'La Hestre'),
(7170, 'Manage'),
(7180, 'Seneffe'),
(7181, 'Arquennes'),
(7181, 'Familleureux'),
(7181, 'Feluy'),
(7181, 'Petit-Roeulx-lez-Nivelles'),
(7190, 'Ecaussinnes'),
(7190, 'Ecaussinnes-d''Enghien'),
(7190, 'Marche-lez-Ecaussinnes'),
(7191, 'Ecaussinnes-Lalaing'),
(7300, 'Boussu'),
(7301, 'Hornu'),
(7320, 'Bernissart'),
(7321, 'Blaton'),
(7321, 'Harchies'),
(7322, 'Pommeroeul'),
(7322, 'Ville-Pommeroeul'),
(7330, 'Saint-Ghislain'),
(7331, 'Baudour'),
(7332, 'Neufmaison'),
(7332, 'Sirault'),
(7333, 'Tertre'),
(7334, 'Hautrage'),
(7334, 'Villerot'),
(7340, 'Colfontaine'),
(7340, 'Paturages'),
(7340, 'Warquignies'),
(7340, 'Wasmes'),
(7350, 'Hainin'),
(7350, 'Hensies'),
(7350, 'Montroeul-sur-Haine'),
(7350, 'Thulin'),
(7370, 'Blaugies'),
(7370, 'Dour'),
(7370, 'Elouges'),
(7370, 'Wih?ries'),
(7380, 'Baisieux'),
(7380, 'Qui?vrain'),
(7382, 'Audregnies'),
(7387, 'Angre'),
(7387, 'Angreau'),
(7387, 'Athis'),
(7387, 'Autreppe'),
(7387, 'Erquennes'),
(7387, 'Fayt-le-Franc'),
(7387, 'Honnelles'),
(7387, 'Marchipont'),
(7387, 'Montignies-sur-Roc'),
(7387, 'Onnezies'),
(7387, 'Roisin'),
(7390, 'Quaregnon'),
(7390, 'Wasmuel'),
(7500, 'Ere'),
(7500, 'Saint-Maur'),
(7500, 'Tournai'),
(7501, 'Orcq'),
(7502, 'Esplechin'),
(7503, 'Froyennes'),
(7504, 'Froidmont'),
(7506, 'Willemeau'),
(7520, 'Ramegnies-Chin'),
(7520, 'Templeuve'),
(7521, 'Chercq'),
(7522, 'Blandain'),
(7522, 'Hertain'),
(7522, 'Lamain'),
(7522, 'Marquain'),
(7530, 'Gaurain-Ramecroix'),
(7531, 'Havinnes'),
(7532, 'Beclers'),
(7533, 'Thimougies'),
(7534, 'Barry'),
(7534, 'Maulde'),
(7536, 'Vaulx'),
(7538, 'Vezon'),
(7540, 'Kain'),
(7540, 'Melles'),
(7540, 'Quartes'),
(7540, 'Rumillies'),
(7542, 'Mont-Saint-Aubert'),
(7543, 'Mourcourt'),
(7548, 'Warchin'),
(7600, 'P?ruwelz'),
(7601, 'Roucourt'),
(7602, 'Bury'),
(7603, 'Bon-Secours'),
(7604, 'Baugnies'),
(7604, 'Braffe'),
(7604, 'Brasmenil'),
(7604, 'Callenelle'),
(7604, 'Wasmes-Audemez-Briffoeil'),
(7608, 'Wiers'),
(7610, 'Rumes'),
(7611, 'La Glanerie'),
(7618, 'Taintignies'),
(7620, 'Bl?haries'),
(7620, 'Brunehaut'),
(7620, 'Guignies'),
(7620, 'Hollain'),
(7620, 'Jollain-Merlin'),
(7620, 'Wez-Velvain'),
(7621, 'Lesdain'),
(7622, 'Laplaigne'),
(7623, 'Rongy'),
(7624, 'Howardries'),
(7640, 'Antoing'),
(7640, 'Maubray'),
(7640, 'P?ronnes-lez-Antoing'),
(7641, 'Bruyelle'),
(7642, 'Calonne'),
(7643, 'Fontenoy'),
(7700, 'Luingne'),
(7700, 'Mouscron'),
(7711, 'Dottignies'),
(7712, 'Herseaux'),
(7730, 'Bailleul'),
(7730, 'Estaimbourg'),
(7730, 'Estaimpuis'),
(7730, 'Evregnies'),
(7730, 'Leers-Nord'),
(7730, 'N?chin'),
(7730, 'Saint-L?ger '),
(7740, 'Pecq'),
(7740, 'Warcoing'),
(7742, 'H?rinnes-lez-Pecq'),
(7743, 'Esquelmes'),
(7743, 'Obigies'),
(7750, 'Amougies'),
(7750, 'Anseroeul'),
(7750, 'Mont-de-l''Enclus'),
(7750, 'Orroir'),
(7750, 'Russeignies'),
(7760, 'Celles '),
(7760, 'Escanaffles'),
(7760, 'Molenbaix'),
(7760, 'Popuelles'),
(7760, 'Pottes'),
(7760, 'Velaines'),
(7780, 'Comines'),
(7780, 'Comines-Warneton'),
(7781, 'Houthem '),
(7782, 'Ploegsteert'),
(7783, 'Bizet'),
(7784, 'Bas-Warneton'),
(7784, 'Warneton'),
(7800, 'Ath'),
(7800, 'Lanquesaint'),
(7801, 'Irchonwelz'),
(7802, 'Ormeignies'),
(7803, 'Bouvignies'),
(7804, 'Ostiches'),
(7804, 'Rebaix'),
(7810, 'Maffle'),
(7811, 'Arbre '),
(7812, 'Houtaing'),
(7812, 'Ligne'),
(7812, 'Mainvault'),
(7812, 'Moulbaix'),
(7812, 'Villers-Notre-Dame'),
(7812, 'Villers-Saint-Amand'),
(7822, 'Ghislenghien'),
(7822, 'Isi?res'),
(7822, 'Meslin-l''Ev?que'),
(7823, 'Gibecq'),
(7830, 'Bassilly'),
(7830, 'Fouleng'),
(7830, 'Gondregnies'),
(7830, 'Graty'),
(7830, 'Hellebecq'),
(7830, 'Hoves '),
(7830, 'Silly'),
(7830, 'Thoricourt'),
(7850, 'Enghien'),
(7850, 'Marcq'),
(7850, 'Petit-Enghien'),
(7860, 'Lessines'),
(7861, 'Papignies'),
(7861, 'Wannebecq'),
(7862, 'Ogy'),
(7863, 'Ghoy'),
(7864, 'Deux-Acren'),
(7866, 'Bois-de-Lessines'),
(7866, 'Ollignies'),
(7870, 'Bauffe'),
(7870, 'Cambron-Saint-Vincent'),
(7870, 'Lens'),
(7870, 'Lombise'),
(7870, 'Montignies-lez-Lens'),
(7880, 'Flobecq'),
(7890, 'Ellezelles'),
(7890, 'Lahamaide'),
(7890, 'Wodecq'),
(7900, 'Grandmetz'),
(7900, 'Leuze-en-Hainaut'),
(7901, 'Thieulain'),
(7903, 'Blicquy'),
(7903, 'Chapelle-?-Oie'),
(7903, 'Chapelle-?-Wattines'),
(7904, 'Pipaix'),
(7904, 'Tourpes'),
(7904, 'Willaupuis'),
(7906, 'Gallaix'),
(7910, 'Anvaing'),
(7910, 'Arc-Aini?res'),
(7910, 'Arc-Wattripont'),
(7910, 'Cordes'),
(7910, 'Ellignies-lez-Frasnes'),
(7910, 'Forest '),
(7910, 'Frasnes-lez-Anvaing'),
(7910, 'Wattripont'),
(7911, 'Buissenal'),
(7911, 'Frasnes-lez-Buissenal'),
(7911, 'Hacquegnies'),
(7911, 'Herquegies'),
(7911, 'Montroeul-au-Bois'),
(7911, 'Moustier '),
(7911, 'Oeudeghien'),
(7912, 'Dergneau'),
(7912, 'Saint-Sauveur'),
(7940, 'Brugelette'),
(7940, 'Cambron-Casteau'),
(7941, 'Attre'),
(7942, 'M?vergnies-lez-Lens'),
(7943, 'Gages'),
(7950, 'Chi?vres'),
(7950, 'Grosage'),
(7950, 'Huissignies'),
(7950, 'Ladeuze'),
(7950, 'Tongre-Saint-Martin'),
(7951, 'Tongre-Notre-Dame'),
(7970, 'Beloeil'),
(7971, 'Bas?cles'),
(7971, 'Ramegnies'),
(7971, 'Thumaide'),
(7971, 'Wadelincourt'),
(7972, 'Aubechies'),
(7972, 'Ellignies-Sainte-Anne'),
(7972, 'Quevaucamps'),
(7973, 'Grandglise'),
(7973, 'Stambruges'),
(8000, 'Brugge'),
(8000, 'Koolkerke'),
(8020, 'Hertsberge'),
(8020, 'Oostkamp'),
(8020, 'Ruddervoorde'),
(8020, 'Waardamme'),
(8200, 'Sint-Andries'),
(8200, 'Sint-Michiels'),
(8210, 'Loppem'),
(8210, 'Veldegem'),
(8210, 'Zedelgem'),
(8211, 'Aartrijke'),
(8300, 'Knokke'),
(8300, 'Knokke-Heist'),
(8300, 'Westkapelle'),
(8301, 'Heist-aan-Zee'),
(8301, 'Ramskapelle'),
(8310, 'Assebroek'),
(8310, 'Sint-Kruis'),
(8340, 'Damme'),
(8340, 'Hoeke'),
(8340, 'Lapscheure'),
(8340, 'Moerkerke'),
(8340, 'Oostkerke '),
(8340, 'Sijsele'),
(8370, 'Blankenberge'),
(8370, 'Uitkerke'),
(8377, 'Houtave'),
(8377, 'Meetkerke'),
(8377, 'Nieuwmunster'),
(8377, 'Zuienkerke'),
(8380, 'Dudzele'),
(8380, 'Lissewege'),
(8380, 'Zeebrugge'),
(8400, 'Oostende'),
(8400, 'Stene'),
(8400, 'Zandvoorde '),
(8420, 'De Haan'),
(8420, 'Klemskerke'),
(8420, 'Wenduine'),
(8421, 'Vlissegem'),
(8430, 'Middelkerke'),
(8431, 'Wilskerke'),
(8432, 'Leffinge'),
(8433, 'Mannekensvere'),
(8433, 'Schore'),
(8433, 'Sint-Pieters-Kapelle '),
(8433, 'Slijpe'),
(8433, 'Spermalie'),
(8434, 'Lombardsijde'),
(8434, 'Westende'),
(8450, 'Bredene'),
(8460, 'Ettelgem'),
(8460, 'Oudenburg'),
(8460, 'Roksem'),
(8460, 'Westkerke'),
(8470, 'Gistel'),
(8470, 'Moere'),
(8470, 'Snaaskerke'),
(8470, 'Zevekote'),
(8480, 'Bekegem'),
(8480, 'Eernegem'),
(8480, 'Ichtegem'),
(8490, 'Jabbeke'),
(8490, 'Snellegem'),
(8490, 'Stalhille'),
(8490, 'Varsenare'),
(8490, 'Zerkegem'),
(8500, 'Kortrijk'),
(8501, 'Bissegem'),
(8501, 'Heule'),
(8510, 'Bellegem'),
(8510, 'Kooigem'),
(8510, 'Marke'),
(8510, 'Rollegem'),
(8511, 'Aalbeke'),
(8520, 'Kuurne'),
(8530, 'Harelbeke'),
(8531, 'Bavikhove'),
(8531, 'Hulste'),
(8540, 'Deerlijk'),
(8550, 'Zwevegem'),
(8551, 'Heestert'),
(8552, 'Moen'),
(8553, 'Otegem'),
(8554, 'Sint-Denijs'),
(8560, 'Gullegem'),
(8560, 'Moorsele'),
(8560, 'Wevelgem'),
(8570, 'Anzegem'),
(8570, 'Gijzelbrechtegem'),
(8570, 'Ingooigem'),
(8570, 'Vichte'),
(8572, 'Kaster'),
(8573, 'Tiegem'),
(8580, 'Avelgem'),
(8581, 'Kerkhove'),
(8581, 'Waarmaarde'),
(8582, 'Outrijve'),
(8583, 'Bossuit'),
(8587, 'Helkijn'),
(8587, 'Spiere'),
(8587, 'Spiere-Helkijn'),
(8600, 'Beerst'),
(8600, 'Diksmuide'),
(8600, 'Driekapellen'),
(8600, 'Esen'),
(8600, 'Kaaskerke'),
(8600, 'Keiem'),
(8600, 'Lampernisse'),
(8600, 'Leke'),
(8600, 'Nieuwkapelle'),
(8600, 'Oostkerke '),
(8600, 'Oudekapelle'),
(8600, 'Pervijze'),
(8600, 'Sint-Jacobs-Kapelle'),
(8600, 'Stuivekenskerke'),
(8600, 'Vladslo'),
(8600, 'Woumen'),
(8610, 'Handzame'),
(8610, 'Kortemark'),
(8610, 'Werken'),
(8610, 'Zarren'),
(8620, 'Nieuwpoort'),
(8620, 'Ramskapelle '),
(8620, 'Sint-Joris '),
(8630, 'Avekapelle'),
(8630, 'Beauvoorde'),
(8630, 'Booitshoeke'),
(8630, 'Bulskamp'),
(8630, 'De Moeren'),
(8630, 'Eggewaartskapelle'),
(8630, 'Houtem '),
(8630, 'Steenkerke '),
(8630, 'Veurne'),
(8630, 'Vinkem'),
(8630, 'Wulveringem'),
(8630, 'Zoutenaaie'),
(8640, 'Oostvleteren'),
(8640, 'Vleteren'),
(8640, 'Westvleteren'),
(8640, 'Woesten'),
(8647, 'Lo'),
(8647, 'Lo-Reninge'),
(8647, 'Noordschote'),
(8647, 'Pollinkhove'),
(8647, 'Reninge'),
(8650, 'Houthulst'),
(8650, 'Klerken'),
(8650, 'Merkem'),
(8660, 'Adinkerke'),
(8660, 'De Panne'),
(8670, 'Koksijde'),
(8670, 'Oostduinkerke'),
(8670, 'Wulpen'),
(8680, 'Bovekerke'),
(8680, 'Koekelare'),
(8680, 'Zande'),
(8690, 'Alveringem'),
(8690, 'Hoogstade'),
(8690, 'Oeren'),
(8690, 'Sint-Rijkers'),
(8691, 'Beveren-aan-den-Ijzer'),
(8691, 'Gijverinkhove'),
(8691, 'Izenberge'),
(8691, 'Leisele'),
(8691, 'Stavele'),
(8700, 'Aarsele'),
(8700, 'Kanegem'),
(8700, 'Schuiferskapelle'),
(8700, 'Tielt'),
(8710, 'Ooigem'),
(8710, 'Sint-Baafs-Vijve'),
(8710, 'Wielsbeke'),
(8720, 'Dentergem'),
(8720, 'Markegem'),
(8720, 'Oeselgem'),
(8720, 'Wakken'),
(8730, 'Beernem'),
(8730, 'Oedelem'),
(8730, 'Sint-Joris '),
(8740, 'Egem'),
(8740, 'Pittem'),
(8750, 'Wingene'),
(8750, 'Zwevezele'),
(8755, 'Ruiselede'),
(8760, 'Meulebeke'),
(8770, 'Ingelmunster'),
(8780, 'Oostrozebeke'),
(8790, 'Waregem'),
(8791, 'Beveren (Leie)'),
(8792, 'Desselgem'),
(8793, 'Sint-Eloois-Vijve'),
(8800, 'Beveren '),
(8800, 'Oekene'),
(8800, 'Roeselare'),
(8800, 'Rumbeke'),
(8810, 'Lichtervelde'),
(8820, 'Torhout'),
(8830, 'Gits'),
(8830, 'Hooglede'),
(8840, 'Oostnieuwkerke'),
(8840, 'Staden'),
(8840, 'Westrozebeke'),
(8850, 'Ardooie'),
(8851, 'Koolskamp'),
(8860, 'Lendelede'),
(8870, 'Emelgem'),
(8870, 'Izegem'),
(8870, 'Kachtem'),
(8880, 'Ledegem'),
(8880, 'Rollegem-Kapelle'),
(8880, 'Sint-Eloois-Winkel'),
(8890, 'Dadizele'),
(8890, 'Moorslede'),
(8900, 'Brielen'),
(8900, 'Dikkebus'),
(8900, 'Ieper'),
(8900, 'Sint-Jan'),
(8902, 'Hollebeke'),
(8902, 'Voormezele'),
(8902, 'Zillebeke'),
(8904, 'Boezinge'),
(8904, 'Zuidschote'),
(8906, 'Elverdinge'),
(8908, 'Vlamertinge'),
(8920, 'Bikschote'),
(8920, 'Langemark'),
(8920, 'Langemark-Poelkapelle'),
(8920, 'Poelkapelle'),
(8930, 'Lauwe'),
(8930, 'Menen'),
(8930, 'Rekkem'),
(8940, 'Geluwe'),
(8940, 'Wervik'),
(8950, 'Heuvelland'),
(8950, 'Nieuwkerke'),
(8951, 'Dranouter'),
(8952, 'Wulvergem'),
(8953, 'Wijtschate'),
(8954, 'Westouter'),
(8956, 'Kemmel'),
(8957, 'Mesen'),
(8958, 'Loker'),
(8970, 'Poperinge'),
(8970, 'Reningelst'),
(8972, 'Krombeke'),
(8972, 'Proven'),
(8972, 'Roesbrugge-Haringe'),
(8978, 'Watou'),
(8980, 'Beselare'),
(8980, 'Geluveld'),
(8980, 'Passendale'),
(8980, 'Zandvoorde '),
(8980, 'Zonnebeke'),
(9000, 'Gent'),
(9030, 'Mariakerke'),
(9031, 'Drongen'),
(9032, 'Wondelgem'),
(9040, 'Sint-Amandsberg'),
(9041, 'Oostakker'),
(9042, 'Desteldonk'),
(9042, 'Mendonk'),
(9042, 'Sint-Kruis-Winkel'),
(9050, 'Gentbrugge'),
(9050, 'Ledeberg'),
(9051, 'Afsnee'),
(9051, 'Sint-Denijs-Westrem'),
(9052, 'Zwijnaarde'),
(9060, 'Zelzate'),
(9070, 'Destelbergen'),
(9070, 'Heusden '),
(9080, 'Beervelde'),
(9080, 'Lochristi'),
(9080, 'Zaffelare'),
(9080, 'Zeveneken'),
(9090, 'Gontrode'),
(9090, 'Melle'),
(9100, 'Nieuwkerken-Waas'),
(9100, 'Sint-Niklaas'),
(9111, 'Belsele'),
(9112, 'Sinaai-Waas'),
(9120, 'Beveren-Waas'),
(9120, 'Haasdonk'),
(9120, 'Kallo '),
(9120, 'Melsele'),
(9120, 'Vrasene'),
(9130, 'Doel'),
(9130, 'Kallo '),
(9130, 'Kieldrecht'),
(9130, 'Verrebroek'),
(9140, 'Elversele'),
(9140, 'Steendorp'),
(9140, 'Temse'),
(9140, 'Tielrode'),
(9150, 'Bazel'),
(9150, 'Kruibeke'),
(9150, 'Rupelmonde'),
(9160, 'Daknam'),
(9160, 'Eksaarde'),
(9160, 'Lokeren'),
(9170, 'De Klinge'),
(9170, 'Meerdonk'),
(9170, 'Sint-Gillis-Waas'),
(9170, 'Sint-Pauwels'),
(9180, 'Moerbeke-Waas'),
(9185, 'Wachtebeke'),
(9190, 'Kemzeke'),
(9190, 'Stekene'),
(9200, 'Appels'),
(9200, 'Baasrode'),
(9200, 'Dendermonde'),
(9200, 'Grembergen'),
(9200, 'Mespelare'),
(9200, 'Oudegem'),
(9200, 'Schoonaarde'),
(9200, 'Sint-Gillis-bij-Dendermonde'),
(9220, 'Hamme '),
(9220, 'Moerzeke'),
(9230, 'Massemen'),
(9230, 'Westrem'),
(9230, 'Wetteren'),
(9240, 'Zele'),
(9250, 'Waasmunster'),
(9255, 'Buggenhout'),
(9255, 'Opdorp'),
(9260, 'Schellebelle'),
(9260, 'Serskamp'),
(9260, 'Wichelen'),
(9270, 'Kalken'),
(9270, 'Laarne'),
(9280, 'Denderbelle'),
(9280, 'Lebbeke'),
(9280, 'Wieze'),
(9290, 'Berlare'),
(9290, 'Overmere'),
(9290, 'Uitbergen'),
(9300, 'Aalst'),
(9308, 'Gijzegem'),
(9308, 'Hofstade '),
(9310, 'Baardegem'),
(9310, 'Herdersem'),
(9310, 'Meldert '),
(9310, 'Moorsel'),
(9320, 'Erembodegem'),
(9320, 'Nieuwerkerken'),
(9340, 'Impe'),
(9340, 'Lede'),
(9340, 'Oordegem'),
(9340, 'Smetlede'),
(9340, 'Wanzele'),
(9400, 'Appelterre-Eichem'),
(9400, 'Denderwindeke'),
(9400, 'Lieferinge'),
(9400, 'Nederhasselt'),
(9400, 'Ninove'),
(9400, 'Okegem'),
(9400, 'Voorde'),
(9401, 'Pollare'),
(9402, 'Meerbeke'),
(9403, 'Neigem'),
(9404, 'Aspelare'),
(9406, 'Outer'),
(9420, 'Aaigem'),
(9420, 'Bambrugge'),
(9420, 'Burst'),
(9420, 'Erondegem'),
(9420, 'Erpe'),
(9420, 'Erpe-Mere'),
(9420, 'Mere'),
(9420, 'Ottergem'),
(9420, 'Vlekkem'),
(9450, 'Denderhoutem'),
(9450, 'Haaltert'),
(9450, 'Heldergem'),
(9451, 'Kerksken'),
(9470, 'Denderleeuw'),
(9472, 'Iddergem'),
(9473, 'Welle'),
(9500, 'Geraardsbergen'),
(9500, 'Goeferdinge'),
(9500, 'Moerbeke'),
(9500, 'Nederboelare'),
(9500, 'Onkerzele'),
(9500, 'Ophasselt'),
(9500, 'Overboelare'),
(9500, 'Viane'),
(9500, 'Zarlardinge'),
(9506, 'Grimminge'),
(9506, 'Idegem'),
(9506, 'Nieuwenhove'),
(9506, 'Schendelbeke'),
(9506, 'Smeerebbe-Vloerzegem'),
(9506, 'Waarbeke'),
(9506, 'Zandbergen'),
(9520, 'Bavegem'),
(9520, 'Sint-Lievens-Houtem'),
(9520, 'Vlierzele'),
(9520, 'Zonnegem');
INSERT INTO `Gemeenten` (`postcode`, `gemeente`) VALUES
(9521, 'Letterhoutem'),
(9550, 'Herzele'),
(9550, 'Hillegem'),
(9550, 'Sint-Antelinks'),
(9550, 'Sint-Lievens-Esse'),
(9550, 'Steenhuize-Wijnhuize'),
(9550, 'Woubrechtegem'),
(9551, 'Ressegem'),
(9552, 'Borsbeke'),
(9570, 'Deftinge'),
(9570, 'Lierde'),
(9570, 'Sint-Maria-Lierde'),
(9571, 'Hemelveerdegem'),
(9572, 'Sint-Martens-Lierde'),
(9600, 'Ronse'),
(9620, 'Elene'),
(9620, 'Erwetegem'),
(9620, 'Godveerdegem'),
(9620, 'Grotenberge'),
(9620, 'Leeuwergem'),
(9620, 'Oombergen '),
(9620, 'Sint-Goriks-Oudenhove'),
(9620, 'Sint-Maria-Oudenhove '),
(9620, 'Strijpen'),
(9620, 'Velzeke-Ruddershove'),
(9620, 'Zottegem'),
(9630, 'Beerlegem'),
(9630, 'Dikkele'),
(9630, 'Hundelgem'),
(9630, 'Meilegem'),
(9630, 'Munkzwalm'),
(9630, 'Paulatem'),
(9630, 'Roborst'),
(9630, 'Rozebeke'),
(9630, 'Sint-Blasius-Boekel'),
(9630, 'Sint-Denijs-Boekel'),
(9630, 'Sint-Maria-Latem'),
(9630, 'Zwalm'),
(9636, 'Nederzwalm-Hermelgem'),
(9660, 'Brakel'),
(9660, 'Elst'),
(9660, 'Everbeek'),
(9660, 'Michelbeke'),
(9660, 'Nederbrakel'),
(9660, 'Opbrakel'),
(9660, 'Sint-Maria-Oudenhove '),
(9660, 'Zegelsem'),
(9661, 'Parike'),
(9667, 'Horebeke'),
(9667, 'Sint-Kornelis-Horebeke'),
(9667, 'Sint-Maria-Horebeke'),
(9680, 'Etikhove'),
(9680, 'Maarke-Kerkem'),
(9680, 'Maarkedal'),
(9681, 'Nukerke'),
(9688, 'Schorisse'),
(9690, 'Berchem '),
(9690, 'Kluisbergen'),
(9690, 'Kwaremont'),
(9690, 'Ruien'),
(9690, 'Zulzeke'),
(9700, 'Bevere'),
(9700, 'Edelare'),
(9700, 'Eine'),
(9700, 'Ename'),
(9700, 'Heurne'),
(9700, 'Leupegem'),
(9700, 'Mater'),
(9700, 'Melden'),
(9700, 'Mullem'),
(9700, 'Nederename'),
(9700, 'Oudenaarde'),
(9700, 'Volkegem'),
(9700, 'Welden'),
(9750, 'Huise'),
(9750, 'Ouwegem'),
(9750, 'Zingem'),
(9770, 'Kruishoutem'),
(9771, 'Nokere'),
(9772, 'Wannegem-Lede'),
(9790, 'Elsegem'),
(9790, 'Moregem'),
(9790, 'Ooike '),
(9790, 'Petegem-aan-de-Schelde'),
(9790, 'Wortegem'),
(9790, 'Wortegem-Petegem'),
(9800, 'Astene'),
(9800, 'Bachte-Maria-Leerne'),
(9800, 'Deinze'),
(9800, 'Gottem'),
(9800, 'Grammene'),
(9800, 'Meigem'),
(9800, 'Petegem-aan-de-Leie'),
(9800, 'Sint-Martens-Leerne'),
(9800, 'Vinkt'),
(9800, 'Wontergem'),
(9800, 'Zeveren'),
(9810, 'Eke'),
(9810, 'Nazareth'),
(9820, 'Bottelare'),
(9820, 'Lemberge'),
(9820, 'Melsen'),
(9820, 'Merelbeke'),
(9820, 'Munte'),
(9820, 'Schelderode'),
(9830, 'Sint-Martens-Latem'),
(9831, 'Deurle'),
(9840, 'De Pinte'),
(9840, 'Zevergem'),
(9850, 'Hansbeke'),
(9850, 'Landegem'),
(9850, 'Merendree'),
(9850, 'Nevele'),
(9850, 'Poesele'),
(9850, 'Vosselare'),
(9860, 'Balegem'),
(9860, 'Gijzenzele'),
(9860, 'Landskouter'),
(9860, 'Moortsele'),
(9860, 'Oosterzele'),
(9860, 'Scheldewindeke'),
(9870, 'Machelen'),
(9870, 'Olsene'),
(9870, 'Zulte'),
(9880, 'Aalter'),
(9880, 'Lotenhulle'),
(9880, 'Poeke'),
(9881, 'Bellem'),
(9890, 'Asper'),
(9890, 'Baaigem'),
(9890, 'Dikkelvenne'),
(9890, 'Gavere'),
(9890, 'Semmerzake'),
(9890, 'Vurste'),
(9900, 'Eeklo'),
(9910, 'Knesselare'),
(9910, 'Ursel'),
(9920, 'Lovendegem'),
(9921, 'Vinderhoute'),
(9930, 'Zomergem'),
(9931, 'Oostwinkel'),
(9932, 'Ronsele'),
(9940, 'Ertvelde'),
(9940, 'Evergem'),
(9940, 'Kluizen'),
(9940, 'Sleidinge'),
(9950, 'Waarschoot'),
(9960, 'Assenede'),
(9961, 'Boekhoute'),
(9968, 'Bassevelde'),
(9968, 'Oosteeklo'),
(9970, 'Kaprijke'),
(9971, 'Lembeke'),
(9980, 'Sint-Laureins'),
(9981, 'Sint-Margriete'),
(9982, 'Sint-Jan-in-Eremo'),
(9988, 'Waterland-Oudeman'),
(9988, 'Watervliet'),
(9990, 'Maldegem'),
(9991, 'Adegem'),
(9992, 'Middelburg');

-- --------------------------------------------------------

--
-- Table structure for table `GeplaatstBij`
--

CREATE TABLE IF NOT EXISTS `GeplaatstBij` (
  `vestigingsID` int(11) NOT NULL,
  `bestellingsID` int(11) NOT NULL,
  PRIMARY KEY (`vestigingsID`,`bestellingsID`),
  KEY `bestellingsID` (`bestellingsID`)
) ENGINE=InnoDB DEFAULT CHARSET=latin1;

--
-- Dumping data for table `GeplaatstBij`
--

INSERT INTO `GeplaatstBij` (`vestigingsID`, `bestellingsID`) VALUES
(201, 10),
(201, 20),
(301, 20),
(211, 30),
(311, 40),
(60, 50),
(231, 130),
(311, 130),
(241, 140),
(201, 150),
(301, 150),
(201, 160),
(211, 160),
(231, 160),
(231, 170),
(211, 180),
(311, 180),
(181, 190),
(231, 200),
(311, 200),
(881, 200),
(231, 210),
(371, 210),
(371, 220),
(681, 220),
(181, 230),
(371, 230),
(301, 240),
(321, 240),
(171, 250),
(321, 250),
(201, 260),
(291, 260),
(301, 270),
(731, 300),
(731, 310),
(211, 320),
(261, 320),
(401, 330),
(211, 340),
(961, 340),
(361, 350),
(361, 360),
(991, 370),
(161, 380),
(211, 390),
(991, 400),
(211, 410),
(961, 420),
(60, 430),
(961, 440),
(161, 450),
(211, 510),
(60, 540),
(961, 550),
(1061, 560),
(1061, 570),
(1061, 580),
(731, 590);

-- --------------------------------------------------------

--
-- Table structure for table `Gerechten`
--

CREATE TABLE IF NOT EXISTS `Gerechten` (
  `naamGerecht` varchar(40) NOT NULL,
  `prijs` decimal(6,2) DEFAULT NULL,
  `aantalBesteld` int(11) DEFAULT NULL,
  `menuID` int(11) NOT NULL,
  PRIMARY KEY (`naamGerecht`,`menuID`),
  KEY `menuID` (`menuID`)
) ENGINE=InnoDB DEFAULT CHARSET=latin1;

--
-- Dumping data for table `Gerechten`
--

INSERT INTO `Gerechten` (`naamGerecht`, `prijs`, `aantalBesteld`, `menuID`) VALUES
('Alsace', '15.45', 0, 401),
('Barbecue', '15.45', 0, 401),
('Barbecue Chicken', '15.45', 0, 401),
('Beef Hot & Spicy', '12.00', 3, 261),
('Biefstuk champignonroomsaus', '13.00', 0, 301),
('Biefstuk natuur', '12.00', 1, 301),
('Broodje curryworst', '3.20', 0, 161),
('Broodje garnaalsalade', '3.50', 0, 161),
('Broodje gebakken ei spek', '3.20', 0, 161),
('Broodje gebraad', '2.90', 1, 161),
('Broodje gerookte zalm', '3.50', 0, 161),
('Broodje Gezond', '3.00', 0, 541),
('Broodje ham', '2.60', 0, 161),
('Broodje ham kaas', '2.90', 0, 161),
('Broodje kalkoen', '5.50', 0, 301),
('Broodje kip curry', '2.90', 0, 161),
('Broodje kippenfilet', '5.00', 0, 301),
('Broodje kippenwit', '2.90', 0, 161),
('Broodje kofta', '5.00', 1, 301),
('Broodje martino', '3.20', 2, 161),
('Broodje merguez', '5.00', 0, 301),
('Broodje shoarma', '5.00', 0, 301),
('Broodje Spek ', '4.00', 0, 541),
('Broodje tonijn mayonaise', '2.70', 0, 161),
('Buffalo Chicken', '17.99', 0, 411),
('Butter chicken', '13.00', 1, 191),
('Cali Chicken Bacon Ranch', '17.99', 0, 411),
('California rol', '6.00', 0, 321),
('Calzone Kip', '11.00', 0, 421),
('Calzone Prosciutto', '8.00', 0, 421),
('Calzone Quattro', '10.00', 0, 421),
('Calzone Shoarma', '11.00', 0, 421),
('Cannelloni', '7.00', 0, 151),
('Cheesam', '12.25', 0, 401),
('Cheeseburger', '4.00', 0, 161),
('Chicken & Bacon Carbonara', '15.99', 0, 411),
('Chicken Chinese', '10.00', 0, 261),
('Chicken curry', '12.00', 1, 171),
('Chicken curry', '11.00', 4, 191),
('Chicken Kadai', '13.00', 0, 171),
('Chicken madras', '11.50', 0, 191),
('Chicken saag', '11.50', 1, 191),
('Chicken tempura', '12.00', 0, 311),
('Chicken tikka masala', '12.50', 2, 191),
('Chicken Twist', '15.45', 0, 401),
('Chicken Vegetable', '12.00', 1, 261),
('Crazy rol', '9.00', 0, 321),
('Diamond combo', '20.00', 2, 311),
('double meat', '60.00', 0, 441),
('Durum afrika', '5.50', 1, 301),
('Durum falafel ', '4.00', 0, 301),
('Durum hawai', '5.50', 0, 301),
('Durum mix', '6.00', 2, 301),
('Durum natuur', '5.00', 0, 301),
('Durum speciaal ', '5.50', 0, 301),
('Dynamic', '6.50', 2, 321),
('elephant meat', '120.00', 1, 441),
('Empanadas Beef', '2.80', 0, 331),
('Empanadas Chicken', '2.80', 0, 331),
('Empanadas onion and mozarella', '2.80', 0, 331),
('Empanadas spinach and ricotta', '2.80', 0, 331),
('Fiery Hawaiian', '17.99', 1, 411),
('Fish curry', '12.00', 2, 171),
('Futo Maki Krab', '5.00', 0, 381),
('Futo Maki Zalm', '4.50', 0, 381),
('Garden Lovers', '13.55', 0, 401),
('Garlic chicken tikka masala', '12.50', 7, 191),
('Gemengde Pita Schotel', '10.00', 0, 371),
('giant chicken', '90.00', 0, 441),
('Grote Friet', '3.00', 6, 521),
('Grote Friet', '3.00', 27, 551),
('Hamburger', '3.50', 0, 161),
('Hand Roll Garnaal', '3.80', 0, 381),
('Hand Roll Krab', '4.20', 0, 381),
('Hand Roll Tonijn', '4.20', 0, 381),
('Hand Roll Zalm', '4.00', 0, 381),
('Hawaiian', '15.45', 0, 401),
('Honolulu Hawaiian', '17.99', 1, 411),
('Hoso avocado', '3.75', 0, 321),
('Hoso komkommer', '3.25', 0, 321),
('Hoso oshinko', '3.25', 0, 321),
('Hoso paling', '5.25', 0, 321),
('Hoso tamago', '5.25', 0, 321),
('Hoso tonijn', '5.25', 0, 321),
('Hoso zalm', '4.75', 0, 321),
('Hot ''N Spicy', '15.45', 0, 401),
('Hot Pizza', '8.90', 0, 131),
('in/out pikante tonijn', '6.25', 0, 321),
('in/out pikante zalm ', '5.75', 0, 321),
('in/out zalm avocado', '5.75', 0, 321),
('Inktvis op szechuan wijze', '11.50', 0, 231),
('Kaeng Panaeng', '12.00', 1, 361),
('Kapsalon', '7.50', 0, 431),
('Kapsalon afrika ', '6.00', 1, 301),
('Kapsalon hawai', '6.00', 0, 301),
('Kapsalon natuur', '5.00', 0, 301),
('Kapsalon speciaal ', '6.00', 2, 301),
('Khao Phad Tamada', '6.00', 0, 361),
('Kikkerbilletjes op szechuan wijze', '12.60', 0, 231),
('Kinderpizza', '5.50', 0, 421),
('Kleine friet', '1.50', 1, 521),
('Kleine Friet', '1.50', 0, 551),
('Kumpir kebab', '6.00', 0, 271),
('Kumpir kip', '6.00', 0, 271),
('Lamb curry', '14.00', 0, 171),
('Lamb Kadai', '14.50', 2, 171),
('Lamb tikka masala', '14.50', 0, 191),
('Lams curry', '13.50', 0, 191),
('Lamskotelet', '12.00', 0, 301),
('Lasagna Mama', '7.00', 0, 151),
('Lasagna Papa', '7.50', 13, 151),
('Lasagne', '12.00', 0, 431),
('Lasagne bolognaise', '10.00', 0, 281),
('Lasagne Bolognese', '8.50', 0, 291),
('Loempia kip', '6.00', 5, 311),
('Loempia vegi', '5.00', 0, 311),
('Maki Avocado', '7.00', 0, 381),
('Maki Komkommer', '6.60', 0, 381),
('Maki mix combo', '15.00', 2, 311),
('Maki Tonijn ', '7.00', 0, 381),
('MeatZZa Feast', '17.99', 0, 411),
('Middel Friet', '2.00', 2, 521),
('Middel Friet', '2.00', 0, 551),
('Mihoen op Thaise wijze', '17.10', 0, 231),
('Mix Grill Schotel', '15.00', 0, 371),
('Mix Pita Schotel', '13.00', 0, 371),
('Mixed Grill Fantasia', '16.50', 0, 431),
('Mixed Grill Jerusalem', '13.50', 0, 431),
('Munchies burger', '6.50', 0, 161),
('Mushroom curry', '10.00', 9, 171),
('Pacific Veggie', '17.99', 0, 411),
('Pasta 4 Kazen', '7.50', 0, 131),
('Pasta a la panna ', '7.50', 0, 221),
('Pasta Basic Tomato', '8.00', 6, 201),
('Pasta Bolgonese', '8.95', 1, 391),
('Pasta bolognaise', '7.50', 0, 221),
('Pasta bolognaise ham', '8.50', 0, 221),
('Pasta Bolognese', '7.00', 0, 131),
('Pasta bolognese', '7.00', 0, 301),
('Pasta Bolognese', '5.00', 0, 351),
('Pasta Carbonara', '8.50', 4, 201),
('pasta carbonara', '8.50', 0, 221),
('Pasta Exotic', '6.00', 0, 351),
('Pasta Milano', '8.95', 0, 391),
('Pasta Nantua', '8.50', 2, 201),
('Pasta Napoli', '5.00', 0, 131),
('Pasta Napoli', '5.00', 0, 351),
('Pasta napolitana', '6.00', 0, 301),
('Pasta Pesto', '8.50', 11, 201),
('Pasta Pollo', '7.50', 0, 131),
('Pasta pomodora', '7.50', 0, 221),
('Pasta Pomodoro', '8.50', 0, 201),
('Pasta scampi', '7.00', 0, 301),
('Pasta Scampi', '8.95', 0, 391),
('Pasta Sorrentino', '8.95', 0, 391),
('Pasta Vegetariana', '8.95', 0, 391),
('Pasta Vegetarisch', '7.50', 0, 131),
('Pasta vegetarisch', '8.00', 0, 221),
('Pasta vegetarisch', '7.00', 0, 301),
('Penne pesto chicken', '8.50', 0, 281),
('Penne Pesto Chicken', '8.50', 0, 291),
('Pepper', '15.45', 0, 401),
('Pepperoni Lovers', '12.25', 0, 401),
('Phad Kaphroa', '13.00', 3, 361),
('Philly Cheese Steak', '17.99', 0, 411),
('Pick & Mix', '15.45', 0, 401),
('Pizza 4 Kazen', '9.50', 1, 251),
('Pizza 4 seizoenen', '12.90', 0, 131),
('Pizza 4 Seizoenen', '16.50', 0, 151),
('Pizza 4 seizoenen', '12.90', 0, 271),
('Pizza 50/50', '7.49', 0, 351),
('Pizza al capone', '11.95', 0, 281),
('Pizza Americana', '12.90', 0, 271),
('Pizza basilica', '9.50', 0, 151),
('Pizza basilica', '15.90', 18, 241),
('Pizza bbq chicken', '11.95', 0, 281),
('Pizza bbq meatballs', '11.95', 0, 281),
('Pizza bolognese', '7.00', 0, 141),
('Pizza Bolognese', '12.50', 0, 181),
('Pizza bolognese', '16.90', 2, 241),
('Pizza bolognese', '11.95', 0, 281),
('Pizza Bolognese', '15.95', 0, 291),
('Pizza Bolognese', '7.50', 0, 421),
('Pizza Bolognese Deluxe', '9.49', 1, 351),
('Pizza bomba', '7.00', 0, 221),
('pizza brol', '9.50', 0, 501),
('Pizza Bromeo', '9.00', 0, 421),
('Pizza calzone', '11.95', 0, 281),
('Pizza Calzone', '11.95', 0, 291),
('Pizza calzone oriental', '11.95', 0, 281),
('Pizza calzone rambo', '7.50', 0, 141),
('Pizza Capricciosa', '9.30', 0, 341),
('Pizza capriciosa', '7.00', 0, 141),
('Pizza Capriciosa', '13.95', 0, 391),
('Pizza Cheesy Mix', '12.50', 0, 181),
('Pizza cheesy mix', '11.95', 0, 281),
('Pizza Cheesy Mix', '11.95', 1, 291),
('Pizza Döner Kebab', '12.50', 0, 181),
('Pizza Exotic', '9.49', 0, 351),
('Pizza Four Seasons', '11.95', 0, 291),
('Pizza Fruits de Mer', '12.00', 0, 371),
('Pizza frutti di mare', '17.90', 3, 241),
('Pizza Frutti di Mare', '13.95', 0, 391),
('Pizza full option', '12.90', 0, 131),
('Pizza funghi', '6.50', 0, 141),
('Pizza funghi', '7.00', 0, 221),
('Pizza Funghi', '6.50', 0, 431),
('Pizza funghi', '9.50', 0, 451),
('Pizza Funghi Ananas', '8.00', 0, 421),
('Pizza Fungie', '16.50', 0, 151),
('Pizza giri', '8.00', 0, 221),
('Pizza Green Fiesta', '12.90', 0, 131),
('Pizza gyros', '7.50', 0, 141),
('Pizza hawaï', '7.00', 0, 141),
('Pizza Hawai', '16.50', 0, 151),
('Pizza hawaï', '16.90', 1, 241),
('Pizza Hawai', '12.90', 0, 271),
('Pizza Hawaï', '9.49', 0, 351),
('Pizza Hawai', '13.95', 0, 391),
('Pizza hawai', '12.00', 4, 511),
('Pizza hesp', '7.00', 0, 221),
('Pizza Hollywood City', '16.50', 0, 151),
('Pizza Hot', '9.49', 0, 351),
('Pizza Hot Lover', '12.50', 0, 181),
('Pizza Hot Lovers', '11.95', 0, 291),
('Pizza Hot Salsa', '12.50', 0, 181),
('Pizza King Salmone', '12.50', 0, 181),
('Pizza kip hawaï', '7.50', 0, 141),
('Pizza Lastrada', '12.90', 0, 271),
('Pizza mafiosa', '6.50', 0, 141),
('Pizza Mafiosa', '8.00', 0, 421),
('Pizza Margarita', '7.00', 0, 251),
('Pizza Margharita', '8.50', 0, 451),
('pizza margharita', '6.00', 0, 461),
('Pizza margherita', '5.50', 0, 141),
('Pizza Margherita', '12.10', 0, 151),
('Pizza Margherita', '6.50', 0, 221),
('Pizza margherita', '13.90', 0, 241),
('Pizza Margherita', '9.50', 0, 271),
('Pizza Margherita', '6.50', 0, 341),
('Pizza Margherita', '9.00', 0, 351),
('Pizza Margherita', '7.00', 0, 371),
('Pizza Margherita', '13.95', 1, 391),
('Pizza Margherita', '10.50', 0, 401),
('Pizza Margherita', '5.50', 0, 431),
('Pizza Maria', '12.90', 0, 271),
('Pizza Meat Lover', '12.50', 0, 181),
('Pizza meat lover', '17.90', 0, 241),
('Pizza meat lovers', '11.95', 0, 281),
('Pizza Meat Lovers', '11.95', 0, 291),
('Pizza Meatlover', '12.90', 0, 131),
('Pizza Mega Fish', '11.95', 0, 291),
('Pizza Mexicano', '12.90', 0, 131),
('Pizza milano', '8.00', 0, 221),
('Pizza napolini', '16.90', 4, 241),
('Pizza Napolitana', '7.00', 0, 341),
('Pizza New Yorker', '12.90', 0, 131),
('Pizza only pepperoni', '14.90', 0, 241),
('Pizza Pamukkale', '9.50', 0, 251),
('Pizza Peperoni', '12.90', 0, 131),
('Pizza Peperoni', '13.95', 0, 391),
('Pizza Pitta', '12.90', 0, 131),
('Pizza pollo', '7.50', 0, 141),
('Pizza Pollo', '9.50', 0, 251),
('Pizza Poly', '7.00', 0, 431),
('Pizza proschiuto', '7.50', 0, 221),
('Pizza prosciutto', '6.50', 0, 141),
('Pizza Quatro Stella', '12.90', 0, 131),
('Pizza quattro stagioni', '7.50', 0, 141),
('Pizza roma', '8.50', 0, 221),
('Pizza Roma', '9.50', 0, 371),
('Pizza Romana', '7.50', 0, 431),
('Pizza royal', '19.90', 11, 241),
('Pizza Rustica', '8.50', 0, 421),
('Pizza Salame', '13.95', 0, 391),
('Pizza salami', '6.50', 0, 141),
('Pizza salami', '7.00', 0, 221),
('Pizza Salami', '7.00', 0, 371),
('Pizza Salami', '7.00', 0, 421),
('Pizza Salami', '6.50', 0, 431),
('Pizza salami pikant', '6.50', 0, 141),
('pizza salsa', '9.50', 0, 471),
('Pizza santa maria', '7.00', 0, 141),
('Pizza Sardine', '9.30', 0, 341),
('Pizza Scampi', '12.90', 0, 131),
('Pizza Scampi', '9.50', 1, 251),
('Pizza Shoarma', '11.95', 0, 291),
('Pizza Shoarma Lams', '12.00', 0, 431),
('Pizza Shoarma Varken', '10.00', 0, 431),
('Pizza Siciliane', '8.00', 0, 341),
('Pizza Sneeuw', '13.95', 2, 391),
('Pizza speciaal', '7.50', 0, 141),
('Pizza spicy mystery', '16.90', 3, 241),
('Pizza Spinazie', '16.50', 0, 151),
('Pizza student', '7.50', 0, 141),
('Pizza Supreme', '11.95', 0, 291),
('pizza swalsa', '5.00', 0, 531),
('Pizza Tabasco', '9.99', 0, 351),
('Pizza Texas Barbecue', '16.50', 2, 151),
('Pizza The Champ', '12.50', 0, 181),
('Pizza Tonno', '9.50', 0, 251),
('Pizza Tonno', '13.95', 0, 391),
('Pizza van de Chef', '16.50', 0, 151),
('Pizza Vegetarian', '12.20', 0, 181),
('Pizza vegetarian', '11.95', 0, 281),
('Pizza Vegetarian', '11.95', 0, 291),
('Pizza Vegetarisch', '16.50', 5, 151),
('Pizza Vegetarisch', '9.49', 2, 351),
('Pizza Zeevruchten', '12.90', 0, 131),
('Ribbetjes Panda', '11.70', 0, 231),
('royal balls', '100.00', 1, 441),
('Sashimi combo', '18.00', 0, 311),
('Sashimi paling', '5.50', 0, 321),
('Sashimi St. Jacobs', '5.25', 2, 321),
('Sashimi tonijn', '5.25', 0, 321),
('Sashimi tonijn/zalm combo', '20.00', 0, 311),
('Sashimi zalm', '4.25', 0, 321),
('Sashimi zalmeieren ', '5.25', 0, 321),
('Sashimi zeebaars', '3.30', 0, 321),
('Scampi curry', '14.00', 2, 191),
('Scampi Kadai', '15.00', 1, 171),
('Sea Fruit Red Curry', '12.50', 0, 261),
('Shrimp tempura mix', '8.50', 0, 311),
('Spaghetti al Shoarma', '9.95', 0, 181),
('Spaghetti Bolognese', '7.00', 0, 151),
('Spaghetti Bolognese', '9.95', 0, 181),
('Spaghetti bolognese', '8.50', 0, 281),
('Spaghetti Bolognese ', '8.50', 0, 291),
('Spaghetti Bolognese', '6.00', 0, 431),
('Spaghetti Carbonara', '10.50', 0, 341),
('Spaghetti Carbonara', '6.00', 0, 431),
('Spaghetti Dello Chef', '9.95', 0, 181),
('Spaghetti Mexican Hot', '9.95', 0, 181),
('Spaghetti Pollo', '9.95', 0, 181),
('Spaghetti quatro fromaggi', '9.00', 0, 341),
('Spaghetti scampi', '8.50', 0, 281),
('Spare Ribs', '11.50', 0, 341),
('Spare Ribs 2 pers.', '22.00', 0, 341),
('Spare Ribs Hot', '12.00', 0, 341),
('Spinach & Feta', '15.99', 0, 411),
('Splitza Large', '18.95', 0, 181),
('Supreme', '15.45', 0, 401),
('Surimi', '3.30', 0, 321),
('Sushi Boat', '48.00', 0, 381),
('Sweet Chicken Curry', '15.45', 0, 401),
('Sweet lady', '7.50', 0, 321),
('Teriyaki kip', '15.00', 0, 311),
('Teriyaki rundsvlees', '22.00', 0, 311),
('Teriyaki scampi ', '25.00', 0, 311),
('Teriyaki zalm', '18.00', 0, 311),
('Thod Kratiam Prik Thait', '14.00', 1, 361),
('Tofu Vegetable', '13.00', 0, 261),
('Tuscan Salami & Roasted Veggie', '15.99', 0, 411),
('Ultimate Pepperoni Feast', '17.99', 0, 411),
('Veggie Burger', '5.00', 0, 161),
('Vegi tempura', '6.00', 0, 311),
('Vis curry', '12.00', 1, 191),
('Vis madras', '12.50', 1, 191),
('Wok', '5.90', 0, 381),
('Wok Express', '13.00', 1, 261),
('Wok kip', '12.50', 0, 311),
('Wok rundsvlees', '13.50', 0, 311),
('Wok scampi', '14.00', 0, 311),
('Wok Sweet Sensation', '10.00', 40, 261),
('Wok vegetarisch', '11.00', 0, 311),
('Zalm tempura', '14.00', 0, 311),
('Zalm tonijn combo', '20.00', 1, 311),
('Zeevruchten in pikante roomsaus', '17.60', 0, 231),
('Zeevruchten in rode Thaise saus', '17.10', 0, 231);

-- --------------------------------------------------------

--
-- Table structure for table `GerechtenBehoortTot`
--

CREATE TABLE IF NOT EXISTS `GerechtenBehoortTot` (
  `naamGerecht` varchar(40) NOT NULL,
  `menuID` int(11) NOT NULL,
  `bestellingsID` int(11) NOT NULL,
  `aantalGerechten` int(11) DEFAULT NULL,
  PRIMARY KEY (`naamGerecht`,`menuID`,`bestellingsID`),
  KEY `bestellingsID` (`bestellingsID`)
) ENGINE=InnoDB DEFAULT CHARSET=latin1;

--
-- Dumping data for table `GerechtenBehoortTot`
--

INSERT INTO `GerechtenBehoortTot` (`naamGerecht`, `menuID`, `bestellingsID`, `aantalGerechten`) VALUES
('Beef Hot & Spicy', 261, 100, 2),
('Biefstuk natuur', 301, 300, 1),
('Broodje gebraad', 161, 250, 1),
('Broodje kofta', 301, 150, 1),
('Broodje martino', 161, 70, 2),
('Butter chicken', 191, 20, 1),
('Chicken curry', 171, 230, 1),
('Chicken curry', 191, 20, 1),
('Chicken curry', 191, 150, 3),
('Chicken saag', 191, 370, 1),
('Chicken tikka masala', 191, 260, 2),
('Chicken Vegetable', 261, 430, 1),
('Diamond combo', 311, 40, 2),
('Durum afrika', 301, 20, 1),
('Durum mix', 301, 240, 2),
('Dynamic', 321, 250, 2),
('elephant meat', 441, 200, 1),
('Fiery Hawaiian', 411, 220, 1),
('Fish curry', 171, 100, 1),
('Fish curry', 171, 190, 1),
('Grote Friet', 521, 280, 2),
('Grote Friet', 521, 290, 2),
('Grote Friet', 521, 350, 1),
('Grote Friet', 521, 360, 1),
('Grote Friet', 551, 560, 1),
('Grote Friet', 551, 570, 12),
('Grote Friet', 551, 580, 14),
('Honolulu Hawaiian', 411, 590, 1),
('Kaeng Panaeng', 361, 230, 1),
('Kapsalon afrika ', 301, 20, 1),
('Kapsalon speciaal ', 301, 270, 2),
('Kleine friet', 521, 350, 1),
('Lamb Kadai', 171, 60, 2),
('Lasagna Papa', 151, 450, 13),
('Loempia kip', 311, 80, 5),
('Maki mix combo', 311, 130, 2),
('Middel Friet', 521, 280, 1),
('Middel Friet', 521, 290, 1),
('Mushroom curry', 171, 190, 9),
('Pasta Basic Tomato', 201, 30, 2),
('Pasta Basic Tomato', 201, 160, 2),
('Pasta Basic Tomato', 201, 390, 2),
('Pasta Bolgonese', 391, 330, 1),
('Pasta Carbonara', 201, 30, 2),
('Pasta Carbonara', 201, 160, 1),
('Pasta Carbonara', 201, 340, 1),
('Pasta Nantua', 201, 340, 2),
('Pasta Pesto', 201, 110, 2),
('Pasta Pesto', 201, 160, 1),
('Pasta Pesto', 201, 180, 1),
('Pasta Pesto', 201, 340, 1),
('Pasta Pesto', 201, 390, 2),
('Pasta Pesto', 201, 410, 2),
('Pasta Pesto', 201, 510, 1),
('Phad Kaphroa', 361, 210, 2),
('Phad Kaphroa', 361, 300, 1),
('Pizza 4 Kazen', 251, 320, 1),
('Pizza basilica', 241, 170, 9),
('Pizza bolognese', 241, 160, 2),
('Pizza Cheesy Mix', 291, 260, 1),
('Pizza frutti di mare', 241, 110, 1),
('Pizza frutti di mare', 241, 130, 1),
('Pizza frutti di mare', 241, 160, 1),
('Pizza hawaï', 241, 140, 1),
('Pizza hawai', 511, 340, 1),
('Pizza hawai', 511, 420, 1),
('Pizza hawai', 511, 440, 1),
('Pizza hawai', 511, 550, 1),
('Pizza Margherita', 391, 330, 1),
('Pizza napolini', 241, 110, 1),
('Pizza napolini', 241, 130, 1),
('Pizza napolini', 241, 200, 1),
('Pizza napolini', 241, 210, 1),
('Pizza royal', 241, 120, 1),
('Pizza royal', 241, 300, 1),
('Pizza Scampi', 251, 320, 1),
('Pizza Sneeuw', 391, 310, 2),
('Pizza spicy mystery', 241, 120, 1),
('Pizza spicy mystery', 241, 140, 1),
('Pizza spicy mystery', 241, 160, 1),
('Pizza Texas Barbecue', 151, 380, 2),
('Pizza Vegetarisch', 351, 350, 2),
('royal balls', 441, 520, 1),
('Sashimi St. Jacobs', 321, 240, 2),
('Scampi curry', 191, 10, 2),
('Scampi Kadai', 171, 100, 1),
('Vis curry', 191, 160, 1),
('Vis madras', 191, 260, 1),
('Wok Express', 261, 50, 1),
('Wok Sweet Sensation', 261, 50, 2),
('Wok Sweet Sensation', 261, 540, 38),
('Zalm tonijn combo', 311, 110, 1);

-- --------------------------------------------------------

--
-- Table structure for table `Klant`
--

CREATE TABLE IF NOT EXISTS `Klant` (
  `klantLogin` varchar(20) NOT NULL DEFAULT '-',
  `voornaam` varchar(30) DEFAULT NULL,
  `achternaam` varchar(30) DEFAULT NULL,
  `paswoord` varchar(20) DEFAULT NULL,
  `email` varchar(50) DEFAULT NULL,
  `straat` varchar(30) DEFAULT NULL,
  `huisnummer` int(11) DEFAULT NULL,
  `postcode` int(11) NOT NULL,
  `gemeente` varchar(30) NOT NULL,
  `telefoonnummer` varchar(20) DEFAULT NULL,
  PRIMARY KEY (`klantLogin`),
  KEY `postcode` (`postcode`,`gemeente`)
) ENGINE=InnoDB DEFAULT CHARSET=latin1;

--
-- Dumping data for table `Klant`
--

INSERT INTO `Klant` (`klantLogin`, `voornaam`, `achternaam`, `paswoord`, `email`, `straat`, `huisnummer`, `postcode`, `gemeente`, `telefoonnummer`) VALUES
('abc', 'jan', 'adriaens', '12345678', 'jan.adriaens@schuilenburg.com', 'damstraat', 93, 9220, 'Hamme ', '02237456'),
('Adhamwanis', 'Adham', 'Wanis', 'justfeed', 'adhamwanis@hotmail.com', 'oudescheldestraat', 90, 9000, 'Gent', '0478304549'),
('annawesome', 'Anna', 'De Sutter', 'ads12345*', 'annadesutter@gmail.com', 'Onderbergen ', 53, 9000, 'Gent', '0032472735677'),
('Ardor9', 'Dori', 'Qollaku', 'dorpetcity', 'dori.c@live.be', 'Molenaarsstraat', 11, 8400, 'Oostende', '0485827588'),
('blenoir', 'bertrand', 'le noir', 'azertyuio', 'bertrand.lnoir@gmail.com', 'mieregoed', 4, 9840, 'De Pinte', '0498353069'),
('charalam', 'Okan', 'Bulut', 'azertyuiop', 'okanbulut93@gmail.com', 'sint-amandstraat ', 38, 9000, 'Gent', '0032486579538'),
('freddyadriaens', 'Freddy', 'Adriaens', 'wachtwoord', 'adriaensfrederic@gmail.com', 'Damstraat', 93, 9220, 'Hamme ', '0032477208303'),
('gtrachez', 'Guy', 'Trachez', 'guy12346', 'guy.trachez@ugent.be', 'kerkstraat', 6, 8210, 'Loppem', '0471359025'),
('hilalberouag', 'Hilal', 'Berouag', '12345678', 'hilal.berouag@gmail.com', 'leynseelstraat', 99, 8580, 'Avelgem', '0032498041478'),
('ibvdndri', 'ibe', 'van den driessche', 'smcsuzuki93', 'ibe.vdd@gmail.com', 'Hollebeekstraat', 23, 9880, 'Aalter', '0485891173'),
('inedc', 'ine', 'de Cock', 'hallo123', 'ine.decock@outlook.com', 'roestweg ', 17, 9255, 'Buggenhout', '0472768023'),
('jan.dehondt', 'jan', 'dehondt', 'jandehondt', 'jan.dehondt@telenet.be', 'KROONLAAN', 37, 8400, 'Oostende', '0032473886844'),
('jmhaeren', 'Johanna', 'Haerens', 'bai7thah', 'jokehaerens@hotmail.com', 'Oude Houtlei', 113, 9000, 'Gent', '0488460160'),
('jmvdm', 'Jean-Marie', 'Vandenmeulebroucke', '12345678', 'jmvdm@gmail.com', 'molenhof', 88, 9000, 'Gent', '0032864875465'),
('juliefeys', 'julie', 'feys', '_Robin03', 'julie.feys@icloud.com', 'Van Iseghemlaan', 33, 8400, 'Oostende', '0032477197116'),
('louisn', 'Louis', 'Nollet', '12345678', 'louisnollet@hotmail.com', 'Ooststraat ', 29, 8647, 'Lo', '0032475877523'),
('louistje69', 'Thomas', 'Batsleer', 'matthias', 'thomas.batsleer@gmail.com', 'Hoveniersberg', 14, 9000, 'Gent', '0478123456'),
('Louvdb', 'Loula', 'Van den Broeck', 'abc123456', 'loula.vandenbroeck@ugent.be', 'straat', 1, 7890, 'Ellezelles', '0032123456789'),
('marcdeclercq', 'Marc', 'De Clercq', '12345678', 'Johanna.Haerens@Ugent.be', 'Tweekerkenstraat', 2, 9000, 'Gent', '0032477130250'),
('matthiadri', 'matthi', 'adri', 'wachtwoord', 'matthiasadriaens@hotmail.com', 'damstraat', 93, 9200, 'Appels', '0032477208303'),
('matthiasadriaens', 'matthias', 'adriaenss', 'wachtwoord', 'matthiasadriaens@gmail.com', 'Damstraat', 93, 9220, 'Hamme ', '052256619'),
('mdeclercq', 'Marc', 'De Clercq', 'bai7thah', 'mdeclercq@ugent.be', 'Tweekerkenstraat', 2, 9000, 'Gent', '0032411234567'),
('milakunis', 'Mila ', 'Kunis', 'mila1234', 'milakunis@gmail.com', 'Hollywoodboulevard', 1, 9220, 'Moerzeke', '04554554455'),
('mrloonatic', 'Robin', 'Dehondt', 'ikbendebeste', 'robin.dt1994@gmail.com', 'kroonlaan', 37, 8400, 'Oostende', '0498377315'),
('robinhood', 'robin ', 'dehondtd', 'azertyuiop', 'robin_basket14@hotmail.com', 'kroonlaan', 37, 9000, 'Gent', '0032'),
('suley', 'Suleyman', 'Kilci', '12345678', 'sulokilci@hotmail.Com', 'opgeeistenlaan', 165, 9000, 'Gent', '0495799686'),
('tessa', 'tessa', 'zanders', 'tennis01', 'tessa.zanders@gmail.com', 'KROONLAAN', 37, 8400, 'Oostende', '0032047274838'),
('thomas.noppe', 'Thomas', 'Noppe', '123karton', 'thomasnoppe2@gmail.com', 'bobbiusstraat', 2, 8755, 'Ruiselede', '04789456215'),
('tkhoste', 'Thijs', 'Hoste', 'FUMatthi', 'thijshoste@hotmail.com', 'Lakenstraat ', 34, 8800, 'Roeselare', '0032477500973');

-- --------------------------------------------------------

--
-- Table structure for table `KortingenBestelling`
--

CREATE TABLE IF NOT EXISTS `KortingenBestelling` (
  `bestellingsID` int(11) NOT NULL,
  `codecombinatie` varchar(10) NOT NULL,
  PRIMARY KEY (`bestellingsID`,`codecombinatie`),
  KEY `codecombinatie` (`codecombinatie`)
) ENGINE=InnoDB DEFAULT CHARSET=latin1;

--
-- Dumping data for table `KortingenBestelling`
--

INSERT INTO `KortingenBestelling` (`bestellingsID`, `codecombinatie`) VALUES
(10, '1497278913');

-- --------------------------------------------------------

--
-- Table structure for table `KortingenKlant`
--

CREATE TABLE IF NOT EXISTS `KortingenKlant` (
  `klantLogin` varchar(20) NOT NULL,
  `codecombinatie` varchar(10) NOT NULL,
  PRIMARY KEY (`klantLogin`,`codecombinatie`),
  KEY `codecombinatie` (`codecombinatie`)
) ENGINE=InnoDB DEFAULT CHARSET=latin1;

--
-- Dumping data for table `KortingenKlant`
--

INSERT INTO `KortingenKlant` (`klantLogin`, `codecombinatie`) VALUES
('robinhood', '1236547892'),
('matthiasadriaens', '1387376913'),
('ardor9', '1460216051'),
('jmhaeren', '1533496604'),
('tessa', '1585178869'),
('matthiasadriaens', '1669651422'),
('mrloonatic', '1677147836'),
('mrloonatic', '1805116438'),
('ardor9', '2581990373'),
('robinhood', '2788034302'),
('matthiasadriaens', '2992528341'),
('mrloonatic', '3070875696'),
('mrloonatic', '4450243416'),
('jmvdm', '4554361030'),
('mrloonatic', '4750141818'),
('mrloonatic', '5026366344'),
('annawesome', '5104752909'),
('mrloonatic', '5475366140'),
('jmhaeren', '5819943922'),
('ardor9', '6418861747'),
('mrloonatic', '7008052307'),
('marcdeclercq', '7497293973'),
('matthiasadriaens', '8616838321'),
('matthiasadriaens', '9461567197');

-- --------------------------------------------------------

--
-- Table structure for table `Kortingscode`
--

CREATE TABLE IF NOT EXISTS `Kortingscode` (
  `codecombinatie` varchar(10) NOT NULL,
  `gegevenKorting` decimal(6,2) DEFAULT NULL,
  `status` varchar(20) DEFAULT NULL,
  `geldigheidsduur` varchar(20) DEFAULT NULL,
  `gegevenDoorJustFeed` varchar(3) DEFAULT NULL,
  `beginDatum` date DEFAULT NULL,
  `einddatum` date DEFAULT NULL,
  `groep` varchar(30) DEFAULT NULL,
  `naamTakeAway` varchar(40) DEFAULT NULL,
  `vestigingsID` int(11) DEFAULT NULL,
  `naamGerecht` varchar(40) DEFAULT NULL,
  `menuID` int(11) DEFAULT NULL,
  PRIMARY KEY (`codecombinatie`),
  KEY `naamTakeAway` (`naamTakeAway`),
  KEY `naamGerecht` (`naamGerecht`,`menuID`),
  KEY `vestigingsID` (`vestigingsID`)
) ENGINE=InnoDB DEFAULT CHARSET=latin1;

--
-- Dumping data for table `Kortingscode`
--

INSERT INTO `Kortingscode` (`codecombinatie`, `gegevenKorting`, `status`, `geldigheidsduur`, `gegevenDoorJustFeed`, `beginDatum`, `einddatum`, `groep`, `naamTakeAway`, `vestigingsID`, `naamGerecht`, `menuID`) VALUES
('1234567894', '0.10', 'actief', 'eenmalig', 'ja', NULL, NULL, 'reviewKC', NULL, NULL, NULL, NULL),
('1236547892', '0.10', 'actief', 'eenmalig', 'ja', NULL, NULL, 'reviewKC', NULL, NULL, 'Broodje Gezond', 541),
('1387376913', '0.20', 'actief', 'eenmalig', 'ja', NULL, NULL, 'takeAwayBossKC', NULL, NULL, NULL, NULL),
('1452369548', '2.36', 'passief', 'eenmalig', 'nee', NULL, NULL, 'uniekeactieKC', 'Buddha House', NULL, NULL, NULL),
('1460216051', '0.20', 'actief', 'eenmalig', 'ja', NULL, NULL, 'takeAwayBossKC', NULL, NULL, NULL, NULL),
('1497278913', '0.10', 'passief', 'Eenmalig', 'nee', NULL, NULL, 'uniekeactieKC', 'Buddha House', NULL, NULL, NULL),
('1533496604', '0.10', 'actief', 'eenmalig', 'ja', NULL, NULL, 'reviewKC', NULL, NULL, 'Pizza 4 Seizoenen', 151),
('1585178869', '0.20', 'actief', 'eenmalig', 'ja', NULL, NULL, 'takeAwayBossKC', NULL, NULL, NULL, NULL),
('1669651422', '0.20', 'actief', 'eenmalig', 'ja', NULL, NULL, 'takeAwayBossKC', NULL, NULL, NULL, NULL),
('1677147836', '0.20', 'actief', 'eenmalig', 'ja', NULL, NULL, 'takeAwayBossKC', NULL, NULL, NULL, NULL),
('1805116438', '0.40', 'actief', 'eenmalig', 'ja', NULL, NULL, 'jfbossKC', NULL, NULL, NULL, NULL),
('1867422854', '0.00', 'actief', 'Eenmalig', 'nee', NULL, NULL, 'uniekeactieKC', 'Buddha House', NULL, NULL, NULL),
('1952369548', '10.00', 'actief', 'eenmalig', 'nee', NULL, NULL, 'uniekeactieKC', NULL, 201, NULL, NULL),
('2581990373', '0.10', 'actief', 'eenmalig', 'ja', NULL, NULL, 'reviewKC', NULL, NULL, 'Cheeseburger', 161),
('2788034302', '2.00', 'actief', 'eenmalig', 'ja', NULL, NULL, 'registratieKC', NULL, NULL, NULL, NULL),
('2959143733', '0.40', 'passief', 'Periode', 'nee', '2014-12-13', '2014-12-14', 'uniekeactieKC', 'Buddha House', NULL, NULL, NULL),
('2992528341', '0.20', 'actief', 'eenmalig', 'ja', NULL, NULL, 'takeAwayBossKC', NULL, NULL, NULL, NULL),
('3070875696', '0.10', 'actief', 'eenmalig', 'ja', NULL, NULL, 'reviewKC', NULL, NULL, 'Pizza full option', 131),
('3632862031', '5.00', 'actief', 'Eenmalig', 'nee', NULL, NULL, 'uniekeactieKC', 'Buddha House', NULL, NULL, NULL),
('3815434040', '2.00', 'passief', 'eenmalig', 'ja', NULL, NULL, 'registratieKC', NULL, NULL, NULL, NULL),
('4450243416', '0.10', 'actief', 'eenmalig', 'ja', NULL, NULL, 'reviewKC', NULL, NULL, 'Scampi curry', 191),
('4554361030', '2.00', 'actief', 'eenmalig', 'ja', NULL, NULL, 'registratieKC', NULL, NULL, NULL, NULL),
('4750141818', '0.20', 'actief', 'eenmalig', 'ja', NULL, NULL, 'takeAwayBossKC', NULL, NULL, NULL, NULL),
('4752136954', '5.00', 'actief', 'eenmalig', 'nee', NULL, NULL, 'uniekeactieKC', NULL, 201, NULL, NULL),
('4879521569', '0.20', 'actief', 'eenmalig', 'nee', NULL, NULL, 'uniekeactieKC', 'Buddha House', NULL, NULL, NULL),
('5026366344', '0.10', 'actief', 'eenmalig', 'ja', NULL, NULL, 'reviewKC', NULL, NULL, 'Chicken saag', 191),
('5033491403', '5.00', 'actief', 'Periode', 'nee', '2014-12-10', '2014-12-12', 'uniekeactieKC', 'Buddha House', NULL, NULL, NULL),
('5104752909', '2.00', 'actief', 'eenmalig', 'ja', NULL, NULL, 'registratieKC', NULL, NULL, NULL, NULL),
('5138782828', '0.20', 'actief', 'Eenmalig', 'nee', NULL, NULL, 'uniekeactieKC', NULL, 201, NULL, NULL),
('5475366140', '0.10', 'actief', 'eenmalig', 'ja', NULL, NULL, 'reviewKC', NULL, NULL, 'Pizza pollo', 141),
('5819943922', '0.10', 'actief', 'eenmalig', 'ja', NULL, NULL, 'reviewKC', NULL, NULL, 'Pizza basilica', 241),
('5838007044', '2.00', 'actief', 'Periode', 'nee', '2014-12-13', '2014-12-14', 'uniekeactieKC', NULL, 241, NULL, NULL),
('6418861747', '0.10', 'actief', 'eenmalig', 'ja', NULL, NULL, 'reviewKC', NULL, NULL, 'Broodje gebakken ei spek', 161),
('6742728771', '2.00', 'passief', 'eenmalig', 'ja', NULL, NULL, 'registratieKC', NULL, NULL, NULL, NULL),
('6907931291', '0.10', 'actief', 'Periode', 'nee', '2014-12-10', '2014-12-09', 'uniekeactieKC', 'Buddha House', NULL, NULL, NULL),
('6947585456', '2.00', 'actief', 'Periode', 'nee', '2014-12-10', '2014-11-20', 'uniekeactieKC', 'Buddha House', NULL, NULL, NULL),
('7008052307', '0.20', 'actief', 'eenmalig', 'ja', NULL, NULL, 'takeAwayBossKC', NULL, NULL, NULL, NULL),
('7497293973', '2.00', 'actief', 'eenmalig', 'ja', NULL, NULL, 'registratieKC', NULL, NULL, NULL, NULL),
('7972793994', '2.00', 'passief', 'eenmalig', 'ja', NULL, NULL, 'registratieKC', NULL, NULL, NULL, NULL),
('8092771533', '2.00', 'actief', 'Periode', 'nee', '2014-12-17', '2014-11-12', 'uniekeactieKC', 'Buddha House', NULL, NULL, NULL),
('8093528166', '2.00', 'actief', 'eenmalig', 'ja', NULL, NULL, 'registratieKC', NULL, NULL, NULL, NULL),
('8247583653', '11.00', 'actief', 'Eenmalig', 'nee', NULL, NULL, 'uniekeactieKC', NULL, 201, NULL, NULL),
('8547638124', '0.50', 'actief', 'Eenmalig', 'nee', NULL, NULL, 'uniekeactieKC', 'Buddha House', NULL, NULL, NULL),
('8616838321', '0.20', 'actief', 'eenmalig', 'ja', NULL, NULL, 'takeAwayBossKC', NULL, NULL, NULL, NULL),
('9095681866', '0.70', 'actief', 'Periode', 'nee', '2014-12-18', '2014-12-20', 'uniekeactieKC', NULL, 991, NULL, NULL),
('9421173951', '0.00', 'actief', 'Eenmalig', 'nee', NULL, NULL, 'uniekeactieKC', 'Buddha House', NULL, NULL, NULL),
('9461567197', '0.20', 'actief', 'eenmalig', 'ja', NULL, NULL, 'takeAwayBossKC', NULL, NULL, NULL, NULL),
('9733854387', '0.20', 'actief', 'Eenmalig', 'nee', NULL, NULL, 'uniekeactieKC', 'Buddha House', NULL, NULL, NULL);

-- --------------------------------------------------------

--
-- Table structure for table `Leveringsgebied`
--

CREATE TABLE IF NOT EXISTS `Leveringsgebied` (
  `vestigingsID` int(11) NOT NULL,
  `postcode` int(11) NOT NULL,
  `gemeente` varchar(30) NOT NULL,
  PRIMARY KEY (`vestigingsID`,`postcode`,`gemeente`)
) ENGINE=InnoDB DEFAULT CHARSET=latin1;

--
-- Dumping data for table `Leveringsgebied`
--

INSERT INTO `Leveringsgebied` (`vestigingsID`, `postcode`, `gemeente`) VALUES
(0, 9000, 'Gent'),
(141, 9000, 'Gent'),
(141, 9030, 'Mariakerke'),
(141, 9040, 'Sint-Amandsberg'),
(141, 9050, 'Ledeberg'),
(151, 3001, 'Heverlee'),
(151, 3010, 'Kessel-Lo'),
(151, 3012, 'Wilsele'),
(151, 3018, 'Wijgmaal'),
(161, 9000, 'Gent'),
(161, 9030, 'Mariakerke'),
(161, 9040, 'Sint-Amandsberg'),
(161, 9050, 'Ledeberg'),
(171, 3001, 'Heverlee'),
(171, 3010, 'Kessel-Lo'),
(171, 3012, 'Wilsele'),
(171, 3018, 'Wijgmaal'),
(181, 3001, 'Heverlee'),
(181, 3010, 'Kessel-Lo'),
(181, 3012, 'Wilsele'),
(181, 3018, 'Wijgmaal'),
(191, 9000, 'Gent'),
(191, 9030, 'Mariakerke'),
(191, 9040, 'Sint-Amandsberg'),
(191, 9050, 'Ledeberg'),
(201, 3000, 'Leuven'),
(201, 3001, 'Heverlee'),
(201, 3010, 'Kessel-Lo'),
(201, 3012, 'Wilsele'),
(201, 3018, 'Wijgmaal'),
(211, 9000, 'Gent'),
(211, 9030, 'Mariakerke'),
(211, 9040, 'Sint-Amandsberg'),
(211, 9050, 'Ledeberg'),
(231, 2800, 'Mechelen'),
(231, 2800, 'Walem'),
(231, 2801, 'Heffen'),
(231, 2811, 'Hombeek'),
(231, 2811, 'Leest'),
(231, 2812, 'Muizen'),
(231, 9000, 'Gent'),
(231, 9030, 'Mariakerke'),
(231, 9040, 'Sint-Amandsberg'),
(231, 9050, 'Ledeberg'),
(241, 2500, 'Koningshooikt'),
(241, 2500, 'Lier'),
(251, 2000, 'Antwerpen'),
(251, 2100, 'Deurne'),
(251, 2140, 'Borgerhout'),
(251, 2600, 'Berchem'),
(251, 2660, 'Hoboken'),
(261, 9000, 'Gent'),
(261, 9030, 'Mariakerke'),
(261, 9040, 'Sint-Amandsberg'),
(261, 9050, 'Ledeberg'),
(271, 9000, 'Gent'),
(271, 9030, 'Mariakerke'),
(271, 9040, 'Sint-Amandsberg'),
(271, 9050, 'Ledeberg'),
(281, 9100, 'Nieuwkerken-Waas'),
(281, 9100, 'Sint-Niklaas'),
(281, 9111, 'Belsele'),
(281, 9112, 'Sinaai'),
(281, 9120, 'Vrasene'),
(281, 9140, 'Temse'),
(281, 9170, 'Sint-Pauwels'),
(281, 9190, 'Stekene'),
(281, 9250, 'Waasmunster'),
(291, 9100, 'Sint-Niklaas'),
(291, 9112, 'Sinaai'),
(291, 9120, 'Vrasene'),
(291, 9140, 'Temse'),
(291, 9170, 'Sint-Pauwels'),
(291, 9190, 'Stekene'),
(301, 9111, 'Belsele'),
(301, 9112, 'Sinaai'),
(301, 9120, 'Vrasene'),
(301, 9140, 'Nieuwkerken-Waas'),
(301, 9140, 'Temse'),
(301, 9170, 'Sint-Pauwels'),
(311, 2000, 'Antwerpen'),
(311, 2100, 'Deurne'),
(311, 2140, 'Borgerhout'),
(311, 2170, 'Merksem'),
(311, 2180, 'Ekeren'),
(311, 2600, 'Berchem'),
(311, 2610, 'Wilrijk'),
(311, 2660, 'Hoboken'),
(321, 2000, 'Antwerpen'),
(321, 2100, 'Deurna'),
(321, 2610, 'Wilrijk'),
(331, 2000, 'Antwerpen'),
(331, 2100, 'Deurne'),
(331, 2140, 'Borgerhout'),
(331, 2170, 'Merksem'),
(331, 2180, 'Ekeren'),
(331, 2600, 'Berchem'),
(331, 2610, 'Wilrijk'),
(331, 2660, 'Hoboken'),
(341, 2000, 'Antwerpen'),
(341, 2100, 'Deurne'),
(341, 2140, 'Borgerhout'),
(341, 2170, 'Merksem'),
(341, 2180, 'Ekeren'),
(341, 2600, 'Berchem'),
(341, 2610, 'Wilrijk'),
(341, 2660, 'Hoboken'),
(351, 9060, 'Zelzate'),
(361, 9000, 'Gent'),
(361, 9030, 'Mariakerke'),
(361, 9040, 'Sint-Amandsberg'),
(361, 9050, 'Ledeberg'),
(371, 8000, 'Brugge'),
(371, 8000, 'Koolkerke'),
(371, 8020, 'Sint-Andries'),
(371, 8020, 'Sint-Michiels'),
(381, 8000, 'Brugge'),
(381, 8000, 'Koolkerke'),
(381, 8020, 'Sint-Andries'),
(381, 8020, 'Sint-Michiels'),
(391, 8000, 'Brugge'),
(391, 8000, 'Koolkerke'),
(391, 8020, 'Sint-Andries'),
(391, 8020, 'Sint-Michiels'),
(401, 8000, 'Brugge'),
(401, 8000, 'Koolkerke'),
(401, 8020, 'Oostkamp'),
(401, 8020, 'Sint-Michiels'),
(411, 1160, 'Oudergem'),
(421, 1000, 'Brussel'),
(431, 2018, 'Antwerpen'),
(441, 8000, 'Brugge'),
(451, 3500, 'Hasselt'),
(461, 2900, 'Schoten'),
(471, 1410, 'Warerloo'),
(481, 1620, 'Drogenbos'),
(491, 5000, 'Namur'),
(501, 2610, 'Wilrijk'),
(511, 2440, 'Geel'),
(521, 1780, 'Wemmel'),
(531, 1090, 'Jette'),
(541, 2080, 'Antwerpen'),
(551, 1140, 'Evere'),
(561, 8800, 'Roeselare'),
(571, 8400, 'Oostende'),
(581, 2800, 'Mechelen'),
(591, 8790, 'Waregem'),
(601, 8200, 'Sint-Andries'),
(611, 8500, 'Kortrijk'),
(621, 9000, 'Gent'),
(631, 9300, 'Aalst'),
(641, 1970, 'Wezembeek-Oppem'),
(651, 2600, 'Berchem'),
(661, 1070, 'Anderlecht'),
(671, 1080, 'Sint-Jans-Molenbeek'),
(681, 2000, 'Antwerpen'),
(691, 2100, 'Deurne'),
(701, 2880, 'Bornem'),
(711, 2020, 'Antwerpen'),
(721, 2170, 'Merksem'),
(731, 9000, 'Gent'),
(741, 3000, 'Leuven'),
(751, 8500, 'Kortrijk'),
(761, 8800, 'Roeselare'),
(771, 1000, 'Brussel'),
(781, 1070, 'Anderlecht'),
(791, 1140, 'Evere'),
(801, 1090, 'Jette'),
(811, 1050, 'Elsene'),
(821, 1020, 'Laken'),
(831, 1200, 'Sint-Lambrechts-Woluwe'),
(841, 1410, 'Waterloo'),
(851, 5000, 'Namur'),
(861, 3500, 'Hasselt'),
(871, 3500, 'Hasselt'),
(871, 3600, 'Genk'),
(981, 8400, 'Oostende'),
(981, 8400, 'Stene'),
(991, 9000, 'Gent'),
(991, 9100, 'Nieuwkerken-Waas'),
(991, 9200, 'Appels'),
(1001, 8400, 'Stene'),
(1001, 9000, 'Gent'),
(1001, 9100, 'Nieuwkerken-Waas'),
(1001, 9100, 'Sint-Niklaas'),
(1011, 9200, 'Grembergen'),
(1021, 9200, 'Dendermonde'),
(1031, 9200, 'Dendermonde'),
(1051, 8400, 'Stene'),
(1061, 9000, 'Gent');

-- --------------------------------------------------------

--
-- Table structure for table `Menu`
--

CREATE TABLE IF NOT EXISTS `Menu` (
  `menuID` int(11) NOT NULL AUTO_INCREMENT,
  PRIMARY KEY (`menuID`)
) ENGINE=InnoDB  DEFAULT CHARSET=latin1 AUTO_INCREMENT=557 ;

--
-- Dumping data for table `Menu`
--

INSERT INTO `Menu` (`menuID`) VALUES
(131),
(141),
(151),
(161),
(171),
(181),
(191),
(201),
(211),
(221),
(231),
(241),
(251),
(261),
(271),
(281),
(291),
(301),
(311),
(321),
(331),
(341),
(351),
(361),
(371),
(381),
(391),
(401),
(411),
(421),
(431),
(441),
(451),
(461),
(471),
(481),
(491),
(501),
(511),
(521),
(531),
(541),
(551);

-- --------------------------------------------------------

--
-- Table structure for table `Review`
--

CREATE TABLE IF NOT EXISTS `Review` (
  `reviewID` int(11) NOT NULL AUTO_INCREMENT,
  `score` decimal(6,1) DEFAULT NULL,
  `tekst` text,
  `likes` int(11) DEFAULT NULL,
  `klantLogin` varchar(20) NOT NULL,
  `menuID` int(11) NOT NULL,
  `naamGerecht` varchar(20) NOT NULL,
  PRIMARY KEY (`reviewID`),
  KEY `naamGerecht` (`naamGerecht`,`menuID`),
  KEY `klantLogin` (`klantLogin`)
) ENGINE=InnoDB  DEFAULT CHARSET=latin1 AUTO_INCREMENT=351 ;

--
-- Dumping data for table `Review`
--

INSERT INTO `Review` (`reviewID`, `score`, `tekst`, `likes`, `klantLogin`, `menuID`, `naamGerecht`) VALUES
(1, '8.6', 'Heel lekker gerecht!!', 3, 'matthiasadriaens', 161, 'Broodje curryworst'),
(61, '6.0', 'Complimentjes aan die sterrenchef Robin!', 3, 'Ardor9', 131, 'Pasta 4 Kazen'),
(71, '7.0', 'heel lekker!', 1, 'ardor9', 131, 'Pizza Quatro Stella'),
(81, '6.6', 'Lekker gerechtje', 13, 'ardor9', 131, 'Pizza New Yorker'),
(111, '9.0', 'Zeer verse avocado', 0, 'matthiasadriaens', 321, 'in/out zalm avocado'),
(121, '9.0', 'Paling heel goed gebakken!', 0, 'matthiasadriaens', 321, 'Hoso paling'),
(131, '9.0', 'Mijn nieuw favoriet gerecht!', 0, 'mrloonatic', 171, 'Chicken curry'),
(141, '6.0', 'Lekker!', 0, 'ardor9', 141, 'Pizza margherita'),
(161, '8.0', 'Super lekker!', 3, 'ardor9', 131, 'Pizza Peperoni'),
(191, '7.0', 'mmmmmmm!', 0, 'ardor9', 141, 'Pizza prosciutto'),
(201, '7.9', 'yummie!', 4, 'ardor9', 131, 'Pizza full option'),
(221, '9.0', 'Mmm onlangs weer besteld echt blijft top', 0, 'ardor9', 131, 'Pasta Napoli'),
(231, '10.0', 'Lekkere verse Feta-Kaas! De maxx', 0, 'matthiasadriaens', 411, 'Spinach & Feta'),
(241, '5.8', 'Wat een teleurstelling. ', 5, 'mdeclercq', 131, 'Pizza New Yorker'),
(251, '2.0', 'ik lust geen ananas', 0, 'juliefeys', 141, 'Pizza hawaï'),
(261, '9.0', 'Zeer goed vleesverangend gerecht! Zeker het proberen waard!', 0, 'matthiasadriaens', 131, 'Pasta Vegetarisch'),
(271, '9.0', 'Super lekker gerecht !!', 0, 'mrloonatic', 191, 'Scampi curry'),
(281, '8.0', 'Super gerecht!!', 0, 'mrloonatic', 141, 'Pizza pollo'),
(291, '9.0', 'Vond dit zo lekker dat ik het weeral besteld heb,\nhaha!', 0, 'mrloonatic', 141, 'Pizza pollo'),
(311, '8.0', 'lekker opnieuw daarnet gegeten!', 0, 'ardor9', 161, 'Cheeseburger'),
(321, '9.0', 'echt super! ', 0, 'mrloonatic', 191, 'Chicken saag'),
(331, '9.0', 'Heerlijke pizza!\n', 0, 'jmhaeren', 151, 'Pizza 4 Seizoenen'),
(341, '8.0', 'Jummie!', 0, 'jmhaeren', 241, 'Pizza basilica');

-- --------------------------------------------------------

--
-- Table structure for table `Snacks`
--

CREATE TABLE IF NOT EXISTS `Snacks` (
  `naamSnack` varchar(40) NOT NULL,
  `prijs` decimal(6,2) DEFAULT NULL,
  `aantalBesteld` int(11) DEFAULT NULL,
  `menuID` int(11) NOT NULL,
  PRIMARY KEY (`naamSnack`,`menuID`),
  KEY `menuID` (`menuID`)
) ENGINE=InnoDB DEFAULT CHARSET=latin1;

--
-- Dumping data for table `Snacks`
--

INSERT INTO `Snacks` (`naamSnack`, `prijs`, `aantalBesteld`, `menuID`) VALUES
('8 Miniloempia''s', '3.30', 0, 231),
('Alfajor', '2.80', 0, 331),
('American Potatoes', '3.00', 0, 131),
('American Potatoes', '4.00', 0, 181),
('Bitterballen', '2.00', 6, 521),
('Bitterballen', '2.00', 2, 551),
('Boulet', '2.00', 0, 141),
('Boulette', '1.50', 0, 251),
('Broodje Falafel', '5.00', 0, 431),
('Broodje Gezond', '4.00', 0, 431),
('Broodje Kebab', '8.50', 0, 421),
('Broodje Kebab Ananas', '8.50', 0, 421),
('Broodje Kip Ananas', '9.00', 0, 421),
('Broodje Kip Fantasia', '7.50', 0, 431),
('Broodje Kip Kebab', '8.50', 0, 421),
('Broodje Kipshoarma', '6.50', 0, 431),
('Broodje Shoarma Varken', '6.00', 0, 431),
('Broodje Shoarme Lam', '6.50', 0, 431),
('Broodje Vegetarisch', '5.50', 0, 421),
('Buffalo Wings', '6.00', 0, 411),
('Butter nan', '2.50', 4, 171),
('Cheeseburger', '2.00', 4, 521),
('Cheeseburger', '2.00', 14, 551),
('chesse crackers', '5.00', 0, 441),
('Chicken Box', '7.00', 0, 411),
('Chicken Croqs', '5.00', 0, 401),
('Chicken dips', '5.50', 1, 241),
('Chicken Hot Fingers', '5.00', 0, 401),
('Chicken Mix', '16.00', 0, 401),
('Chicken Nuggets', '5.00', 0, 181),
('Chicken Nuggets', '4.00', 3, 261),
('Chicken Nuggets', '7.00', 0, 391),
('Chicken wings', '3.50', 0, 161),
('Chicken Wings', '4.00', 0, 181),
('Chicken wings', '5.50', 0, 241),
('Chicken Wings', '8.00', 0, 271),
('Chicken Wings', '4.00', 0, 391),
('Chicken Wings', '5.00', 0, 401),
('Chickenito''s', '6.00', 0, 411),
('crocodile dundee', '55.00', 0, 441),
('Croque in vuistje', '5.00', 0, 541),
('Dim sum mix', '8.00', 0, 311),
('Dim sum vegi ', '6.00', 1, 311),
('Dürum Falafel', '4.00', 0, 251),
('Dürüm Kebab', '4.00', 0, 351),
('Dürüm Kebab', '6.00', 0, 371),
('Dürüm Kebab', '11.00', 0, 421),
('Dürüm Kip', '5.00', 0, 251),
('Dürüm Kip', '6.00', 0, 371),
('Dürüm Kip', '11.00', 0, 421),
('Dürüm Köfte', '6.00', 0, 421),
('Dürüm Pita', '4.00', 0, 251),
('Focacciaburger', '5.50', 0, 201),
('Friet met saus', '3.00', 0, 141),
('Friet zonder saus', '2.00', 0, 141),
('Frikandel', '2.00', 0, 141),
('Frikandel', '1.50', 2, 521),
('Frikandel', '1.00', 0, 551),
('Garlic naan', '2.00', 0, 191),
('Garlic nan', '2.50', 0, 171),
('Gebakken kippenvleugels', '4.90', 0, 231),
('Homemade Gehaktbroodje', '2.80', 0, 201),
('Homemade Worstenbroodje', '2.80', 2, 201),
('Hot & Cheesy', '5.50', 0, 131),
('Kip-Kebab', '12.50', 0, 341),
('Kipcorn', '2.00', 0, 141),
('Kippenbout', '2.50', 0, 251),
('Kroepoek', '2.40', 0, 231),
('Laab Kai', '15.00', 2, 361),
('Laab Mu', '15.00', 2, 361),
('Lookbrood', '3.50', 7, 241),
('Lookbrood met Kaas ', '3.50', 0, 181),
('Lookbrood Puur', '2.95', 0, 181),
('Lookbroodjes', '2.00', 0, 131),
('Lookbroodjes', '2.90', 0, 271),
('Mexicano', '2.00', 0, 141),
('Mini Vegetarische Loempia''s', '3.00', 0, 391),
('Mozarella Sticks', '5.50', 0, 131),
('Mozzarella Sticks', '6.00', 0, 391),
('Peshawari naan', '2.00', 0, 191),
('Pikante naan ', '2.00', 1, 191),
('Pita Kebab', '5.00', 0, 351),
('Pita Kebab', '4.50', 0, 371),
('Pita Kip', '5.00', 0, 351),
('Pita Kip', '4.50', 0, 371),
('Pita Vegetarisch', '5.00', 1, 351),
('Plain naan', '1.50', 6, 191),
('Plain nan', '2.00', 0, 171),
('Potato Wedges', '5.00', 0, 411),
('Ratatouille Bladerdeeg', '3.20', 0, 201),
('Shoarma-Kip', '12.50', 0, 341),
('Spicy Chicken Wings', '5.00', 0, 401),
('Taquito''s', '6.00', 0, 411),
('Tiramisu Maison', '3.30', 2, 151),
('USA Potatoes', '3.00', 0, 391),
('Vegetarische Loempia''s', '4.00', 0, 261),
('Vietnamese Loempia', '4.50', 0, 231),
('violent hunter', '33.00', 0, 441),
('zegzgs', '12.00', 0, 191);

-- --------------------------------------------------------

--
-- Table structure for table `SnacksBehoortTot`
--

CREATE TABLE IF NOT EXISTS `SnacksBehoortTot` (
  `naamSnack` varchar(40) NOT NULL,
  `menuID` int(11) NOT NULL,
  `bestellingsID` int(11) NOT NULL,
  `aantalSnacks` int(11) DEFAULT NULL,
  PRIMARY KEY (`naamSnack`,`menuID`,`bestellingsID`),
  KEY `bestellingsID` (`bestellingsID`)
) ENGINE=InnoDB DEFAULT CHARSET=latin1;

--
-- Dumping data for table `SnacksBehoortTot`
--

INSERT INTO `SnacksBehoortTot` (`naamSnack`, `menuID`, `bestellingsID`, `aantalSnacks`) VALUES
('Bitterballen', 521, 280, 1),
('Bitterballen', 521, 290, 1),
('Bitterballen', 521, 350, 3),
('Bitterballen', 521, 360, 1),
('Bitterballen', 551, 560, 2),
('Butter nan', 171, 60, 1),
('Butter nan', 171, 100, 2),
('Butter nan', 171, 230, 1),
('Cheeseburger', 521, 280, 1),
('Cheeseburger', 521, 290, 1),
('Cheeseburger', 521, 350, 1),
('Cheeseburger', 521, 360, 1),
('Cheeseburger', 551, 570, 9),
('Cheeseburger', 551, 580, 5),
('Chicken dips', 241, 140, 1),
('Chicken Nuggets', 261, 100, 3),
('Dim sum vegi ', 311, 40, 1),
('Frikandel', 521, 280, 1),
('Frikandel', 521, 290, 1),
('Laab Kai', 361, 210, 2),
('Laab Mu', 361, 230, 2),
('Lookbrood', 241, 110, 2),
('Lookbrood', 241, 120, 2),
('Lookbrood', 241, 130, 2),
('Lookbrood', 241, 160, 1),
('Pikante naan ', 191, 20, 1),
('Pita Vegetarisch', 351, 350, 1),
('Plain naan', 191, 20, 1),
('Plain naan', 191, 160, 3),
('Plain naan', 191, 400, 2);

-- --------------------------------------------------------

--
-- Table structure for table `Soort`
--

CREATE TABLE IF NOT EXISTS `Soort` (
  `naamTakeAway` varchar(20) NOT NULL,
  `categorie` varchar(20) NOT NULL,
  PRIMARY KEY (`naamTakeAway`,`categorie`)
) ENGINE=InnoDB DEFAULT CHARSET=latin1;

--
-- Dumping data for table `Soort`
--

INSERT INTO `Soort` (`naamTakeAway`, `categorie`) VALUES
('Bangkok Delicious', 'Thais'),
('Bangkok Delicious', 'Wok'),
('Buddha House', 'Indisch'),
('Buddha house', 'Thais'),
('De Nijl', 'Pita-Kebab'),
('De Nijl', 'Pizza'),
('Diamond Sushi', 'Sushi'),
('Diamond Sushi', 'Wok'),
('Dominos Pizza', 'Pizza'),
('eat meat', 'meatballs'),
('eat meat', 'puur meat'),
('Eethuis Hoekske', 'Halal'),
('Eethuis Hoekske', 'Pita-Kebab'),
('Eethuis Hoekske', 'Pizza'),
('FEB Friet', 'Frieten'),
('Food!', 'Pasta'),
('Food!', 'Snacks'),
('Jeruzalem', 'Grill'),
('Jeruzalem', 'Pizza'),
('Joker Pizza ', 'Pasta'),
('Joker Pizza ', 'Pizza'),
('Kanikama Sushi', 'Sushi'),
('Kanikama Sushi', 'Wok'),
('King Pizza ', 'Pasta'),
('King Pizza ', 'Pizza'),
('Kingslize Pizza', 'Pizza'),
('La Strada', 'Pita-Kebab'),
('La Strada', 'Pizza'),
('La Toscana', 'Pita-Kebab'),
('La Toscana', 'Pizza'),
('Marmara', 'Pita-Kebab'),
('Marmara', 'Pizza'),
('matthis friet', 'Lunch'),
('matthis friet', 'Snacks'),
('Morenas Pizza ', 'Pasta'),
('Morenas Pizza ', 'Pizza'),
('Mr. Food Oostkamp', 'Pasta'),
('Mr. Food Oostkamp', 'Pizza'),
('Mr. Munchies', 'Broodjes'),
('Mr. Munchies', 'Lunch'),
('New Holy Cow', 'Indisch'),
('New Holy Cow', 'Nepalees'),
('Pitza Service Gent', 'Pasta'),
('Pitza Service Gent', 'Pizza'),
('Pizza City Da Mario', 'Pasta'),
('Pizza City Da Mario', 'Pizza'),
('Pizza Halal', 'Thais'),
('Pizza Hut', 'Pizza'),
('Pizza Milano', 'Pita-Kebab'),
('Pizza Milano', 'Pizza'),
('Sezer Pizza', 'Pasta'),
('Sezer Pizza', 'Pizza'),
('Snack Pamukkale', 'Pita-Kebab'),
('Snack Pamukkale', 'Pizza'),
('Snack Yasmin', 'Pita-Kebab'),
('Snack Yasmin', 'Pizza'),
('Sushi Palace', 'Sushi'),
('Wok Express', 'Chinees'),
('Wok Express', 'Wok'),
('Yssi', 'Pita-Kebab'),
('Yssi', 'Pizza');

-- --------------------------------------------------------

--
-- Table structure for table `TakeAway`
--

CREATE TABLE IF NOT EXISTS `TakeAway` (
  `naamTakeAway` varchar(40) NOT NULL,
  `vanafBepaaldBedragkorting` int(11) DEFAULT NULL,
  `gegevenKorting` decimal(6,2) DEFAULT NULL,
  `paswoord` varchar(20) DEFAULT NULL,
  `aantalBestellingenTA` int(11) DEFAULT NULL,
  `menuID` int(11) NOT NULL,
  `emailTakeAway` varchar(50) DEFAULT NULL,
  `status` varchar(20) NOT NULL DEFAULT 'pending',
  PRIMARY KEY (`naamTakeAway`),
  KEY `menuID` (`menuID`)
) ENGINE=InnoDB DEFAULT CHARSET=latin1;

--
-- Dumping data for table `TakeAway`
--

INSERT INTO `TakeAway` (`naamTakeAway`, `vanafBepaaldBedragkorting`, `gegevenKorting`, `paswoord`, `aantalBestellingenTA`, `menuID`, `emailTakeAway`, `status`) VALUES
('Bangkok Delicious', 0, '0.00', '12345678', 3, 361, NULL, 'actief'),
('Buddha House', 23, '2.00', '123456789', 9, 191, 'test17@ugent.be', 'actief'),
('Chinees Restaurant Panda', 0, '0.00', '12345678', 0, 231, NULL, 'actief'),
('De Nijl', 0, '0.00', '12345678', 5, 301, NULL, 'actief'),
('Diamond Sushi', 0, '0.00', '12345678', 4, 311, NULL, 'actief'),
('Dominos Pizza', 0, '0.00', '12345678', 6, 411, NULL, 'actief'),
('eat meat', 0, '0.00', 'meatmeat', 1, 441, NULL, 'actief'),
('Eethuis Hoekske', 0, '0.00', '12345678', 0, 421, NULL, 'actief'),
('Empanadas Bar Buenos Aires', 0, '0.00', '12345678', 0, 331, NULL, 'actief'),
('FEB Friet', 20, '0.10', '12345678', 4, 551, 'jokehaerens@hotmail.com', 'actief'),
('Food!', 0, '0.00', '12345678', 10, 201, NULL, 'actief'),
('Jeruzalem', 0, '0.00', '12345678', 0, 431, NULL, 'actief'),
('Joker Pizza ', 0, '0.00', '12345678', 1, 291, NULL, 'actief'),
('Kanikama Sushi', 0, '0.00', '12345678', 0, 381, NULL, 'actief'),
('King Pizza ', 0, '0.00', '12345678', 0, 281, NULL, 'actief'),
('Kingslize Pizza', 0, '0.00', '12345678', 9, 241, NULL, 'actief'),
('La Strada', 0, '0.00', '12345678', 0, 271, NULL, 'passief'),
('La Toscana', 0, '0.00', '12345678', 0, 141, NULL, 'actief'),
('Marmara', 0, '0.00', '12345678', 0, 341, NULL, 'actief'),
('matthis friet', 15, '2.00', 'wachtwoord', 0, 541, 'matthiasadriaens@gmail.com', 'actief'),
('Morenas Pizza ', 0, '0.00', '12345678', 0, 221, NULL, 'actief'),
('Mr. Food Oostkamp', 0, '0.00', '12345678', 1, 391, NULL, 'actief'),
('Mr. Munchies', 0, '0.00', '12345678', 1, 161, NULL, 'actief'),
('New Holy Cow', 0, '0.00', '12345678', 2, 171, NULL, 'actief'),
('Pitza Service Gent', 0, '0.00', '12345678', 0, 181, NULL, 'passief'),
('Pizza City Da Mario', 0, '0.00', '12345678', 3, 151, NULL, 'actief'),
('Pizza Halal', 20, '0.05', '12345678', 4, 511, 'halal@hotmail.com', 'passief'),
('Pizza Hut', 0, '0.00', '12345678', 0, 401, NULL, 'passief'),
('Pizza Milano', 0, '0.00', '12345678', 2, 351, NULL, 'actief'),
('Sezer Pizza', 0, '0.00', '12345678', 0, 131, NULL, 'passief'),
('Snack Pamukkale', 0, '0.00', '12345678', 1, 251, NULL, 'actief'),
('Snack Yasmin', 0, '0.00', '12345678', 0, 371, NULL, 'actief'),
('Sushi Palace', 0, '0.00', '12345678', 2, 321, NULL, 'actief'),
('Wok Express', 0, '0.00', '12345678', 4, 261, NULL, 'actief'),
('Yssi', 50, '5.00', '12345678', 0, 451, NULL, 'actief');

-- --------------------------------------------------------

--
-- Table structure for table `Vestiging`
--

CREATE TABLE IF NOT EXISTS `Vestiging` (
  `vestigingsID` int(11) NOT NULL AUTO_INCREMENT,
  `leveringskosten` decimal(6,2) DEFAULT NULL,
  `aantalBestellingenV` int(11) DEFAULT NULL,
  `naamTakeAway` varchar(40) NOT NULL,
  `straat` varchar(50) DEFAULT NULL,
  `huisnummer` int(11) DEFAULT NULL,
  `postcode` int(11) NOT NULL,
  `gemeente` varchar(30) NOT NULL,
  PRIMARY KEY (`vestigingsID`),
  KEY `postcode` (`postcode`,`gemeente`),
  KEY `naamTakeAway` (`naamTakeAway`)
) ENGINE=InnoDB  DEFAULT CHARSET=latin1 AUTO_INCREMENT=1071 ;

--
-- Dumping data for table `Vestiging`
--

INSERT INTO `Vestiging` (`vestigingsID`, `leveringskosten`, `aantalBestellingenV`, `naamTakeAway`, `straat`, `huisnummer`, `postcode`, `gemeente`) VALUES
(50, '0.00', 0, 'Chinees Restaurant Panda', 'dendermondsesteenweg', 13, 9000, 'gent'),
(60, NULL, 4, 'Wok Express', 'Sint-Kwintensberg', 60, 9000, 'Gent'),
(141, '0.00', 0, 'Sezer Pizza', 'Emilius Seghersplein', 5, 9000, 'Gent'),
(151, '0.00', 0, 'La Toscana', 'Dorpstraat ', 27, 3040, 'Neerijse'),
(161, '0.00', 3, 'Pizza City Da Mario', 'Vlaanderenstraat', 85, 9000, 'Gent'),
(171, '0.00', 1, 'Mr. Munchies', 'Brusselsestraat', 41, 3000, 'Leuven'),
(181, '0.00', 2, 'New Holy Cow', 'Naamsestraat', 51, 3000, 'Leuven'),
(191, '0.00', 0, 'Pitza Service Gent', 'Walpoortstraat', 7, 9000, 'Gent'),
(201, '0.00', 6, 'Buddha House', 'Tiensestraat ', 79, 3000, 'Leuven'),
(211, '3.50', 10, 'Food!', 'Kammerstraat/Vrijdagsmarkt', 5, 9000, 'Gent'),
(221, '0.00', 0, 'Morenas Pizza ', 'Dorpstraat', 16, 3050, 'Oud-Heverlee'),
(231, '0.00', 8, 'Kingslize Pizza', 'Nekkerspoelstraat', 6, 2800, 'Mechelen'),
(241, '0.00', 1, 'Kingslize Pizza', 'Mechelsesteenweg', 1, 2500, 'Lier'),
(251, '0.00', 0, 'Kingslize Pizza', 'Driekoningenstraat', 92, 2600, 'Berchem'),
(261, '0.00', 1, 'Snack Pamukkale', 'Bevrijdingslaan', 168, 9000, 'Gent'),
(271, '0.00', 0, 'La Strada', 'Overpoortstraat', 100, 9000, 'Gent'),
(281, '0.00', 0, 'King Pizza ', 'Van Durmestraat ', 2, 9100, 'Sint-Niklaas'),
(291, '0.00', 1, 'Joker Pizza ', 'Houtbriel', 34, 9100, 'Sint-Niklaas'),
(301, '0.00', 5, 'De Nijl', 'Nieuwkerkenstraat ', 143, 9100, 'Nieuwkerken-Waas'),
(311, '0.00', 4, 'Diamond Sushi', 'Graaf van Eggemontstraat', 47, 2000, 'Antwerpen'),
(321, '0.00', 2, 'Sushi Palace', 'Jules Moretuslei', 379, 2610, 'Wilrijk'),
(331, '0.00', 0, 'Sushi Palace', 'Nationalestraat ', 41, 2000, 'Antwerpen'),
(341, '0.00', 0, 'Empanadas Bar Buenos Aires', 'Koepoortbrug ', 3, 2000, 'Antwerpen'),
(351, '0.00', 0, 'Marmara', 'Kanaalstraat', 29, 9060, 'Zelzate'),
(361, '0.00', 2, 'Pizza Milano', 'Sleepstraat', 176, 9000, 'Gent'),
(371, '0.00', 3, 'Bangkok Delicious', 'Langestraat', 81, 8000, 'Brugge'),
(381, '0.00', 0, 'Snack Yasmin', 'Langestraat', 101, 8000, 'Brugge'),
(391, '0.00', 0, 'Kanikama Sushi', 'Vlamingstraat', 6, 8000, 'Brugge'),
(401, '0.00', 1, 'Mr. Food Oostkamp', 'Kortrijksestraat', 126, 8020, 'Oostkamp'),
(411, '0.00', 0, 'Pizza Hut', 'Bd du Souverain', 240, 1160, 'Oudergem'),
(421, '0.00', 0, 'Pizza Hut', 'Boulevard Anspach', 69, 1000, 'Brussel'),
(431, '0.00', 0, 'Pizza Hut', 'de Keyserlei', 51, 2018, 'Antwerpen'),
(441, '0.00', 0, 'Pizza Hut', 'Simon Stevinplein', 2, 8000, 'Brugge'),
(451, '0.00', 0, 'Pizza Hut', 'Herckenrodesingel', 2, 3500, 'Hasselt'),
(461, '0.00', 0, 'Pizza Hut', 'Bredabaan', 967, 2900, 'Schoten'),
(471, '0.00', 0, 'Pizza Hut', 'Chaussée de Bruxelles', 293, 1410, 'Waterloo'),
(481, '0.00', 0, 'Pizza Hut', 'Paul Gilsonlaan', 255, 1620, 'Drogenbos'),
(491, '0.00', 0, 'Pizza Hut', 'Place de l''Ange', 30, 5000, 'Namur'),
(501, '0.00', 0, 'Pizza Hut', 'Terbekehofdreef', 1, 2610, 'Wilrijk'),
(511, '0.00', 0, 'Pizza Hut', 'Antwerpse Weg', 57, 2440, 'Geel'),
(521, '0.00', 0, 'Pizza Hut', 'Romeinsesteenweg', 950, 1780, 'Wemmel'),
(531, '0.00', 0, 'Pizza Hut', 'Leopold 1 Straat', 432, 1090, 'Jette'),
(541, '0.00', 0, 'Pizza Hut', 'Lange Leemstraat', 11, 2018, 'Antwerpen'),
(551, '0.00', 0, 'Pizza Hut', 'Ch. de Louvain', 874, 1140, 'Evere'),
(561, '0.00', 0, 'Pizza Hut', 'Brugsesteenweg', 383, 8800, 'Roeselare'),
(571, '0.00', 0, 'Pizza Hut', 'Torhoutsesteenweg', 124, 8400, 'Oostende'),
(581, '0.00', 0, 'Pizza Hut', 'Brusselsepoortstraat', 2, 2800, 'Mechelen'),
(591, '0.00', 0, 'Pizza Hut', 'Gentseweg', 556, 8790, 'Waregem'),
(601, '0.00', 0, 'Pizza Hut', 'Torhoutsesteenweg', 270, 8200, 'Sint-Andries'),
(611, '0.00', 0, 'Pizza Hut', 'Hendrik Consciencestraat', 31, 8500, 'Kortrijk'),
(621, '0.00', 0, 'Pizza Hut', 'Charles de Kerckhovenlaan', 91, 9000, 'Gent'),
(631, '0.00', 0, 'Pizza Hut', 'Heilig Hartlaan', 115, 9300, 'Aalst'),
(641, '0.00', 0, 'Pizza Hut', 'Mechelsesteenweg', 149, 1970, 'Wezembeek-Oppem'),
(651, '0.00', 0, 'Pizza Hut', 'Grote Steenweg', 563, 2600, 'Berchem'),
(661, '0.00', 0, 'Pizza Hut', 'Frans Van Kalkenlaan', 2, 1070, 'Anderlecht'),
(671, '0.00', 0, 'Pizza Hut', 'Ch. de Gand', 567, 1080, 'Sint-Jans-Molenbeek'),
(681, '0.00', 1, 'Dominos Pizza', 'Frankrijklei', 2, 2000, 'Antwerpen'),
(691, '0.00', 0, 'Dominos Pizza', 'Herentalsebaan', 251, 2100, 'Deurne'),
(701, '0.00', 0, 'Dominos Pizza', 'Boomstraat', 69, 2880, 'Bornem'),
(711, '0.00', 0, 'Dominos Pizza', 'Sint Bernardsesteenweg', 155, 2020, 'Antwerpen'),
(721, '0.00', 0, 'Dominos Pizza', 'Bredabaan', 519, 2170, 'Merksem'),
(731, '0.00', 5, 'Dominos Pizza', 'Overpoortstraat', 57, 9000, 'Gent'),
(741, '0.00', 0, 'Dominos Pizza', 'Diestsestraat', 265, 3000, 'Leuven'),
(751, '0.00', 0, 'Dominos Pizza', 'Waterpoort', 2, 8500, 'Kortrijk'),
(761, '0.00', 0, 'Dominos Pizza', 'Sint Amandstraat', 20, 8800, 'Roeselare'),
(771, '0.00', 0, 'Dominos Pizza', 'Boulevard du Jardin Botanique', 2, 1000, 'Brussel'),
(781, '0.00', 0, 'Dominos Pizza', 'Place Bizet', 5, 1070, 'Anderlecht'),
(791, '0.00', 0, 'Dominos Pizza', 'Chaussee de Haecht', 1165, 1140, 'Evere'),
(801, '0.00', 0, 'Dominos Pizza', 'Avenue de Jette', 286, 1090, 'Jette'),
(811, '0.00', 0, 'Dominos Pizza', 'Square de vieux Tilleul', 6, 1050, 'Elsene'),
(821, '0.00', 0, 'Dominos Pizza', 'Rue de Wand', 253, 1020, 'Laken '),
(831, '0.00', 0, 'Dominos Pizza', 'Avenue Georges Henri', 338, 1200, 'Sint-Lambrechts-Woluwe'),
(841, '0.00', 0, 'Dominos Pizza', 'Boulevard Henri Rollin', 2, 1410, 'Waterloo'),
(851, '0.00', 0, 'Dominos Pizza', 'Rue de la Tour', 10, 5000, 'Namur'),
(861, '0.00', 0, 'Eethuis Hoekske', 'Runkstersteenweg', 168, 3500, 'Hasselt'),
(871, '0.00', 0, 'Jeruzalem', 'Schietboomstraat', 30, 3600, 'Genk'),
(881, '0.00', 1, 'eat meat', 'damstraat ', 93, 9220, 'Hamme '),
(891, '0.00', 0, 'eat meat', 'vriesenrot', 7, 9200, 'Dendermonde'),
(901, '0.00', 0, 'Yssi', 'visserskaai', 36, 8400, 'Oostende'),
(961, '1.00', 4, 'Pizza Halal', 'Pandstraat', 12, 9000, 'Gent'),
(991, '2.00', 3, 'Buddha House', 'Molenaarsstraat', 11, 9200, 'Appels'),
(1001, '2.00', 0, 'matthis friet', 'metdepenningenstraat', 8, 9000, 'Gent'),
(1061, '2.00', 4, 'FEB Friet', 'Tweekerkenstraat', 2, 9000, 'Gent');

--
-- Constraints for dumped tables
--

--
-- Constraints for table `AwardTakeAway`
--
ALTER TABLE `AwardTakeAway`
  ADD CONSTRAINT `AwardTakeAway_ibfk_1` FOREIGN KEY (`naamTakeAway`) REFERENCES `TakeAway` (`naamTakeAway`) ON DELETE NO ACTION ON UPDATE CASCADE;

--
-- Constraints for table `Bestelling`
--
ALTER TABLE `Bestelling`
  ADD CONSTRAINT `Bestelling_ibfk_2` FOREIGN KEY (`klantLogin`) REFERENCES `Klant` (`klantLogin`) ON DELETE NO ACTION ON UPDATE CASCADE,
  ADD CONSTRAINT `Bestelling_ibfk_1` FOREIGN KEY (`postcode`, `gemeente`) REFERENCES `Gemeenten` (`postcode`, `gemeente`);

--
-- Constraints for table `Bijgerechten`
--
ALTER TABLE `Bijgerechten`
  ADD CONSTRAINT `Bijgerechten_ibfk_1` FOREIGN KEY (`menuID`) REFERENCES `Menu` (`menuID`) ON DELETE CASCADE;

--
-- Constraints for table `BijgerechtenBehoortTot`
--
ALTER TABLE `BijgerechtenBehoortTot`
  ADD CONSTRAINT `BijgerechtenBehoortTot_ibfk_2` FOREIGN KEY (`bestellingsID`) REFERENCES `Bestelling` (`bestellingsID`),
  ADD CONSTRAINT `BijgerechtenBehoortTot_ibfk_1` FOREIGN KEY (`naamBijgerecht`, `menuID`) REFERENCES `Bijgerechten` (`naamBijgerecht`, `menuID`);

--
-- Constraints for table `Dranken`
--
ALTER TABLE `Dranken`
  ADD CONSTRAINT `Dranken_ibfk_1` FOREIGN KEY (`menuID`) REFERENCES `Menu` (`menuID`) ON DELETE CASCADE;

--
-- Constraints for table `DrankenBehoortTot`
--
ALTER TABLE `DrankenBehoortTot`
  ADD CONSTRAINT `DrankenBehoortTot_ibfk_2` FOREIGN KEY (`bestellingsID`) REFERENCES `Bestelling` (`bestellingsID`),
  ADD CONSTRAINT `DrankenBehoortTot_ibfk_1` FOREIGN KEY (`naamDrank`, `menuID`) REFERENCES `Dranken` (`naamDrank`, `menuID`);

--
-- Constraints for table `GeplaatstBij`
--
ALTER TABLE `GeplaatstBij`
  ADD CONSTRAINT `GeplaatstBij_ibfk_5` FOREIGN KEY (`vestigingsID`) REFERENCES `Vestiging` (`vestigingsID`) ON DELETE NO ACTION,
  ADD CONSTRAINT `GeplaatstBij_ibfk_4` FOREIGN KEY (`bestellingsID`) REFERENCES `Bestelling` (`bestellingsID`);

--
-- Constraints for table `Gerechten`
--
ALTER TABLE `Gerechten`
  ADD CONSTRAINT `Gerechten_ibfk_1` FOREIGN KEY (`menuID`) REFERENCES `Menu` (`menuID`) ON DELETE CASCADE;

--
-- Constraints for table `GerechtenBehoortTot`
--
ALTER TABLE `GerechtenBehoortTot`
  ADD CONSTRAINT `GerechtenBehoortTot_ibfk_2` FOREIGN KEY (`bestellingsID`) REFERENCES `Bestelling` (`bestellingsID`),
  ADD CONSTRAINT `GerechtenBehoortTot_ibfk_1` FOREIGN KEY (`naamGerecht`, `menuID`) REFERENCES `Gerechten` (`naamGerecht`, `menuID`);

--
-- Constraints for table `Klant`
--
ALTER TABLE `Klant`
  ADD CONSTRAINT `Klant_ibfk_1` FOREIGN KEY (`postcode`, `gemeente`) REFERENCES `Gemeenten` (`postcode`, `gemeente`);

--
-- Constraints for table `KortingenBestelling`
--
ALTER TABLE `KortingenBestelling`
  ADD CONSTRAINT `KortingenBestelling_ibfk_4` FOREIGN KEY (`codecombinatie`) REFERENCES `Kortingscode` (`codecombinatie`) ON DELETE NO ACTION,
  ADD CONSTRAINT `KortingenBestelling_ibfk_3` FOREIGN KEY (`bestellingsID`) REFERENCES `Bestelling` (`bestellingsID`);

--
-- Constraints for table `KortingenKlant`
--
ALTER TABLE `KortingenKlant`
  ADD CONSTRAINT `KortingenKlant_ibfk_4` FOREIGN KEY (`codecombinatie`) REFERENCES `Kortingscode` (`codecombinatie`) ON DELETE CASCADE,
  ADD CONSTRAINT `KortingenKlant_ibfk_3` FOREIGN KEY (`klantLogin`) REFERENCES `Klant` (`klantLogin`) ON DELETE CASCADE ON UPDATE CASCADE;

--
-- Constraints for table `Kortingscode`
--
ALTER TABLE `Kortingscode`
  ADD CONSTRAINT `Kortingscode_ibfk_4` FOREIGN KEY (`vestigingsID`) REFERENCES `Vestiging` (`vestigingsID`) ON DELETE CASCADE,
  ADD CONSTRAINT `Kortingscode_ibfk_1` FOREIGN KEY (`naamTakeAway`) REFERENCES `TakeAway` (`naamTakeAway`) ON DELETE CASCADE ON UPDATE CASCADE,
  ADD CONSTRAINT `Kortingscode_ibfk_3` FOREIGN KEY (`naamGerecht`, `menuID`) REFERENCES `Gerechten` (`naamGerecht`, `menuID`);

--
-- Constraints for table `Review`
--
ALTER TABLE `Review`
  ADD CONSTRAINT `Review_ibfk_3` FOREIGN KEY (`klantLogin`) REFERENCES `Klant` (`klantLogin`) ON DELETE NO ACTION ON UPDATE CASCADE,
  ADD CONSTRAINT `Review_ibfk_2` FOREIGN KEY (`naamGerecht`, `menuID`) REFERENCES `Gerechten` (`naamGerecht`, `menuID`);

--
-- Constraints for table `Snacks`
--
ALTER TABLE `Snacks`
  ADD CONSTRAINT `Snacks_ibfk_1` FOREIGN KEY (`menuID`) REFERENCES `Menu` (`menuID`) ON DELETE CASCADE;

--
-- Constraints for table `SnacksBehoortTot`
--
ALTER TABLE `SnacksBehoortTot`
  ADD CONSTRAINT `SnacksBehoortTot_ibfk_2` FOREIGN KEY (`bestellingsID`) REFERENCES `Bestelling` (`bestellingsID`),
  ADD CONSTRAINT `SnacksBehoortTot_ibfk_1` FOREIGN KEY (`naamSnack`, `menuID`) REFERENCES `Snacks` (`naamSnack`, `menuID`);

--
-- Constraints for table `Soort`
--
ALTER TABLE `Soort`
  ADD CONSTRAINT `Soort_ibfk_1` FOREIGN KEY (`naamTakeAway`) REFERENCES `TakeAway` (`naamTakeAway`) ON DELETE CASCADE ON UPDATE CASCADE;

--
-- Constraints for table `TakeAway`
--
ALTER TABLE `TakeAway`
  ADD CONSTRAINT `TakeAway_ibfk_1` FOREIGN KEY (`menuID`) REFERENCES `Menu` (`menuID`);

--
-- Constraints for table `Vestiging`
--
ALTER TABLE `Vestiging`
  ADD CONSTRAINT `Vestiging_ibfk_3` FOREIGN KEY (`naamTakeAway`) REFERENCES `TakeAway` (`naamTakeAway`) ON DELETE CASCADE ON UPDATE CASCADE,
  ADD CONSTRAINT `Vestiging_ibfk_2` FOREIGN KEY (`postcode`, `gemeente`) REFERENCES `Gemeenten` (`postcode`, `gemeente`);
--
-- Database: `information_schema`
--
CREATE DATABASE `information_schema` DEFAULT CHARACTER SET utf8 COLLATE utf8_general_ci;
USE `information_schema`;

-- --------------------------------------------------------

--
-- Table structure for table `CHARACTER_SETS`
--

CREATE TEMPORARY TABLE `CHARACTER_SETS` (
  `CHARACTER_SET_NAME` varchar(32) NOT NULL DEFAULT '',
  `DEFAULT_COLLATE_NAME` varchar(32) NOT NULL DEFAULT '',
  `DESCRIPTION` varchar(60) NOT NULL DEFAULT '',
  `MAXLEN` bigint(3) NOT NULL DEFAULT '0'
) ENGINE=MEMORY DEFAULT CHARSET=utf8;

--
-- Dumping data for table `CHARACTER_SETS`
--

INSERT INTO `CHARACTER_SETS` (`CHARACTER_SET_NAME`, `DEFAULT_COLLATE_NAME`, `DESCRIPTION`, `MAXLEN`) VALUES
('big5', 'big5_chinese_ci', 'Big5 Traditional Chinese', 2),
('dec8', 'dec8_swedish_ci', 'DEC West European', 1),
('cp850', 'cp850_general_ci', 'DOS West European', 1),
('hp8', 'hp8_english_ci', 'HP West European', 1),
('koi8r', 'koi8r_general_ci', 'KOI8-R Relcom Russian', 1),
('latin1', 'latin1_swedish_ci', 'cp1252 West European', 1),
('latin2', 'latin2_general_ci', 'ISO 8859-2 Central European', 1),
('swe7', 'swe7_swedish_ci', '7bit Swedish', 1),
('ascii', 'ascii_general_ci', 'US ASCII', 1),
('ujis', 'ujis_japanese_ci', 'EUC-JP Japanese', 3),
('sjis', 'sjis_japanese_ci', 'Shift-JIS Japanese', 2),
('hebrew', 'hebrew_general_ci', 'ISO 8859-8 Hebrew', 1),
('tis620', 'tis620_thai_ci', 'TIS620 Thai', 1),
('euckr', 'euckr_korean_ci', 'EUC-KR Korean', 2),
('koi8u', 'koi8u_general_ci', 'KOI8-U Ukrainian', 1),
('gb2312', 'gb2312_chinese_ci', 'GB2312 Simplified Chinese', 2),
('greek', 'greek_general_ci', 'ISO 8859-7 Greek', 1),
('cp1250', 'cp1250_general_ci', 'Windows Central European', 1),
('gbk', 'gbk_chinese_ci', 'GBK Simplified Chinese', 2),
('latin5', 'latin5_turkish_ci', 'ISO 8859-9 Turkish', 1),
('armscii8', 'armscii8_general_ci', 'ARMSCII-8 Armenian', 1),
('utf8', 'utf8_general_ci', 'UTF-8 Unicode', 3),
('ucs2', 'ucs2_general_ci', 'UCS-2 Unicode', 2),
('cp866', 'cp866_general_ci', 'DOS Russian', 1),
('keybcs2', 'keybcs2_general_ci', 'DOS Kamenicky Czech-Slovak', 1),
('macce', 'macce_general_ci', 'Mac Central European', 1),
('macroman', 'macroman_general_ci', 'Mac West European', 1),
('cp852', 'cp852_general_ci', 'DOS Central European', 1),
('latin7', 'latin7_general_ci', 'ISO 8859-13 Baltic', 1),
('utf8mb4', 'utf8mb4_general_ci', 'UTF-8 Unicode', 4),
('cp1251', 'cp1251_general_ci', 'Windows Cyrillic', 1),
('utf16', 'utf16_general_ci', 'UTF-16 Unicode', 4),
('cp1256', 'cp1256_general_ci', 'Windows Arabic', 1),
('cp1257', 'cp1257_general_ci', 'Windows Baltic', 1),
('utf32', 'utf32_general_ci', 'UTF-32 Unicode', 4),
('binary', 'binary', 'Binary pseudo charset', 1),
('geostd8', 'geostd8_general_ci', 'GEOSTD8 Georgian', 1),
('cp932', 'cp932_japanese_ci', 'SJIS for Windows Japanese', 2),
('eucjpms', 'eucjpms_japanese_ci', 'UJIS for Windows Japanese', 3);

-- --------------------------------------------------------

--
-- Table structure for table `CLIENT_STATISTICS`
--

CREATE TEMPORARY TABLE `CLIENT_STATISTICS` (
  `CLIENT` varchar(64) NOT NULL DEFAULT '',
  `TOTAL_CONNECTIONS` int(21) NOT NULL DEFAULT '0',
  `CONCURRENT_CONNECTIONS` int(21) NOT NULL DEFAULT '0',
  `CONNECTED_TIME` int(21) NOT NULL DEFAULT '0',
  `BUSY_TIME` int(21) NOT NULL DEFAULT '0',
  `CPU_TIME` int(21) NOT NULL DEFAULT '0',
  `BYTES_RECEIVED` int(21) NOT NULL DEFAULT '0',
  `BYTES_SENT` int(21) NOT NULL DEFAULT '0',
  `BINLOG_BYTES_WRITTEN` int(21) NOT NULL DEFAULT '0',
  `ROWS_FETCHED` int(21) NOT NULL DEFAULT '0',
  `ROWS_UPDATED` int(21) NOT NULL DEFAULT '0',
  `TABLE_ROWS_READ` int(21) NOT NULL DEFAULT '0',
  `SELECT_COMMANDS` int(21) NOT NULL DEFAULT '0',
  `UPDATE_COMMANDS` int(21) NOT NULL DEFAULT '0',
  `OTHER_COMMANDS` int(21) NOT NULL DEFAULT '0',
  `COMMIT_TRANSACTIONS` int(21) NOT NULL DEFAULT '0',
  `ROLLBACK_TRANSACTIONS` int(21) NOT NULL DEFAULT '0',
  `DENIED_CONNECTIONS` int(21) NOT NULL DEFAULT '0',
  `LOST_CONNECTIONS` int(21) NOT NULL DEFAULT '0',
  `ACCESS_DENIED` int(21) NOT NULL DEFAULT '0',
  `EMPTY_QUERIES` int(21) NOT NULL DEFAULT '0'
) ENGINE=MEMORY DEFAULT CHARSET=utf8;

--
-- Dumping data for table `CLIENT_STATISTICS`
--
-- in use (#1227 - Access denied; you need (at least one of) the PROCESS,SUPER privilege(s) for this operation)

-- --------------------------------------------------------

--
-- Table structure for table `COLLATIONS`
--

CREATE TEMPORARY TABLE `COLLATIONS` (
  `COLLATION_NAME` varchar(32) NOT NULL DEFAULT '',
  `CHARACTER_SET_NAME` varchar(32) NOT NULL DEFAULT '',
  `ID` bigint(11) NOT NULL DEFAULT '0',
  `IS_DEFAULT` varchar(3) NOT NULL DEFAULT '',
  `IS_COMPILED` varchar(3) NOT NULL DEFAULT '',
  `SORTLEN` bigint(3) NOT NULL DEFAULT '0'
) ENGINE=MEMORY DEFAULT CHARSET=utf8;

--
-- Dumping data for table `COLLATIONS`
--

INSERT INTO `COLLATIONS` (`COLLATION_NAME`, `CHARACTER_SET_NAME`, `ID`, `IS_DEFAULT`, `IS_COMPILED`, `SORTLEN`) VALUES
('big5_chinese_ci', 'big5', 1, 'Yes', 'Yes', 1),
('big5_bin', 'big5', 84, '', 'Yes', 1),
('dec8_swedish_ci', 'dec8', 3, 'Yes', 'Yes', 1),
('dec8_bin', 'dec8', 69, '', 'Yes', 1),
('cp850_general_ci', 'cp850', 4, 'Yes', 'Yes', 1),
('cp850_bin', 'cp850', 80, '', 'Yes', 1),
('hp8_english_ci', 'hp8', 6, 'Yes', 'Yes', 1),
('hp8_bin', 'hp8', 72, '', 'Yes', 1),
('koi8r_general_ci', 'koi8r', 7, 'Yes', 'Yes', 1),
('koi8r_bin', 'koi8r', 74, '', 'Yes', 1),
('latin1_german1_ci', 'latin1', 5, '', 'Yes', 1),
('latin1_swedish_ci', 'latin1', 8, 'Yes', 'Yes', 1),
('latin1_danish_ci', 'latin1', 15, '', 'Yes', 1),
('latin1_german2_ci', 'latin1', 31, '', 'Yes', 2),
('latin1_bin', 'latin1', 47, '', 'Yes', 1),
('latin1_general_ci', 'latin1', 48, '', 'Yes', 1),
('latin1_general_cs', 'latin1', 49, '', 'Yes', 1),
('latin1_spanish_ci', 'latin1', 94, '', 'Yes', 1),
('latin2_czech_cs', 'latin2', 2, '', 'Yes', 4),
('latin2_general_ci', 'latin2', 9, 'Yes', 'Yes', 1),
('latin2_hungarian_ci', 'latin2', 21, '', 'Yes', 1),
('latin2_croatian_ci', 'latin2', 27, '', 'Yes', 1),
('latin2_bin', 'latin2', 77, '', 'Yes', 1),
('swe7_swedish_ci', 'swe7', 10, 'Yes', 'Yes', 1),
('swe7_bin', 'swe7', 82, '', 'Yes', 1),
('ascii_general_ci', 'ascii', 11, 'Yes', 'Yes', 1),
('ascii_bin', 'ascii', 65, '', 'Yes', 1),
('ujis_japanese_ci', 'ujis', 12, 'Yes', 'Yes', 1),
('ujis_bin', 'ujis', 91, '', 'Yes', 1),
('sjis_japanese_ci', 'sjis', 13, 'Yes', 'Yes', 1),
('sjis_bin', 'sjis', 88, '', 'Yes', 1),
('hebrew_general_ci', 'hebrew', 16, 'Yes', 'Yes', 1),
('hebrew_bin', 'hebrew', 71, '', 'Yes', 1),
('tis620_thai_ci', 'tis620', 18, 'Yes', 'Yes', 4),
('tis620_bin', 'tis620', 89, '', 'Yes', 1),
('euckr_korean_ci', 'euckr', 19, 'Yes', 'Yes', 1),
('euckr_bin', 'euckr', 85, '', 'Yes', 1),
('koi8u_general_ci', 'koi8u', 22, 'Yes', 'Yes', 1),
('koi8u_bin', 'koi8u', 75, '', 'Yes', 1),
('gb2312_chinese_ci', 'gb2312', 24, 'Yes', 'Yes', 1),
('gb2312_bin', 'gb2312', 86, '', 'Yes', 1),
('greek_general_ci', 'greek', 25, 'Yes', 'Yes', 1),
('greek_bin', 'greek', 70, '', 'Yes', 1),
('cp1250_general_ci', 'cp1250', 26, 'Yes', 'Yes', 1),
('cp1250_czech_cs', 'cp1250', 34, '', 'Yes', 2),
('cp1250_croatian_ci', 'cp1250', 44, '', 'Yes', 1),
('cp1250_bin', 'cp1250', 66, '', 'Yes', 1),
('cp1250_polish_ci', 'cp1250', 99, '', 'Yes', 1),
('gbk_chinese_ci', 'gbk', 28, 'Yes', 'Yes', 1),
('gbk_bin', 'gbk', 87, '', 'Yes', 1),
('latin5_turkish_ci', 'latin5', 30, 'Yes', 'Yes', 1),
('latin5_bin', 'latin5', 78, '', 'Yes', 1),
('armscii8_general_ci', 'armscii8', 32, 'Yes', 'Yes', 1),
('armscii8_bin', 'armscii8', 64, '', 'Yes', 1),
('utf8_general_ci', 'utf8', 33, 'Yes', 'Yes', 1),
('utf8_bin', 'utf8', 83, '', 'Yes', 1),
('utf8_unicode_ci', 'utf8', 192, '', 'Yes', 8),
('utf8_icelandic_ci', 'utf8', 193, '', 'Yes', 8),
('utf8_latvian_ci', 'utf8', 194, '', 'Yes', 8),
('utf8_romanian_ci', 'utf8', 195, '', 'Yes', 8),
('utf8_slovenian_ci', 'utf8', 196, '', 'Yes', 8),
('utf8_polish_ci', 'utf8', 197, '', 'Yes', 8),
('utf8_estonian_ci', 'utf8', 198, '', 'Yes', 8),
('utf8_spanish_ci', 'utf8', 199, '', 'Yes', 8),
('utf8_swedish_ci', 'utf8', 200, '', 'Yes', 8),
('utf8_turkish_ci', 'utf8', 201, '', 'Yes', 8),
('utf8_czech_ci', 'utf8', 202, '', 'Yes', 8),
('utf8_danish_ci', 'utf8', 203, '', 'Yes', 8),
('utf8_lithuanian_ci', 'utf8', 204, '', 'Yes', 8),
('utf8_slovak_ci', 'utf8', 205, '', 'Yes', 8),
('utf8_spanish2_ci', 'utf8', 206, '', 'Yes', 8),
('utf8_roman_ci', 'utf8', 207, '', 'Yes', 8),
('utf8_persian_ci', 'utf8', 208, '', 'Yes', 8),
('utf8_esperanto_ci', 'utf8', 209, '', 'Yes', 8),
('utf8_hungarian_ci', 'utf8', 210, '', 'Yes', 8),
('utf8_sinhala_ci', 'utf8', 211, '', 'Yes', 8),
('utf8_general_mysql500_ci', 'utf8', 223, '', 'Yes', 1),
('utf8_general50_ci', 'utf8', 253, '', 'Yes', 1),
('ucs2_general_ci', 'ucs2', 35, 'Yes', 'Yes', 1),
('ucs2_bin', 'ucs2', 90, '', 'Yes', 1),
('ucs2_unicode_ci', 'ucs2', 128, '', 'Yes', 8),
('ucs2_icelandic_ci', 'ucs2', 129, '', 'Yes', 8),
('ucs2_latvian_ci', 'ucs2', 130, '', 'Yes', 8),
('ucs2_romanian_ci', 'ucs2', 131, '', 'Yes', 8),
('ucs2_slovenian_ci', 'ucs2', 132, '', 'Yes', 8),
('ucs2_polish_ci', 'ucs2', 133, '', 'Yes', 8),
('ucs2_estonian_ci', 'ucs2', 134, '', 'Yes', 8),
('ucs2_spanish_ci', 'ucs2', 135, '', 'Yes', 8),
('ucs2_swedish_ci', 'ucs2', 136, '', 'Yes', 8),
('ucs2_turkish_ci', 'ucs2', 137, '', 'Yes', 8),
('ucs2_czech_ci', 'ucs2', 138, '', 'Yes', 8),
('ucs2_danish_ci', 'ucs2', 139, '', 'Yes', 8),
('ucs2_lithuanian_ci', 'ucs2', 140, '', 'Yes', 8),
('ucs2_slovak_ci', 'ucs2', 141, '', 'Yes', 8),
('ucs2_spanish2_ci', 'ucs2', 142, '', 'Yes', 8),
('ucs2_roman_ci', 'ucs2', 143, '', 'Yes', 8),
('ucs2_persian_ci', 'ucs2', 144, '', 'Yes', 8),
('ucs2_esperanto_ci', 'ucs2', 145, '', 'Yes', 8),
('ucs2_hungarian_ci', 'ucs2', 146, '', 'Yes', 8),
('ucs2_sinhala_ci', 'ucs2', 147, '', 'Yes', 8),
('ucs2_general50_ci', 'ucs2', 159, '', 'Yes', 1),
('cp866_general_ci', 'cp866', 36, 'Yes', 'Yes', 1),
('cp866_bin', 'cp866', 68, '', 'Yes', 1),
('keybcs2_general_ci', 'keybcs2', 37, 'Yes', 'Yes', 1),
('keybcs2_bin', 'keybcs2', 73, '', 'Yes', 1),
('macce_general_ci', 'macce', 38, 'Yes', 'Yes', 1),
('macce_bin', 'macce', 43, '', 'Yes', 1),
('macroman_general_ci', 'macroman', 39, 'Yes', 'Yes', 1),
('macroman_bin', 'macroman', 53, '', 'Yes', 1),
('cp852_general_ci', 'cp852', 40, 'Yes', 'Yes', 1),
('cp852_bin', 'cp852', 81, '', 'Yes', 1),
('latin7_estonian_cs', 'latin7', 20, '', 'Yes', 1),
('latin7_general_ci', 'latin7', 41, 'Yes', 'Yes', 1),
('latin7_general_cs', 'latin7', 42, '', 'Yes', 1),
('latin7_bin', 'latin7', 79, '', 'Yes', 1),
('utf8mb4_general_ci', 'utf8mb4', 45, 'Yes', 'Yes', 1),
('utf8mb4_bin', 'utf8mb4', 46, '', 'Yes', 1),
('utf8mb4_unicode_ci', 'utf8mb4', 224, '', 'Yes', 8),
('utf8mb4_icelandic_ci', 'utf8mb4', 225, '', 'Yes', 8),
('utf8mb4_latvian_ci', 'utf8mb4', 226, '', 'Yes', 8),
('utf8mb4_romanian_ci', 'utf8mb4', 227, '', 'Yes', 8),
('utf8mb4_slovenian_ci', 'utf8mb4', 228, '', 'Yes', 8),
('utf8mb4_polish_ci', 'utf8mb4', 229, '', 'Yes', 8),
('utf8mb4_estonian_ci', 'utf8mb4', 230, '', 'Yes', 8),
('utf8mb4_spanish_ci', 'utf8mb4', 231, '', 'Yes', 8),
('utf8mb4_swedish_ci', 'utf8mb4', 232, '', 'Yes', 8),
('utf8mb4_turkish_ci', 'utf8mb4', 233, '', 'Yes', 8),
('utf8mb4_czech_ci', 'utf8mb4', 234, '', 'Yes', 8),
('utf8mb4_danish_ci', 'utf8mb4', 235, '', 'Yes', 8),
('utf8mb4_lithuanian_ci', 'utf8mb4', 236, '', 'Yes', 8),
('utf8mb4_slovak_ci', 'utf8mb4', 237, '', 'Yes', 8),
('utf8mb4_spanish2_ci', 'utf8mb4', 238, '', 'Yes', 8),
('utf8mb4_roman_ci', 'utf8mb4', 239, '', 'Yes', 8),
('utf8mb4_persian_ci', 'utf8mb4', 240, '', 'Yes', 8),
('utf8mb4_esperanto_ci', 'utf8mb4', 241, '', 'Yes', 8),
('utf8mb4_hungarian_ci', 'utf8mb4', 242, '', 'Yes', 8),
('utf8mb4_sinhala_ci', 'utf8mb4', 243, '', 'Yes', 8),
('cp1251_bulgarian_ci', 'cp1251', 14, '', 'Yes', 1),
('cp1251_ukrainian_ci', 'cp1251', 23, '', 'Yes', 1),
('cp1251_bin', 'cp1251', 50, '', 'Yes', 1),
('cp1251_general_ci', 'cp1251', 51, 'Yes', 'Yes', 1),
('cp1251_general_cs', 'cp1251', 52, '', 'Yes', 1),
('utf16_general_ci', 'utf16', 54, 'Yes', 'Yes', 1),
('utf16_bin', 'utf16', 55, '', 'Yes', 1),
('utf16_unicode_ci', 'utf16', 101, '', 'Yes', 8),
('utf16_icelandic_ci', 'utf16', 102, '', 'Yes', 8),
('utf16_latvian_ci', 'utf16', 103, '', 'Yes', 8),
('utf16_romanian_ci', 'utf16', 104, '', 'Yes', 8),
('utf16_slovenian_ci', 'utf16', 105, '', 'Yes', 8),
('utf16_polish_ci', 'utf16', 106, '', 'Yes', 8),
('utf16_estonian_ci', 'utf16', 107, '', 'Yes', 8),
('utf16_spanish_ci', 'utf16', 108, '', 'Yes', 8),
('utf16_swedish_ci', 'utf16', 109, '', 'Yes', 8),
('utf16_turkish_ci', 'utf16', 110, '', 'Yes', 8),
('utf16_czech_ci', 'utf16', 111, '', 'Yes', 8),
('utf16_danish_ci', 'utf16', 112, '', 'Yes', 8),
('utf16_lithuanian_ci', 'utf16', 113, '', 'Yes', 8),
('utf16_slovak_ci', 'utf16', 114, '', 'Yes', 8),
('utf16_spanish2_ci', 'utf16', 115, '', 'Yes', 8),
('utf16_roman_ci', 'utf16', 116, '', 'Yes', 8),
('utf16_persian_ci', 'utf16', 117, '', 'Yes', 8),
('utf16_esperanto_ci', 'utf16', 118, '', 'Yes', 8),
('utf16_hungarian_ci', 'utf16', 119, '', 'Yes', 8),
('utf16_sinhala_ci', 'utf16', 120, '', 'Yes', 8),
('cp1256_general_ci', 'cp1256', 57, 'Yes', 'Yes', 1),
('cp1256_bin', 'cp1256', 67, '', 'Yes', 1),
('cp1257_lithuanian_ci', 'cp1257', 29, '', 'Yes', 1),
('cp1257_bin', 'cp1257', 58, '', 'Yes', 1),
('cp1257_general_ci', 'cp1257', 59, 'Yes', 'Yes', 1),
('utf32_general_ci', 'utf32', 60, 'Yes', 'Yes', 1),
('utf32_bin', 'utf32', 61, '', 'Yes', 1),
('utf32_unicode_ci', 'utf32', 160, '', 'Yes', 8),
('utf32_icelandic_ci', 'utf32', 161, '', 'Yes', 8),
('utf32_latvian_ci', 'utf32', 162, '', 'Yes', 8),
('utf32_romanian_ci', 'utf32', 163, '', 'Yes', 8),
('utf32_slovenian_ci', 'utf32', 164, '', 'Yes', 8),
('utf32_polish_ci', 'utf32', 165, '', 'Yes', 8),
('utf32_estonian_ci', 'utf32', 166, '', 'Yes', 8),
('utf32_spanish_ci', 'utf32', 167, '', 'Yes', 8),
('utf32_swedish_ci', 'utf32', 168, '', 'Yes', 8),
('utf32_turkish_ci', 'utf32', 169, '', 'Yes', 8),
('utf32_czech_ci', 'utf32', 170, '', 'Yes', 8),
('utf32_danish_ci', 'utf32', 171, '', 'Yes', 8),
('utf32_lithuanian_ci', 'utf32', 172, '', 'Yes', 8),
('utf32_slovak_ci', 'utf32', 173, '', 'Yes', 8),
('utf32_spanish2_ci', 'utf32', 174, '', 'Yes', 8),
('utf32_roman_ci', 'utf32', 175, '', 'Yes', 8),
('utf32_persian_ci', 'utf32', 176, '', 'Yes', 8),
('utf32_esperanto_ci', 'utf32', 177, '', 'Yes', 8),
('utf32_hungarian_ci', 'utf32', 178, '', 'Yes', 8),
('utf32_sinhala_ci', 'utf32', 179, '', 'Yes', 8),
('binary', 'binary', 63, 'Yes', 'Yes', 1),
('geostd8_general_ci', 'geostd8', 92, 'Yes', 'Yes', 1),
('geostd8_bin', 'geostd8', 93, '', 'Yes', 1),
('cp932_japanese_ci', 'cp932', 95, 'Yes', 'Yes', 1),
('cp932_bin', 'cp932', 96, '', 'Yes', 1),
('eucjpms_japanese_ci', 'eucjpms', 97, 'Yes', 'Yes', 1),
('eucjpms_bin', 'eucjpms', 98, '', 'Yes', 1);

-- --------------------------------------------------------

--
-- Table structure for table `COLLATION_CHARACTER_SET_APPLICABILITY`
--

CREATE TEMPORARY TABLE `COLLATION_CHARACTER_SET_APPLICABILITY` (
  `COLLATION_NAME` varchar(32) NOT NULL DEFAULT '',
  `CHARACTER_SET_NAME` varchar(32) NOT NULL DEFAULT ''
) ENGINE=MEMORY DEFAULT CHARSET=utf8;

--
-- Dumping data for table `COLLATION_CHARACTER_SET_APPLICABILITY`
--

INSERT INTO `COLLATION_CHARACTER_SET_APPLICABILITY` (`COLLATION_NAME`, `CHARACTER_SET_NAME`) VALUES
('big5_chinese_ci', 'big5'),
('big5_bin', 'big5'),
('dec8_swedish_ci', 'dec8'),
('dec8_bin', 'dec8'),
('cp850_general_ci', 'cp850'),
('cp850_bin', 'cp850'),
('hp8_english_ci', 'hp8'),
('hp8_bin', 'hp8'),
('koi8r_general_ci', 'koi8r'),
('koi8r_bin', 'koi8r'),
('latin1_german1_ci', 'latin1'),
('latin1_swedish_ci', 'latin1'),
('latin1_danish_ci', 'latin1'),
('latin1_german2_ci', 'latin1'),
('latin1_bin', 'latin1'),
('latin1_general_ci', 'latin1'),
('latin1_general_cs', 'latin1'),
('latin1_spanish_ci', 'latin1'),
('latin2_czech_cs', 'latin2'),
('latin2_general_ci', 'latin2'),
('latin2_hungarian_ci', 'latin2'),
('latin2_croatian_ci', 'latin2'),
('latin2_bin', 'latin2'),
('swe7_swedish_ci', 'swe7'),
('swe7_bin', 'swe7'),
('ascii_general_ci', 'ascii'),
('ascii_bin', 'ascii'),
('ujis_japanese_ci', 'ujis'),
('ujis_bin', 'ujis'),
('sjis_japanese_ci', 'sjis'),
('sjis_bin', 'sjis'),
('hebrew_general_ci', 'hebrew'),
('hebrew_bin', 'hebrew'),
('tis620_thai_ci', 'tis620'),
('tis620_bin', 'tis620'),
('euckr_korean_ci', 'euckr'),
('euckr_bin', 'euckr'),
('koi8u_general_ci', 'koi8u'),
('koi8u_bin', 'koi8u'),
('gb2312_chinese_ci', 'gb2312'),
('gb2312_bin', 'gb2312'),
('greek_general_ci', 'greek'),
('greek_bin', 'greek'),
('cp1250_general_ci', 'cp1250'),
('cp1250_czech_cs', 'cp1250'),
('cp1250_croatian_ci', 'cp1250'),
('cp1250_bin', 'cp1250'),
('cp1250_polish_ci', 'cp1250'),
('gbk_chinese_ci', 'gbk'),
('gbk_bin', 'gbk'),
('latin5_turkish_ci', 'latin5'),
('latin5_bin', 'latin5'),
('armscii8_general_ci', 'armscii8'),
('armscii8_bin', 'armscii8'),
('utf8_general_ci', 'utf8'),
('utf8_bin', 'utf8'),
('utf8_unicode_ci', 'utf8'),
('utf8_icelandic_ci', 'utf8'),
('utf8_latvian_ci', 'utf8'),
('utf8_romanian_ci', 'utf8'),
('utf8_slovenian_ci', 'utf8'),
('utf8_polish_ci', 'utf8'),
('utf8_estonian_ci', 'utf8'),
('utf8_spanish_ci', 'utf8'),
('utf8_swedish_ci', 'utf8'),
('utf8_turkish_ci', 'utf8'),
('utf8_czech_ci', 'utf8'),
('utf8_danish_ci', 'utf8'),
('utf8_lithuanian_ci', 'utf8'),
('utf8_slovak_ci', 'utf8'),
('utf8_spanish2_ci', 'utf8'),
('utf8_roman_ci', 'utf8'),
('utf8_persian_ci', 'utf8'),
('utf8_esperanto_ci', 'utf8'),
('utf8_hungarian_ci', 'utf8'),
('utf8_sinhala_ci', 'utf8'),
('utf8_general_mysql500_ci', 'utf8'),
('utf8_general50_ci', 'utf8'),
('ucs2_general_ci', 'ucs2'),
('ucs2_bin', 'ucs2'),
('ucs2_unicode_ci', 'ucs2'),
('ucs2_icelandic_ci', 'ucs2'),
('ucs2_latvian_ci', 'ucs2'),
('ucs2_romanian_ci', 'ucs2'),
('ucs2_slovenian_ci', 'ucs2'),
('ucs2_polish_ci', 'ucs2'),
('ucs2_estonian_ci', 'ucs2'),
('ucs2_spanish_ci', 'ucs2'),
('ucs2_swedish_ci', 'ucs2'),
('ucs2_turkish_ci', 'ucs2'),
('ucs2_czech_ci', 'ucs2'),
('ucs2_danish_ci', 'ucs2'),
('ucs2_lithuanian_ci', 'ucs2'),
('ucs2_slovak_ci', 'ucs2'),
('ucs2_spanish2_ci', 'ucs2'),
('ucs2_roman_ci', 'ucs2'),
('ucs2_persian_ci', 'ucs2'),
('ucs2_esperanto_ci', 'ucs2'),
('ucs2_hungarian_ci', 'ucs2'),
('ucs2_sinhala_ci', 'ucs2'),
('ucs2_general50_ci', 'ucs2'),
('cp866_general_ci', 'cp866'),
('cp866_bin', 'cp866'),
('keybcs2_general_ci', 'keybcs2'),
('keybcs2_bin', 'keybcs2'),
('macce_general_ci', 'macce'),
('macce_bin', 'macce'),
('macroman_general_ci', 'macroman'),
('macroman_bin', 'macroman'),
('cp852_general_ci', 'cp852'),
('cp852_bin', 'cp852'),
('latin7_estonian_cs', 'latin7'),
('latin7_general_ci', 'latin7'),
('latin7_general_cs', 'latin7'),
('latin7_bin', 'latin7'),
('utf8mb4_general_ci', 'utf8mb4'),
('utf8mb4_bin', 'utf8mb4'),
('utf8mb4_unicode_ci', 'utf8mb4'),
('utf8mb4_icelandic_ci', 'utf8mb4'),
('utf8mb4_latvian_ci', 'utf8mb4'),
('utf8mb4_romanian_ci', 'utf8mb4'),
('utf8mb4_slovenian_ci', 'utf8mb4'),
('utf8mb4_polish_ci', 'utf8mb4'),
('utf8mb4_estonian_ci', 'utf8mb4'),
('utf8mb4_spanish_ci', 'utf8mb4'),
('utf8mb4_swedish_ci', 'utf8mb4'),
('utf8mb4_turkish_ci', 'utf8mb4'),
('utf8mb4_czech_ci', 'utf8mb4'),
('utf8mb4_danish_ci', 'utf8mb4'),
('utf8mb4_lithuanian_ci', 'utf8mb4'),
('utf8mb4_slovak_ci', 'utf8mb4'),
('utf8mb4_spanish2_ci', 'utf8mb4'),
('utf8mb4_roman_ci', 'utf8mb4'),
('utf8mb4_persian_ci', 'utf8mb4'),
('utf8mb4_esperanto_ci', 'utf8mb4'),
('utf8mb4_hungarian_ci', 'utf8mb4'),
('utf8mb4_sinhala_ci', 'utf8mb4'),
('cp1251_bulgarian_ci', 'cp1251'),
('cp1251_ukrainian_ci', 'cp1251'),
('cp1251_bin', 'cp1251'),
('cp1251_general_ci', 'cp1251'),
('cp1251_general_cs', 'cp1251'),
('utf16_general_ci', 'utf16'),
('utf16_bin', 'utf16'),
('utf16_unicode_ci', 'utf16'),
('utf16_icelandic_ci', 'utf16'),
('utf16_latvian_ci', 'utf16'),
('utf16_romanian_ci', 'utf16'),
('utf16_slovenian_ci', 'utf16'),
('utf16_polish_ci', 'utf16'),
('utf16_estonian_ci', 'utf16'),
('utf16_spanish_ci', 'utf16'),
('utf16_swedish_ci', 'utf16'),
('utf16_turkish_ci', 'utf16'),
('utf16_czech_ci', 'utf16'),
('utf16_danish_ci', 'utf16'),
('utf16_lithuanian_ci', 'utf16'),
('utf16_slovak_ci', 'utf16'),
('utf16_spanish2_ci', 'utf16'),
('utf16_roman_ci', 'utf16'),
('utf16_persian_ci', 'utf16'),
('utf16_esperanto_ci', 'utf16'),
('utf16_hungarian_ci', 'utf16'),
('utf16_sinhala_ci', 'utf16'),
('cp1256_general_ci', 'cp1256'),
('cp1256_bin', 'cp1256'),
('cp1257_lithuanian_ci', 'cp1257'),
('cp1257_bin', 'cp1257'),
('cp1257_general_ci', 'cp1257'),
('utf32_general_ci', 'utf32'),
('utf32_bin', 'utf32'),
('utf32_unicode_ci', 'utf32'),
('utf32_icelandic_ci', 'utf32'),
('utf32_latvian_ci', 'utf32'),
('utf32_romanian_ci', 'utf32'),
('utf32_slovenian_ci', 'utf32'),
('utf32_polish_ci', 'utf32'),
('utf32_estonian_ci', 'utf32'),
('utf32_spanish_ci', 'utf32'),
('utf32_swedish_ci', 'utf32'),
('utf32_turkish_ci', 'utf32'),
('utf32_czech_ci', 'utf32'),
('utf32_danish_ci', 'utf32'),
('utf32_lithuanian_ci', 'utf32'),
('utf32_slovak_ci', 'utf32'),
('utf32_spanish2_ci', 'utf32'),
('utf32_roman_ci', 'utf32'),
('utf32_persian_ci', 'utf32'),
('utf32_esperanto_ci', 'utf32'),
('utf32_hungarian_ci', 'utf32'),
('utf32_sinhala_ci', 'utf32'),
('binary', 'binary'),
('geostd8_general_ci', 'geostd8'),
('geostd8_bin', 'geostd8'),
('cp932_japanese_ci', 'cp932'),
('cp932_bin', 'cp932'),
('eucjpms_japanese_ci', 'eucjpms'),
('eucjpms_bin', 'eucjpms');

-- --------------------------------------------------------

--
-- Table structure for table `COLUMNS`
--

CREATE TEMPORARY TABLE `COLUMNS` (
  `TABLE_CATALOG` varchar(512) NOT NULL DEFAULT '',
  `TABLE_SCHEMA` varchar(64) NOT NULL DEFAULT '',
  `TABLE_NAME` varchar(64) NOT NULL DEFAULT '',
  `COLUMN_NAME` varchar(64) NOT NULL DEFAULT '',
  `ORDINAL_POSITION` bigint(21) unsigned NOT NULL DEFAULT '0',
  `COLUMN_DEFAULT` longtext,
  `IS_NULLABLE` varchar(3) NOT NULL DEFAULT '',
  `DATA_TYPE` varchar(64) NOT NULL DEFAULT '',
  `CHARACTER_MAXIMUM_LENGTH` bigint(21) unsigned DEFAULT NULL,
  `CHARACTER_OCTET_LENGTH` bigint(21) unsigned DEFAULT NULL,
  `NUMERIC_PRECISION` bigint(21) unsigned DEFAULT NULL,
  `NUMERIC_SCALE` bigint(21) unsigned DEFAULT NULL,
  `CHARACTER_SET_NAME` varchar(32) DEFAULT NULL,
  `COLLATION_NAME` varchar(32) DEFAULT NULL,
  `COLUMN_TYPE` longtext NOT NULL,
  `COLUMN_KEY` varchar(3) NOT NULL DEFAULT '',
  `EXTRA` varchar(27) NOT NULL DEFAULT '',
  `PRIVILEGES` varchar(80) NOT NULL DEFAULT '',
  `COLUMN_COMMENT` varchar(1024) NOT NULL DEFAULT ''
) ENGINE=MyISAM DEFAULT CHARSET=utf8;

--
-- Dumping data for table `COLUMNS`
--

INSERT INTO `COLUMNS` (`TABLE_CATALOG`, `TABLE_SCHEMA`, `TABLE_NAME`, `COLUMN_NAME`, `ORDINAL_POSITION`, `COLUMN_DEFAULT`, `IS_NULLABLE`, `DATA_TYPE`, `CHARACTER_MAXIMUM_LENGTH`, `CHARACTER_OCTET_LENGTH`, `NUMERIC_PRECISION`, `NUMERIC_SCALE`, `CHARACTER_SET_NAME`, `COLLATION_NAME`, `COLUMN_TYPE`, `COLUMN_KEY`, `EXTRA`, `PRIVILEGES`, `COLUMN_COMMENT`) VALUES
('def', 'information_schema', 'CHARACTER_SETS', 'CHARACTER_SET_NAME', 1, '', 'NO', 'varchar', 32, 96, NULL, NULL, 'utf8', 'utf8_general_ci', 'varchar(32)', '', '', 'select', ''),
('def', 'information_schema', 'CHARACTER_SETS', 'DEFAULT_COLLATE_NAME', 2, '', 'NO', 'varchar', 32, 96, NULL, NULL, 'utf8', 'utf8_general_ci', 'varchar(32)', '', '', 'select', ''),
('def', 'information_schema', 'CHARACTER_SETS', 'DESCRIPTION', 3, '', 'NO', 'varchar', 60, 180, NULL, NULL, 'utf8', 'utf8_general_ci', 'varchar(60)', '', '', 'select', ''),
('def', 'information_schema', 'CHARACTER_SETS', 'MAXLEN', 4, '0', 'NO', 'bigint', NULL, NULL, 19, 0, NULL, NULL, 'bigint(3)', '', '', 'select', ''),
('def', 'information_schema', 'CLIENT_STATISTICS', 'CLIENT', 1, '', 'NO', 'varchar', 64, 192, NULL, NULL, 'utf8', 'utf8_general_ci', 'varchar(64)', '', '', 'select', ''),
('def', 'information_schema', 'CLIENT_STATISTICS', 'TOTAL_CONNECTIONS', 2, '0', 'NO', 'int', NULL, NULL, 10, 0, NULL, NULL, 'int(21)', '', '', 'select', ''),
('def', 'information_schema', 'CLIENT_STATISTICS', 'CONCURRENT_CONNECTIONS', 3, '0', 'NO', 'int', NULL, NULL, 10, 0, NULL, NULL, 'int(21)', '', '', 'select', ''),
('def', 'information_schema', 'CLIENT_STATISTICS', 'CONNECTED_TIME', 4, '0', 'NO', 'int', NULL, NULL, 10, 0, NULL, NULL, 'int(21)', '', '', 'select', ''),
('def', 'information_schema', 'CLIENT_STATISTICS', 'BUSY_TIME', 5, '0', 'NO', 'int', NULL, NULL, 10, 0, NULL, NULL, 'int(21)', '', '', 'select', ''),
('def', 'information_schema', 'CLIENT_STATISTICS', 'CPU_TIME', 6, '0', 'NO', 'int', NULL, NULL, 10, 0, NULL, NULL, 'int(21)', '', '', 'select', ''),
('def', 'information_schema', 'CLIENT_STATISTICS', 'BYTES_RECEIVED', 7, '0', 'NO', 'int', NULL, NULL, 10, 0, NULL, NULL, 'int(21)', '', '', 'select', ''),
('def', 'information_schema', 'CLIENT_STATISTICS', 'BYTES_SENT', 8, '0', 'NO', 'int', NULL, NULL, 10, 0, NULL, NULL, 'int(21)', '', '', 'select', ''),
('def', 'information_schema', 'CLIENT_STATISTICS', 'BINLOG_BYTES_WRITTEN', 9, '0', 'NO', 'int', NULL, NULL, 10, 0, NULL, NULL, 'int(21)', '', '', 'select', ''),
('def', 'information_schema', 'CLIENT_STATISTICS', 'ROWS_FETCHED', 10, '0', 'NO', 'int', NULL, NULL, 10, 0, NULL, NULL, 'int(21)', '', '', 'select', ''),
('def', 'information_schema', 'CLIENT_STATISTICS', 'ROWS_UPDATED', 11, '0', 'NO', 'int', NULL, NULL, 10, 0, NULL, NULL, 'int(21)', '', '', 'select', ''),
('def', 'information_schema', 'CLIENT_STATISTICS', 'TABLE_ROWS_READ', 12, '0', 'NO', 'int', NULL, NULL, 10, 0, NULL, NULL, 'int(21)', '', '', 'select', ''),
('def', 'information_schema', 'CLIENT_STATISTICS', 'SELECT_COMMANDS', 13, '0', 'NO', 'int', NULL, NULL, 10, 0, NULL, NULL, 'int(21)', '', '', 'select', ''),
('def', 'information_schema', 'CLIENT_STATISTICS', 'UPDATE_COMMANDS', 14, '0', 'NO', 'int', NULL, NULL, 10, 0, NULL, NULL, 'int(21)', '', '', 'select', ''),
('def', 'information_schema', 'CLIENT_STATISTICS', 'OTHER_COMMANDS', 15, '0', 'NO', 'int', NULL, NULL, 10, 0, NULL, NULL, 'int(21)', '', '', 'select', ''),
('def', 'information_schema', 'CLIENT_STATISTICS', 'COMMIT_TRANSACTIONS', 16, '0', 'NO', 'int', NULL, NULL, 10, 0, NULL, NULL, 'int(21)', '', '', 'select', ''),
('def', 'information_schema', 'CLIENT_STATISTICS', 'ROLLBACK_TRANSACTIONS', 17, '0', 'NO', 'int', NULL, NULL, 10, 0, NULL, NULL, 'int(21)', '', '', 'select', ''),
('def', 'information_schema', 'CLIENT_STATISTICS', 'DENIED_CONNECTIONS', 18, '0', 'NO', 'int', NULL, NULL, 10, 0, NULL, NULL, 'int(21)', '', '', 'select', ''),
('def', 'information_schema', 'CLIENT_STATISTICS', 'LOST_CONNECTIONS', 19, '0', 'NO', 'int', NULL, NULL, 10, 0, NULL, NULL, 'int(21)', '', '', 'select', ''),
('def', 'information_schema', 'CLIENT_STATISTICS', 'ACCESS_DENIED', 20, '0', 'NO', 'int', NULL, NULL, 10, 0, NULL, NULL, 'int(21)', '', '', 'select', ''),
('def', 'information_schema', 'CLIENT_STATISTICS', 'EMPTY_QUERIES', 21, '0', 'NO', 'int', NULL, NULL, 10, 0, NULL, NULL, 'int(21)', '', '', 'select', ''),
('def', 'information_schema', 'COLLATIONS', 'COLLATION_NAME', 1, '', 'NO', 'varchar', 32, 96, NULL, NULL, 'utf8', 'utf8_general_ci', 'varchar(32)', '', '', 'select', ''),
('def', 'information_schema', 'COLLATIONS', 'CHARACTER_SET_NAME', 2, '', 'NO', 'varchar', 32, 96, NULL, NULL, 'utf8', 'utf8_general_ci', 'varchar(32)', '', '', 'select', ''),
('def', 'information_schema', 'COLLATIONS', 'ID', 3, '0', 'NO', 'bigint', NULL, NULL, 19, 0, NULL, NULL, 'bigint(11)', '', '', 'select', ''),
('def', 'information_schema', 'COLLATIONS', 'IS_DEFAULT', 4, '', 'NO', 'varchar', 3, 9, NULL, NULL, 'utf8', 'utf8_general_ci', 'varchar(3)', '', '', 'select', ''),
('def', 'information_schema', 'COLLATIONS', 'IS_COMPILED', 5, '', 'NO', 'varchar', 3, 9, NULL, NULL, 'utf8', 'utf8_general_ci', 'varchar(3)', '', '', 'select', ''),
('def', 'information_schema', 'COLLATIONS', 'SORTLEN', 6, '0', 'NO', 'bigint', NULL, NULL, 19, 0, NULL, NULL, 'bigint(3)', '', '', 'select', ''),
('def', 'information_schema', 'COLLATION_CHARACTER_SET_APPLICABILITY', 'COLLATION_NAME', 1, '', 'NO', 'varchar', 32, 96, NULL, NULL, 'utf8', 'utf8_general_ci', 'varchar(32)', '', '', 'select', ''),
('def', 'information_schema', 'COLLATION_CHARACTER_SET_APPLICABILITY', 'CHARACTER_SET_NAME', 2, '', 'NO', 'varchar', 32, 96, NULL, NULL, 'utf8', 'utf8_general_ci', 'varchar(32)', '', '', 'select', ''),
('def', 'information_schema', 'COLUMNS', 'TABLE_CATALOG', 1, '', 'NO', 'varchar', 512, 1536, NULL, NULL, 'utf8', 'utf8_general_ci', 'varchar(512)', '', '', 'select', ''),
('def', 'information_schema', 'COLUMNS', 'TABLE_SCHEMA', 2, '', 'NO', 'varchar', 64, 192, NULL, NULL, 'utf8', 'utf8_general_ci', 'varchar(64)', '', '', 'select', ''),
('def', 'information_schema', 'COLUMNS', 'TABLE_NAME', 3, '', 'NO', 'varchar', 64, 192, NULL, NULL, 'utf8', 'utf8_general_ci', 'varchar(64)', '', '', 'select', ''),
('def', 'information_schema', 'COLUMNS', 'COLUMN_NAME', 4, '', 'NO', 'varchar', 64, 192, NULL, NULL, 'utf8', 'utf8_general_ci', 'varchar(64)', '', '', 'select', ''),
('def', 'information_schema', 'COLUMNS', 'ORDINAL_POSITION', 5, '0', 'NO', 'bigint', NULL, NULL, 20, 0, NULL, NULL, 'bigint(21) unsigned', '', '', 'select', ''),
('def', 'information_schema', 'COLUMNS', 'COLUMN_DEFAULT', 6, NULL, 'YES', 'longtext', 4294967295, 4294967295, NULL, NULL, 'utf8', 'utf8_general_ci', 'longtext', '', '', 'select', ''),
('def', 'information_schema', 'COLUMNS', 'IS_NULLABLE', 7, '', 'NO', 'varchar', 3, 9, NULL, NULL, 'utf8', 'utf8_general_ci', 'varchar(3)', '', '', 'select', ''),
('def', 'information_schema', 'COLUMNS', 'DATA_TYPE', 8, '', 'NO', 'varchar', 64, 192, NULL, NULL, 'utf8', 'utf8_general_ci', 'varchar(64)', '', '', 'select', ''),
('def', 'information_schema', 'COLUMNS', 'CHARACTER_MAXIMUM_LENGTH', 9, NULL, 'YES', 'bigint', NULL, NULL, 20, 0, NULL, NULL, 'bigint(21) unsigned', '', '', 'select', ''),
('def', 'information_schema', 'COLUMNS', 'CHARACTER_OCTET_LENGTH', 10, NULL, 'YES', 'bigint', NULL, NULL, 20, 0, NULL, NULL, 'bigint(21) unsigned', '', '', 'select', ''),
('def', 'information_schema', 'COLUMNS', 'NUMERIC_PRECISION', 11, NULL, 'YES', 'bigint', NULL, NULL, 20, 0, NULL, NULL, 'bigint(21) unsigned', '', '', 'select', ''),
('def', 'information_schema', 'COLUMNS', 'NUMERIC_SCALE', 12, NULL, 'YES', 'bigint', NULL, NULL, 20, 0, NULL, NULL, 'bigint(21) unsigned', '', '', 'select', ''),
('def', 'information_schema', 'COLUMNS', 'CHARACTER_SET_NAME', 13, NULL, 'YES', 'varchar', 32, 96, NULL, NULL, 'utf8', 'utf8_general_ci', 'varchar(32)', '', '', 'select', ''),
('def', 'information_schema', 'COLUMNS', 'COLLATION_NAME', 14, NULL, 'YES', 'varchar', 32, 96, NULL, NULL, 'utf8', 'utf8_general_ci', 'varchar(32)', '', '', 'select', ''),
('def', 'information_schema', 'COLUMNS', 'COLUMN_TYPE', 15, NULL, 'NO', 'longtext', 4294967295, 4294967295, NULL, NULL, 'utf8', 'utf8_general_ci', 'longtext', '', '', 'select', ''),
('def', 'information_schema', 'COLUMNS', 'COLUMN_KEY', 16, '', 'NO', 'varchar', 3, 9, NULL, NULL, 'utf8', 'utf8_general_ci', 'varchar(3)', '', '', 'select', ''),
('def', 'information_schema', 'COLUMNS', 'EXTRA', 17, '', 'NO', 'varchar', 27, 81, NULL, NULL, 'utf8', 'utf8_general_ci', 'varchar(27)', '', '', 'select', ''),
('def', 'information_schema', 'COLUMNS', 'PRIVILEGES', 18, '', 'NO', 'varchar', 80, 240, NULL, NULL, 'utf8', 'utf8_general_ci', 'varchar(80)', '', '', 'select', ''),
('def', 'information_schema', 'COLUMNS', 'COLUMN_COMMENT', 19, '', 'NO', 'varchar', 1024, 3072, NULL, NULL, 'utf8', 'utf8_general_ci', 'varchar(1024)', '', '', 'select', ''),
('def', 'information_schema', 'COLUMN_PRIVILEGES', 'GRANTEE', 1, '', 'NO', 'varchar', 81, 243, NULL, NULL, 'utf8', 'utf8_general_ci', 'varchar(81)', '', '', 'select', ''),
('def', 'information_schema', 'COLUMN_PRIVILEGES', 'TABLE_CATALOG', 2, '', 'NO', 'varchar', 512, 1536, NULL, NULL, 'utf8', 'utf8_general_ci', 'varchar(512)', '', '', 'select', ''),
('def', 'information_schema', 'COLUMN_PRIVILEGES', 'TABLE_SCHEMA', 3, '', 'NO', 'varchar', 64, 192, NULL, NULL, 'utf8', 'utf8_general_ci', 'varchar(64)', '', '', 'select', ''),
('def', 'information_schema', 'COLUMN_PRIVILEGES', 'TABLE_NAME', 4, '', 'NO', 'varchar', 64, 192, NULL, NULL, 'utf8', 'utf8_general_ci', 'varchar(64)', '', '', 'select', ''),
('def', 'information_schema', 'COLUMN_PRIVILEGES', 'COLUMN_NAME', 5, '', 'NO', 'varchar', 64, 192, NULL, NULL, 'utf8', 'utf8_general_ci', 'varchar(64)', '', '', 'select', ''),
('def', 'information_schema', 'COLUMN_PRIVILEGES', 'PRIVILEGE_TYPE', 6, '', 'NO', 'varchar', 64, 192, NULL, NULL, 'utf8', 'utf8_general_ci', 'varchar(64)', '', '', 'select', ''),
('def', 'information_schema', 'COLUMN_PRIVILEGES', 'IS_GRANTABLE', 7, '', 'NO', 'varchar', 3, 9, NULL, NULL, 'utf8', 'utf8_general_ci', 'varchar(3)', '', '', 'select', ''),
('def', 'information_schema', 'INDEX_STATISTICS', 'TABLE_SCHEMA', 1, '', 'NO', 'varchar', 192, 576, NULL, NULL, 'utf8', 'utf8_general_ci', 'varchar(192)', '', '', 'select', ''),
('def', 'information_schema', 'INDEX_STATISTICS', 'TABLE_NAME', 2, '', 'NO', 'varchar', 192, 576, NULL, NULL, 'utf8', 'utf8_general_ci', 'varchar(192)', '', '', 'select', ''),
('def', 'information_schema', 'INDEX_STATISTICS', 'INDEX_NAME', 3, '', 'NO', 'varchar', 192, 576, NULL, NULL, 'utf8', 'utf8_general_ci', 'varchar(192)', '', '', 'select', ''),
('def', 'information_schema', 'INDEX_STATISTICS', 'ROWS_READ', 4, '0', 'NO', 'int', NULL, NULL, 10, 0, NULL, NULL, 'int(21)', '', '', 'select', ''),
('def', 'information_schema', 'ENGINES', 'ENGINE', 1, '', 'NO', 'varchar', 64, 192, NULL, NULL, 'utf8', 'utf8_general_ci', 'varchar(64)', '', '', 'select', ''),
('def', 'information_schema', 'ENGINES', 'SUPPORT', 2, '', 'NO', 'varchar', 8, 24, NULL, NULL, 'utf8', 'utf8_general_ci', 'varchar(8)', '', '', 'select', ''),
('def', 'information_schema', 'ENGINES', 'COMMENT', 3, '', 'NO', 'varchar', 80, 240, NULL, NULL, 'utf8', 'utf8_general_ci', 'varchar(80)', '', '', 'select', ''),
('def', 'information_schema', 'ENGINES', 'TRANSACTIONS', 4, NULL, 'YES', 'varchar', 3, 9, NULL, NULL, 'utf8', 'utf8_general_ci', 'varchar(3)', '', '', 'select', ''),
('def', 'information_schema', 'ENGINES', 'XA', 5, NULL, 'YES', 'varchar', 3, 9, NULL, NULL, 'utf8', 'utf8_general_ci', 'varchar(3)', '', '', 'select', ''),
('def', 'information_schema', 'ENGINES', 'SAVEPOINTS', 6, NULL, 'YES', 'varchar', 3, 9, NULL, NULL, 'utf8', 'utf8_general_ci', 'varchar(3)', '', '', 'select', ''),
('def', 'information_schema', 'EVENTS', 'EVENT_CATALOG', 1, '', 'NO', 'varchar', 64, 192, NULL, NULL, 'utf8', 'utf8_general_ci', 'varchar(64)', '', '', 'select', ''),
('def', 'information_schema', 'EVENTS', 'EVENT_SCHEMA', 2, '', 'NO', 'varchar', 64, 192, NULL, NULL, 'utf8', 'utf8_general_ci', 'varchar(64)', '', '', 'select', ''),
('def', 'information_schema', 'EVENTS', 'EVENT_NAME', 3, '', 'NO', 'varchar', 64, 192, NULL, NULL, 'utf8', 'utf8_general_ci', 'varchar(64)', '', '', 'select', ''),
('def', 'information_schema', 'EVENTS', 'DEFINER', 4, '', 'NO', 'varchar', 77, 231, NULL, NULL, 'utf8', 'utf8_general_ci', 'varchar(77)', '', '', 'select', ''),
('def', 'information_schema', 'EVENTS', 'TIME_ZONE', 5, '', 'NO', 'varchar', 64, 192, NULL, NULL, 'utf8', 'utf8_general_ci', 'varchar(64)', '', '', 'select', ''),
('def', 'information_schema', 'EVENTS', 'EVENT_BODY', 6, '', 'NO', 'varchar', 8, 24, NULL, NULL, 'utf8', 'utf8_general_ci', 'varchar(8)', '', '', 'select', ''),
('def', 'information_schema', 'EVENTS', 'EVENT_DEFINITION', 7, NULL, 'NO', 'longtext', 4294967295, 4294967295, NULL, NULL, 'utf8', 'utf8_general_ci', 'longtext', '', '', 'select', ''),
('def', 'information_schema', 'EVENTS', 'EVENT_TYPE', 8, '', 'NO', 'varchar', 9, 27, NULL, NULL, 'utf8', 'utf8_general_ci', 'varchar(9)', '', '', 'select', ''),
('def', 'information_schema', 'EVENTS', 'EXECUTE_AT', 9, NULL, 'YES', 'datetime', NULL, NULL, NULL, NULL, NULL, NULL, 'datetime', '', '', 'select', ''),
('def', 'information_schema', 'EVENTS', 'INTERVAL_VALUE', 10, NULL, 'YES', 'varchar', 256, 768, NULL, NULL, 'utf8', 'utf8_general_ci', 'varchar(256)', '', '', 'select', ''),
('def', 'information_schema', 'EVENTS', 'INTERVAL_FIELD', 11, NULL, 'YES', 'varchar', 18, 54, NULL, NULL, 'utf8', 'utf8_general_ci', 'varchar(18)', '', '', 'select', ''),
('def', 'information_schema', 'EVENTS', 'SQL_MODE', 12, '', 'NO', 'varchar', 8192, 24576, NULL, NULL, 'utf8', 'utf8_general_ci', 'varchar(8192)', '', '', 'select', ''),
('def', 'information_schema', 'EVENTS', 'STARTS', 13, NULL, 'YES', 'datetime', NULL, NULL, NULL, NULL, NULL, NULL, 'datetime', '', '', 'select', ''),
('def', 'information_schema', 'EVENTS', 'ENDS', 14, NULL, 'YES', 'datetime', NULL, NULL, NULL, NULL, NULL, NULL, 'datetime', '', '', 'select', ''),
('def', 'information_schema', 'EVENTS', 'STATUS', 15, '', 'NO', 'varchar', 18, 54, NULL, NULL, 'utf8', 'utf8_general_ci', 'varchar(18)', '', '', 'select', ''),
('def', 'information_schema', 'EVENTS', 'ON_COMPLETION', 16, '', 'NO', 'varchar', 12, 36, NULL, NULL, 'utf8', 'utf8_general_ci', 'varchar(12)', '', '', 'select', ''),
('def', 'information_schema', 'EVENTS', 'CREATED', 17, '0000-00-00 00:00:00', 'NO', 'datetime', NULL, NULL, NULL, NULL, NULL, NULL, 'datetime', '', '', 'select', ''),
('def', 'information_schema', 'EVENTS', 'LAST_ALTERED', 18, '0000-00-00 00:00:00', 'NO', 'datetime', NULL, NULL, NULL, NULL, NULL, NULL, 'datetime', '', '', 'select', ''),
('def', 'information_schema', 'EVENTS', 'LAST_EXECUTED', 19, NULL, 'YES', 'datetime', NULL, NULL, NULL, NULL, NULL, NULL, 'datetime', '', '', 'select', ''),
('def', 'information_schema', 'EVENTS', 'EVENT_COMMENT', 20, '', 'NO', 'varchar', 64, 192, NULL, NULL, 'utf8', 'utf8_general_ci', 'varchar(64)', '', '', 'select', ''),
('def', 'information_schema', 'EVENTS', 'ORIGINATOR', 21, '0', 'NO', 'bigint', NULL, NULL, 19, 0, NULL, NULL, 'bigint(10)', '', '', 'select', ''),
('def', 'information_schema', 'EVENTS', 'CHARACTER_SET_CLIENT', 22, '', 'NO', 'varchar', 32, 96, NULL, NULL, 'utf8', 'utf8_general_ci', 'varchar(32)', '', '', 'select', ''),
('def', 'information_schema', 'EVENTS', 'COLLATION_CONNECTION', 23, '', 'NO', 'varchar', 32, 96, NULL, NULL, 'utf8', 'utf8_general_ci', 'varchar(32)', '', '', 'select', ''),
('def', 'information_schema', 'EVENTS', 'DATABASE_COLLATION', 24, '', 'NO', 'varchar', 32, 96, NULL, NULL, 'utf8', 'utf8_general_ci', 'varchar(32)', '', '', 'select', ''),
('def', 'information_schema', 'FILES', 'FILE_ID', 1, '0', 'NO', 'bigint', NULL, NULL, 19, 0, NULL, NULL, 'bigint(4)', '', '', 'select', ''),
('def', 'information_schema', 'FILES', 'FILE_NAME', 2, NULL, 'YES', 'varchar', 64, 192, NULL, NULL, 'utf8', 'utf8_general_ci', 'varchar(64)', '', '', 'select', ''),
('def', 'information_schema', 'FILES', 'FILE_TYPE', 3, '', 'NO', 'varchar', 20, 60, NULL, NULL, 'utf8', 'utf8_general_ci', 'varchar(20)', '', '', 'select', ''),
('def', 'information_schema', 'FILES', 'TABLESPACE_NAME', 4, NULL, 'YES', 'varchar', 64, 192, NULL, NULL, 'utf8', 'utf8_general_ci', 'varchar(64)', '', '', 'select', ''),
('def', 'information_schema', 'FILES', 'TABLE_CATALOG', 5, '', 'NO', 'varchar', 64, 192, NULL, NULL, 'utf8', 'utf8_general_ci', 'varchar(64)', '', '', 'select', ''),
('def', 'information_schema', 'FILES', 'TABLE_SCHEMA', 6, NULL, 'YES', 'varchar', 64, 192, NULL, NULL, 'utf8', 'utf8_general_ci', 'varchar(64)', '', '', 'select', ''),
('def', 'information_schema', 'FILES', 'TABLE_NAME', 7, NULL, 'YES', 'varchar', 64, 192, NULL, NULL, 'utf8', 'utf8_general_ci', 'varchar(64)', '', '', 'select', ''),
('def', 'information_schema', 'FILES', 'LOGFILE_GROUP_NAME', 8, NULL, 'YES', 'varchar', 64, 192, NULL, NULL, 'utf8', 'utf8_general_ci', 'varchar(64)', '', '', 'select', ''),
('def', 'information_schema', 'FILES', 'LOGFILE_GROUP_NUMBER', 9, NULL, 'YES', 'bigint', NULL, NULL, 19, 0, NULL, NULL, 'bigint(4)', '', '', 'select', ''),
('def', 'information_schema', 'FILES', 'ENGINE', 10, '', 'NO', 'varchar', 64, 192, NULL, NULL, 'utf8', 'utf8_general_ci', 'varchar(64)', '', '', 'select', ''),
('def', 'information_schema', 'FILES', 'FULLTEXT_KEYS', 11, NULL, 'YES', 'varchar', 64, 192, NULL, NULL, 'utf8', 'utf8_general_ci', 'varchar(64)', '', '', 'select', ''),
('def', 'information_schema', 'FILES', 'DELETED_ROWS', 12, NULL, 'YES', 'bigint', NULL, NULL, 19, 0, NULL, NULL, 'bigint(4)', '', '', 'select', ''),
('def', 'information_schema', 'FILES', 'UPDATE_COUNT', 13, NULL, 'YES', 'bigint', NULL, NULL, 19, 0, NULL, NULL, 'bigint(4)', '', '', 'select', ''),
('def', 'information_schema', 'FILES', 'FREE_EXTENTS', 14, NULL, 'YES', 'bigint', NULL, NULL, 19, 0, NULL, NULL, 'bigint(4)', '', '', 'select', ''),
('def', 'information_schema', 'FILES', 'TOTAL_EXTENTS', 15, NULL, 'YES', 'bigint', NULL, NULL, 19, 0, NULL, NULL, 'bigint(4)', '', '', 'select', ''),
('def', 'information_schema', 'FILES', 'EXTENT_SIZE', 16, '0', 'NO', 'bigint', NULL, NULL, 19, 0, NULL, NULL, 'bigint(4)', '', '', 'select', ''),
('def', 'information_schema', 'FILES', 'INITIAL_SIZE', 17, NULL, 'YES', 'bigint', NULL, NULL, 20, 0, NULL, NULL, 'bigint(21) unsigned', '', '', 'select', ''),
('def', 'information_schema', 'FILES', 'MAXIMUM_SIZE', 18, NULL, 'YES', 'bigint', NULL, NULL, 20, 0, NULL, NULL, 'bigint(21) unsigned', '', '', 'select', ''),
('def', 'information_schema', 'FILES', 'AUTOEXTEND_SIZE', 19, NULL, 'YES', 'bigint', NULL, NULL, 20, 0, NULL, NULL, 'bigint(21) unsigned', '', '', 'select', ''),
('def', 'information_schema', 'FILES', 'CREATION_TIME', 20, NULL, 'YES', 'datetime', NULL, NULL, NULL, NULL, NULL, NULL, 'datetime', '', '', 'select', ''),
('def', 'information_schema', 'FILES', 'LAST_UPDATE_TIME', 21, NULL, 'YES', 'datetime', NULL, NULL, NULL, NULL, NULL, NULL, 'datetime', '', '', 'select', ''),
('def', 'information_schema', 'FILES', 'LAST_ACCESS_TIME', 22, NULL, 'YES', 'datetime', NULL, NULL, NULL, NULL, NULL, NULL, 'datetime', '', '', 'select', ''),
('def', 'information_schema', 'FILES', 'RECOVER_TIME', 23, NULL, 'YES', 'bigint', NULL, NULL, 19, 0, NULL, NULL, 'bigint(4)', '', '', 'select', ''),
('def', 'information_schema', 'FILES', 'TRANSACTION_COUNTER', 24, NULL, 'YES', 'bigint', NULL, NULL, 19, 0, NULL, NULL, 'bigint(4)', '', '', 'select', ''),
('def', 'information_schema', 'FILES', 'VERSION', 25, NULL, 'YES', 'bigint', NULL, NULL, 20, 0, NULL, NULL, 'bigint(21) unsigned', '', '', 'select', ''),
('def', 'information_schema', 'FILES', 'ROW_FORMAT', 26, NULL, 'YES', 'varchar', 10, 30, NULL, NULL, 'utf8', 'utf8_general_ci', 'varchar(10)', '', '', 'select', ''),
('def', 'information_schema', 'FILES', 'TABLE_ROWS', 27, NULL, 'YES', 'bigint', NULL, NULL, 20, 0, NULL, NULL, 'bigint(21) unsigned', '', '', 'select', ''),
('def', 'information_schema', 'FILES', 'AVG_ROW_LENGTH', 28, NULL, 'YES', 'bigint', NULL, NULL, 20, 0, NULL, NULL, 'bigint(21) unsigned', '', '', 'select', ''),
('def', 'information_schema', 'FILES', 'DATA_LENGTH', 29, NULL, 'YES', 'bigint', NULL, NULL, 20, 0, NULL, NULL, 'bigint(21) unsigned', '', '', 'select', ''),
('def', 'information_schema', 'FILES', 'MAX_DATA_LENGTH', 30, NULL, 'YES', 'bigint', NULL, NULL, 20, 0, NULL, NULL, 'bigint(21) unsigned', '', '', 'select', ''),
('def', 'information_schema', 'FILES', 'INDEX_LENGTH', 31, NULL, 'YES', 'bigint', NULL, NULL, 20, 0, NULL, NULL, 'bigint(21) unsigned', '', '', 'select', ''),
('def', 'information_schema', 'FILES', 'DATA_FREE', 32, NULL, 'YES', 'bigint', NULL, NULL, 20, 0, NULL, NULL, 'bigint(21) unsigned', '', '', 'select', ''),
('def', 'information_schema', 'FILES', 'CREATE_TIME', 33, NULL, 'YES', 'datetime', NULL, NULL, NULL, NULL, NULL, NULL, 'datetime', '', '', 'select', ''),
('def', 'information_schema', 'FILES', 'UPDATE_TIME', 34, NULL, 'YES', 'datetime', NULL, NULL, NULL, NULL, NULL, NULL, 'datetime', '', '', 'select', ''),
('def', 'information_schema', 'FILES', 'CHECK_TIME', 35, NULL, 'YES', 'datetime', NULL, NULL, NULL, NULL, NULL, NULL, 'datetime', '', '', 'select', ''),
('def', 'information_schema', 'FILES', 'CHECKSUM', 36, NULL, 'YES', 'bigint', NULL, NULL, 20, 0, NULL, NULL, 'bigint(21) unsigned', '', '', 'select', ''),
('def', 'information_schema', 'FILES', 'STATUS', 37, '', 'NO', 'varchar', 20, 60, NULL, NULL, 'utf8', 'utf8_general_ci', 'varchar(20)', '', '', 'select', ''),
('def', 'information_schema', 'FILES', 'EXTRA', 38, NULL, 'YES', 'varchar', 255, 765, NULL, NULL, 'utf8', 'utf8_general_ci', 'varchar(255)', '', '', 'select', ''),
('def', 'information_schema', 'GLOBAL_STATUS', 'VARIABLE_NAME', 1, '', 'NO', 'varchar', 64, 192, NULL, NULL, 'utf8', 'utf8_general_ci', 'varchar(64)', '', '', 'select', ''),
('def', 'information_schema', 'GLOBAL_STATUS', 'VARIABLE_VALUE', 2, NULL, 'YES', 'varchar', 1024, 3072, NULL, NULL, 'utf8', 'utf8_general_ci', 'varchar(1024)', '', '', 'select', ''),
('def', 'information_schema', 'GLOBAL_TEMPORARY_TABLES', 'SESSION_ID', 1, '0', 'NO', 'bigint', NULL, NULL, 19, 0, NULL, NULL, 'bigint(4)', '', '', 'select', ''),
('def', 'information_schema', 'GLOBAL_TEMPORARY_TABLES', 'TABLE_SCHEMA', 2, '', 'NO', 'varchar', 64, 192, NULL, NULL, 'utf8', 'utf8_general_ci', 'varchar(64)', '', '', 'select', ''),
('def', 'information_schema', 'GLOBAL_TEMPORARY_TABLES', 'TABLE_NAME', 3, '', 'NO', 'varchar', 64, 192, NULL, NULL, 'utf8', 'utf8_general_ci', 'varchar(64)', '', '', 'select', ''),
('def', 'information_schema', 'GLOBAL_TEMPORARY_TABLES', 'ENGINE', 4, '', 'NO', 'varchar', 64, 192, NULL, NULL, 'utf8', 'utf8_general_ci', 'varchar(64)', '', '', 'select', ''),
('def', 'information_schema', 'GLOBAL_TEMPORARY_TABLES', 'NAME', 5, '', 'NO', 'varchar', 512, 1536, NULL, NULL, 'utf8', 'utf8_general_ci', 'varchar(512)', '', '', 'select', ''),
('def', 'information_schema', 'GLOBAL_TEMPORARY_TABLES', 'TABLE_ROWS', 6, '0', 'NO', 'bigint', NULL, NULL, 20, 0, NULL, NULL, 'bigint(21) unsigned', '', '', 'select', ''),
('def', 'information_schema', 'GLOBAL_TEMPORARY_TABLES', 'AVG_ROW_LENGTH', 7, '0', 'NO', 'bigint', NULL, NULL, 20, 0, NULL, NULL, 'bigint(21) unsigned', '', '', 'select', ''),
('def', 'information_schema', 'GLOBAL_TEMPORARY_TABLES', 'DATA_LENGTH', 8, '0', 'NO', 'bigint', NULL, NULL, 20, 0, NULL, NULL, 'bigint(21) unsigned', '', '', 'select', ''),
('def', 'information_schema', 'GLOBAL_TEMPORARY_TABLES', 'INDEX_LENGTH', 9, '0', 'NO', 'bigint', NULL, NULL, 20, 0, NULL, NULL, 'bigint(21) unsigned', '', '', 'select', ''),
('def', 'information_schema', 'GLOBAL_TEMPORARY_TABLES', 'CREATE_TIME', 10, NULL, 'YES', 'datetime', NULL, NULL, NULL, NULL, NULL, NULL, 'datetime', '', '', 'select', ''),
('def', 'information_schema', 'GLOBAL_TEMPORARY_TABLES', 'UPDATE_TIME', 11, NULL, 'YES', 'datetime', NULL, NULL, NULL, NULL, NULL, NULL, 'datetime', '', '', 'select', ''),
('def', 'information_schema', 'GLOBAL_VARIABLES', 'VARIABLE_NAME', 1, '', 'NO', 'varchar', 64, 192, NULL, NULL, 'utf8', 'utf8_general_ci', 'varchar(64)', '', '', 'select', ''),
('def', 'information_schema', 'GLOBAL_VARIABLES', 'VARIABLE_VALUE', 2, NULL, 'YES', 'varchar', 1024, 3072, NULL, NULL, 'utf8', 'utf8_general_ci', 'varchar(1024)', '', '', 'select', ''),
('def', 'information_schema', 'KEY_COLUMN_USAGE', 'CONSTRAINT_CATALOG', 1, '', 'NO', 'varchar', 512, 1536, NULL, NULL, 'utf8', 'utf8_general_ci', 'varchar(512)', '', '', 'select', ''),
('def', 'information_schema', 'KEY_COLUMN_USAGE', 'CONSTRAINT_SCHEMA', 2, '', 'NO', 'varchar', 64, 192, NULL, NULL, 'utf8', 'utf8_general_ci', 'varchar(64)', '', '', 'select', ''),
('def', 'information_schema', 'KEY_COLUMN_USAGE', 'CONSTRAINT_NAME', 3, '', 'NO', 'varchar', 64, 192, NULL, NULL, 'utf8', 'utf8_general_ci', 'varchar(64)', '', '', 'select', ''),
('def', 'information_schema', 'KEY_COLUMN_USAGE', 'TABLE_CATALOG', 4, '', 'NO', 'varchar', 512, 1536, NULL, NULL, 'utf8', 'utf8_general_ci', 'varchar(512)', '', '', 'select', ''),
('def', 'information_schema', 'KEY_COLUMN_USAGE', 'TABLE_SCHEMA', 5, '', 'NO', 'varchar', 64, 192, NULL, NULL, 'utf8', 'utf8_general_ci', 'varchar(64)', '', '', 'select', ''),
('def', 'information_schema', 'KEY_COLUMN_USAGE', 'TABLE_NAME', 6, '', 'NO', 'varchar', 64, 192, NULL, NULL, 'utf8', 'utf8_general_ci', 'varchar(64)', '', '', 'select', ''),
('def', 'information_schema', 'KEY_COLUMN_USAGE', 'COLUMN_NAME', 7, '', 'NO', 'varchar', 64, 192, NULL, NULL, 'utf8', 'utf8_general_ci', 'varchar(64)', '', '', 'select', ''),
('def', 'information_schema', 'KEY_COLUMN_USAGE', 'ORDINAL_POSITION', 8, '0', 'NO', 'bigint', NULL, NULL, 19, 0, NULL, NULL, 'bigint(10)', '', '', 'select', ''),
('def', 'information_schema', 'KEY_COLUMN_USAGE', 'POSITION_IN_UNIQUE_CONSTRAINT', 9, NULL, 'YES', 'bigint', NULL, NULL, 19, 0, NULL, NULL, 'bigint(10)', '', '', 'select', ''),
('def', 'information_schema', 'KEY_COLUMN_USAGE', 'REFERENCED_TABLE_SCHEMA', 10, NULL, 'YES', 'varchar', 64, 192, NULL, NULL, 'utf8', 'utf8_general_ci', 'varchar(64)', '', '', 'select', ''),
('def', 'information_schema', 'KEY_COLUMN_USAGE', 'REFERENCED_TABLE_NAME', 11, NULL, 'YES', 'varchar', 64, 192, NULL, NULL, 'utf8', 'utf8_general_ci', 'varchar(64)', '', '', 'select', ''),
('def', 'information_schema', 'KEY_COLUMN_USAGE', 'REFERENCED_COLUMN_NAME', 12, NULL, 'YES', 'varchar', 64, 192, NULL, NULL, 'utf8', 'utf8_general_ci', 'varchar(64)', '', '', 'select', ''),
('def', 'information_schema', 'PARAMETERS', 'SPECIFIC_CATALOG', 1, '', 'NO', 'varchar', 512, 1536, NULL, NULL, 'utf8', 'utf8_general_ci', 'varchar(512)', '', '', 'select', ''),
('def', 'information_schema', 'PARAMETERS', 'SPECIFIC_SCHEMA', 2, '', 'NO', 'varchar', 64, 192, NULL, NULL, 'utf8', 'utf8_general_ci', 'varchar(64)', '', '', 'select', ''),
('def', 'information_schema', 'PARAMETERS', 'SPECIFIC_NAME', 3, '', 'NO', 'varchar', 64, 192, NULL, NULL, 'utf8', 'utf8_general_ci', 'varchar(64)', '', '', 'select', ''),
('def', 'information_schema', 'PARAMETERS', 'ORDINAL_POSITION', 4, '0', 'NO', 'int', NULL, NULL, 10, 0, NULL, NULL, 'int(21)', '', '', 'select', ''),
('def', 'information_schema', 'PARAMETERS', 'PARAMETER_MODE', 5, NULL, 'YES', 'varchar', 5, 15, NULL, NULL, 'utf8', 'utf8_general_ci', 'varchar(5)', '', '', 'select', ''),
('def', 'information_schema', 'PARAMETERS', 'PARAMETER_NAME', 6, NULL, 'YES', 'varchar', 64, 192, NULL, NULL, 'utf8', 'utf8_general_ci', 'varchar(64)', '', '', 'select', ''),
('def', 'information_schema', 'PARAMETERS', 'DATA_TYPE', 7, '', 'NO', 'varchar', 64, 192, NULL, NULL, 'utf8', 'utf8_general_ci', 'varchar(64)', '', '', 'select', ''),
('def', 'information_schema', 'PARAMETERS', 'CHARACTER_MAXIMUM_LENGTH', 8, NULL, 'YES', 'int', NULL, NULL, 10, 0, NULL, NULL, 'int(21)', '', '', 'select', ''),
('def', 'information_schema', 'PARAMETERS', 'CHARACTER_OCTET_LENGTH', 9, NULL, 'YES', 'int', NULL, NULL, 10, 0, NULL, NULL, 'int(21)', '', '', 'select', ''),
('def', 'information_schema', 'PARAMETERS', 'NUMERIC_PRECISION', 10, NULL, 'YES', 'int', NULL, NULL, 10, 0, NULL, NULL, 'int(21)', '', '', 'select', ''),
('def', 'information_schema', 'PARAMETERS', 'NUMERIC_SCALE', 11, NULL, 'YES', 'int', NULL, NULL, 10, 0, NULL, NULL, 'int(21)', '', '', 'select', ''),
('def', 'information_schema', 'PARAMETERS', 'CHARACTER_SET_NAME', 12, NULL, 'YES', 'varchar', 64, 192, NULL, NULL, 'utf8', 'utf8_general_ci', 'varchar(64)', '', '', 'select', ''),
('def', 'information_schema', 'PARAMETERS', 'COLLATION_NAME', 13, NULL, 'YES', 'varchar', 64, 192, NULL, NULL, 'utf8', 'utf8_general_ci', 'varchar(64)', '', '', 'select', ''),
('def', 'information_schema', 'PARAMETERS', 'DTD_IDENTIFIER', 14, NULL, 'NO', 'longtext', 4294967295, 4294967295, NULL, NULL, 'utf8', 'utf8_general_ci', 'longtext', '', '', 'select', ''),
('def', 'information_schema', 'PARAMETERS', 'ROUTINE_TYPE', 15, '', 'NO', 'varchar', 9, 27, NULL, NULL, 'utf8', 'utf8_general_ci', 'varchar(9)', '', '', 'select', ''),
('def', 'information_schema', 'PARTITIONS', 'TABLE_CATALOG', 1, '', 'NO', 'varchar', 512, 1536, NULL, NULL, 'utf8', 'utf8_general_ci', 'varchar(512)', '', '', 'select', ''),
('def', 'information_schema', 'PARTITIONS', 'TABLE_SCHEMA', 2, '', 'NO', 'varchar', 64, 192, NULL, NULL, 'utf8', 'utf8_general_ci', 'varchar(64)', '', '', 'select', ''),
('def', 'information_schema', 'PARTITIONS', 'TABLE_NAME', 3, '', 'NO', 'varchar', 64, 192, NULL, NULL, 'utf8', 'utf8_general_ci', 'varchar(64)', '', '', 'select', ''),
('def', 'information_schema', 'PARTITIONS', 'PARTITION_NAME', 4, NULL, 'YES', 'varchar', 64, 192, NULL, NULL, 'utf8', 'utf8_general_ci', 'varchar(64)', '', '', 'select', ''),
('def', 'information_schema', 'PARTITIONS', 'SUBPARTITION_NAME', 5, NULL, 'YES', 'varchar', 64, 192, NULL, NULL, 'utf8', 'utf8_general_ci', 'varchar(64)', '', '', 'select', ''),
('def', 'information_schema', 'PARTITIONS', 'PARTITION_ORDINAL_POSITION', 6, NULL, 'YES', 'bigint', NULL, NULL, 20, 0, NULL, NULL, 'bigint(21) unsigned', '', '', 'select', ''),
('def', 'information_schema', 'PARTITIONS', 'SUBPARTITION_ORDINAL_POSITION', 7, NULL, 'YES', 'bigint', NULL, NULL, 20, 0, NULL, NULL, 'bigint(21) unsigned', '', '', 'select', ''),
('def', 'information_schema', 'PARTITIONS', 'PARTITION_METHOD', 8, NULL, 'YES', 'varchar', 18, 54, NULL, NULL, 'utf8', 'utf8_general_ci', 'varchar(18)', '', '', 'select', ''),
('def', 'information_schema', 'PARTITIONS', 'SUBPARTITION_METHOD', 9, NULL, 'YES', 'varchar', 12, 36, NULL, NULL, 'utf8', 'utf8_general_ci', 'varchar(12)', '', '', 'select', ''),
('def', 'information_schema', 'PARTITIONS', 'PARTITION_EXPRESSION', 10, NULL, 'YES', 'longtext', 4294967295, 4294967295, NULL, NULL, 'utf8', 'utf8_general_ci', 'longtext', '', '', 'select', ''),
('def', 'information_schema', 'PARTITIONS', 'SUBPARTITION_EXPRESSION', 11, NULL, 'YES', 'longtext', 4294967295, 4294967295, NULL, NULL, 'utf8', 'utf8_general_ci', 'longtext', '', '', 'select', ''),
('def', 'information_schema', 'PARTITIONS', 'PARTITION_DESCRIPTION', 12, NULL, 'YES', 'longtext', 4294967295, 4294967295, NULL, NULL, 'utf8', 'utf8_general_ci', 'longtext', '', '', 'select', ''),
('def', 'information_schema', 'PARTITIONS', 'TABLE_ROWS', 13, '0', 'NO', 'bigint', NULL, NULL, 20, 0, NULL, NULL, 'bigint(21) unsigned', '', '', 'select', ''),
('def', 'information_schema', 'PARTITIONS', 'AVG_ROW_LENGTH', 14, '0', 'NO', 'bigint', NULL, NULL, 20, 0, NULL, NULL, 'bigint(21) unsigned', '', '', 'select', ''),
('def', 'information_schema', 'PARTITIONS', 'DATA_LENGTH', 15, '0', 'NO', 'bigint', NULL, NULL, 20, 0, NULL, NULL, 'bigint(21) unsigned', '', '', 'select', ''),
('def', 'information_schema', 'PARTITIONS', 'MAX_DATA_LENGTH', 16, NULL, 'YES', 'bigint', NULL, NULL, 20, 0, NULL, NULL, 'bigint(21) unsigned', '', '', 'select', ''),
('def', 'information_schema', 'PARTITIONS', 'INDEX_LENGTH', 17, '0', 'NO', 'bigint', NULL, NULL, 20, 0, NULL, NULL, 'bigint(21) unsigned', '', '', 'select', ''),
('def', 'information_schema', 'PARTITIONS', 'DATA_FREE', 18, '0', 'NO', 'bigint', NULL, NULL, 20, 0, NULL, NULL, 'bigint(21) unsigned', '', '', 'select', ''),
('def', 'information_schema', 'PARTITIONS', 'CREATE_TIME', 19, NULL, 'YES', 'datetime', NULL, NULL, NULL, NULL, NULL, NULL, 'datetime', '', '', 'select', ''),
('def', 'information_schema', 'PARTITIONS', 'UPDATE_TIME', 20, NULL, 'YES', 'datetime', NULL, NULL, NULL, NULL, NULL, NULL, 'datetime', '', '', 'select', ''),
('def', 'information_schema', 'PARTITIONS', 'CHECK_TIME', 21, NULL, 'YES', 'datetime', NULL, NULL, NULL, NULL, NULL, NULL, 'datetime', '', '', 'select', ''),
('def', 'information_schema', 'PARTITIONS', 'CHECKSUM', 22, NULL, 'YES', 'bigint', NULL, NULL, 20, 0, NULL, NULL, 'bigint(21) unsigned', '', '', 'select', ''),
('def', 'information_schema', 'PARTITIONS', 'PARTITION_COMMENT', 23, '', 'NO', 'varchar', 80, 240, NULL, NULL, 'utf8', 'utf8_general_ci', 'varchar(80)', '', '', 'select', ''),
('def', 'information_schema', 'PARTITIONS', 'NODEGROUP', 24, '', 'NO', 'varchar', 12, 36, NULL, NULL, 'utf8', 'utf8_general_ci', 'varchar(12)', '', '', 'select', ''),
('def', 'information_schema', 'PARTITIONS', 'TABLESPACE_NAME', 25, NULL, 'YES', 'varchar', 64, 192, NULL, NULL, 'utf8', 'utf8_general_ci', 'varchar(64)', '', '', 'select', ''),
('def', 'information_schema', 'PLUGINS', 'PLUGIN_NAME', 1, '', 'NO', 'varchar', 64, 192, NULL, NULL, 'utf8', 'utf8_general_ci', 'varchar(64)', '', '', 'select', ''),
('def', 'information_schema', 'PLUGINS', 'PLUGIN_VERSION', 2, '', 'NO', 'varchar', 20, 60, NULL, NULL, 'utf8', 'utf8_general_ci', 'varchar(20)', '', '', 'select', ''),
('def', 'information_schema', 'PLUGINS', 'PLUGIN_STATUS', 3, '', 'NO', 'varchar', 10, 30, NULL, NULL, 'utf8', 'utf8_general_ci', 'varchar(10)', '', '', 'select', ''),
('def', 'information_schema', 'PLUGINS', 'PLUGIN_TYPE', 4, '', 'NO', 'varchar', 80, 240, NULL, NULL, 'utf8', 'utf8_general_ci', 'varchar(80)', '', '', 'select', ''),
('def', 'information_schema', 'PLUGINS', 'PLUGIN_TYPE_VERSION', 5, '', 'NO', 'varchar', 20, 60, NULL, NULL, 'utf8', 'utf8_general_ci', 'varchar(20)', '', '', 'select', ''),
('def', 'information_schema', 'PLUGINS', 'PLUGIN_LIBRARY', 6, NULL, 'YES', 'varchar', 64, 192, NULL, NULL, 'utf8', 'utf8_general_ci', 'varchar(64)', '', '', 'select', ''),
('def', 'information_schema', 'PLUGINS', 'PLUGIN_LIBRARY_VERSION', 7, NULL, 'YES', 'varchar', 20, 60, NULL, NULL, 'utf8', 'utf8_general_ci', 'varchar(20)', '', '', 'select', ''),
('def', 'information_schema', 'PLUGINS', 'PLUGIN_AUTHOR', 8, NULL, 'YES', 'varchar', 64, 192, NULL, NULL, 'utf8', 'utf8_general_ci', 'varchar(64)', '', '', 'select', ''),
('def', 'information_schema', 'PLUGINS', 'PLUGIN_DESCRIPTION', 9, NULL, 'YES', 'longtext', 4294967295, 4294967295, NULL, NULL, 'utf8', 'utf8_general_ci', 'longtext', '', '', 'select', ''),
('def', 'information_schema', 'PLUGINS', 'PLUGIN_LICENSE', 10, NULL, 'YES', 'varchar', 80, 240, NULL, NULL, 'utf8', 'utf8_general_ci', 'varchar(80)', '', '', 'select', ''),
('def', 'information_schema', 'PLUGINS', 'LOAD_OPTION', 11, '', 'NO', 'varchar', 64, 192, NULL, NULL, 'utf8', 'utf8_general_ci', 'varchar(64)', '', '', 'select', ''),
('def', 'information_schema', 'PROCESSLIST', 'ID', 1, '0', 'NO', 'bigint', NULL, NULL, 19, 0, NULL, NULL, 'bigint(4)', '', '', 'select', ''),
('def', 'information_schema', 'PROCESSLIST', 'USER', 2, '', 'NO', 'varchar', 16, 48, NULL, NULL, 'utf8', 'utf8_general_ci', 'varchar(16)', '', '', 'select', ''),
('def', 'information_schema', 'PROCESSLIST', 'HOST', 3, '', 'NO', 'varchar', 64, 192, NULL, NULL, 'utf8', 'utf8_general_ci', 'varchar(64)', '', '', 'select', ''),
('def', 'information_schema', 'PROCESSLIST', 'DB', 4, NULL, 'YES', 'varchar', 64, 192, NULL, NULL, 'utf8', 'utf8_general_ci', 'varchar(64)', '', '', 'select', ''),
('def', 'information_schema', 'PROCESSLIST', 'COMMAND', 5, '', 'NO', 'varchar', 16, 48, NULL, NULL, 'utf8', 'utf8_general_ci', 'varchar(16)', '', '', 'select', ''),
('def', 'information_schema', 'PROCESSLIST', 'TIME', 6, '0', 'NO', 'int', NULL, NULL, 10, 0, NULL, NULL, 'int(7)', '', '', 'select', ''),
('def', 'information_schema', 'PROCESSLIST', 'STATE', 7, NULL, 'YES', 'varchar', 64, 192, NULL, NULL, 'utf8', 'utf8_general_ci', 'varchar(64)', '', '', 'select', ''),
('def', 'information_schema', 'PROCESSLIST', 'INFO', 8, NULL, 'YES', 'longtext', 4294967295, 4294967295, NULL, NULL, 'utf8', 'utf8_general_ci', 'longtext', '', '', 'select', ''),
('def', 'information_schema', 'PROCESSLIST', 'TIME_MS', 9, '0', 'NO', 'bigint', NULL, NULL, 19, 0, NULL, NULL, 'bigint(21)', '', '', 'select', ''),
('def', 'information_schema', 'PROCESSLIST', 'ROWS_SENT', 10, '0', 'NO', 'bigint', NULL, NULL, 20, 0, NULL, NULL, 'bigint(21) unsigned', '', '', 'select', ''),
('def', 'information_schema', 'PROCESSLIST', 'ROWS_EXAMINED', 11, '0', 'NO', 'bigint', NULL, NULL, 20, 0, NULL, NULL, 'bigint(21) unsigned', '', '', 'select', ''),
('def', 'information_schema', 'PROCESSLIST', 'ROWS_READ', 12, '0', 'NO', 'bigint', NULL, NULL, 20, 0, NULL, NULL, 'bigint(21) unsigned', '', '', 'select', ''),
('def', 'information_schema', 'PROFILING', 'QUERY_ID', 1, '0', 'NO', 'int', NULL, NULL, 10, 0, NULL, NULL, 'int(20)', '', '', 'select', ''),
('def', 'information_schema', 'PROFILING', 'SEQ', 2, '0', 'NO', 'int', NULL, NULL, 10, 0, NULL, NULL, 'int(20)', '', '', 'select', ''),
('def', 'information_schema', 'PROFILING', 'STATE', 3, '', 'NO', 'varchar', 30, 90, NULL, NULL, 'utf8', 'utf8_general_ci', 'varchar(30)', '', '', 'select', ''),
('def', 'information_schema', 'PROFILING', 'DURATION', 4, '0.000000', 'NO', 'decimal', NULL, NULL, 9, 6, NULL, NULL, 'decimal(9,6)', '', '', 'select', ''),
('def', 'information_schema', 'PROFILING', 'CPU_USER', 5, NULL, 'YES', 'decimal', NULL, NULL, 9, 6, NULL, NULL, 'decimal(9,6)', '', '', 'select', ''),
('def', 'information_schema', 'PROFILING', 'CPU_SYSTEM', 6, NULL, 'YES', 'decimal', NULL, NULL, 9, 6, NULL, NULL, 'decimal(9,6)', '', '', 'select', ''),
('def', 'information_schema', 'PROFILING', 'CONTEXT_VOLUNTARY', 7, NULL, 'YES', 'int', NULL, NULL, 10, 0, NULL, NULL, 'int(20)', '', '', 'select', ''),
('def', 'information_schema', 'PROFILING', 'CONTEXT_INVOLUNTARY', 8, NULL, 'YES', 'int', NULL, NULL, 10, 0, NULL, NULL, 'int(20)', '', '', 'select', ''),
('def', 'information_schema', 'PROFILING', 'BLOCK_OPS_IN', 9, NULL, 'YES', 'int', NULL, NULL, 10, 0, NULL, NULL, 'int(20)', '', '', 'select', ''),
('def', 'information_schema', 'PROFILING', 'BLOCK_OPS_OUT', 10, NULL, 'YES', 'int', NULL, NULL, 10, 0, NULL, NULL, 'int(20)', '', '', 'select', ''),
('def', 'information_schema', 'PROFILING', 'MESSAGES_SENT', 11, NULL, 'YES', 'int', NULL, NULL, 10, 0, NULL, NULL, 'int(20)', '', '', 'select', ''),
('def', 'information_schema', 'PROFILING', 'MESSAGES_RECEIVED', 12, NULL, 'YES', 'int', NULL, NULL, 10, 0, NULL, NULL, 'int(20)', '', '', 'select', ''),
('def', 'information_schema', 'PROFILING', 'PAGE_FAULTS_MAJOR', 13, NULL, 'YES', 'int', NULL, NULL, 10, 0, NULL, NULL, 'int(20)', '', '', 'select', ''),
('def', 'information_schema', 'PROFILING', 'PAGE_FAULTS_MINOR', 14, NULL, 'YES', 'int', NULL, NULL, 10, 0, NULL, NULL, 'int(20)', '', '', 'select', ''),
('def', 'information_schema', 'PROFILING', 'SWAPS', 15, NULL, 'YES', 'int', NULL, NULL, 10, 0, NULL, NULL, 'int(20)', '', '', 'select', ''),
('def', 'information_schema', 'PROFILING', 'SOURCE_FUNCTION', 16, NULL, 'YES', 'varchar', 30, 90, NULL, NULL, 'utf8', 'utf8_general_ci', 'varchar(30)', '', '', 'select', ''),
('def', 'information_schema', 'PROFILING', 'SOURCE_FILE', 17, NULL, 'YES', 'varchar', 20, 60, NULL, NULL, 'utf8', 'utf8_general_ci', 'varchar(20)', '', '', 'select', ''),
('def', 'information_schema', 'PROFILING', 'SOURCE_LINE', 18, NULL, 'YES', 'int', NULL, NULL, 10, 0, NULL, NULL, 'int(20)', '', '', 'select', ''),
('def', 'information_schema', 'REFERENTIAL_CONSTRAINTS', 'CONSTRAINT_CATALOG', 1, '', 'NO', 'varchar', 512, 1536, NULL, NULL, 'utf8', 'utf8_general_ci', 'varchar(512)', '', '', 'select', ''),
('def', 'information_schema', 'REFERENTIAL_CONSTRAINTS', 'CONSTRAINT_SCHEMA', 2, '', 'NO', 'varchar', 64, 192, NULL, NULL, 'utf8', 'utf8_general_ci', 'varchar(64)', '', '', 'select', ''),
('def', 'information_schema', 'REFERENTIAL_CONSTRAINTS', 'CONSTRAINT_NAME', 3, '', 'NO', 'varchar', 64, 192, NULL, NULL, 'utf8', 'utf8_general_ci', 'varchar(64)', '', '', 'select', ''),
('def', 'information_schema', 'REFERENTIAL_CONSTRAINTS', 'UNIQUE_CONSTRAINT_CATALOG', 4, '', 'NO', 'varchar', 512, 1536, NULL, NULL, 'utf8', 'utf8_general_ci', 'varchar(512)', '', '', 'select', ''),
('def', 'information_schema', 'REFERENTIAL_CONSTRAINTS', 'UNIQUE_CONSTRAINT_SCHEMA', 5, '', 'NO', 'varchar', 64, 192, NULL, NULL, 'utf8', 'utf8_general_ci', 'varchar(64)', '', '', 'select', ''),
('def', 'information_schema', 'REFERENTIAL_CONSTRAINTS', 'UNIQUE_CONSTRAINT_NAME', 6, NULL, 'YES', 'varchar', 64, 192, NULL, NULL, 'utf8', 'utf8_general_ci', 'varchar(64)', '', '', 'select', ''),
('def', 'information_schema', 'REFERENTIAL_CONSTRAINTS', 'MATCH_OPTION', 7, '', 'NO', 'varchar', 64, 192, NULL, NULL, 'utf8', 'utf8_general_ci', 'varchar(64)', '', '', 'select', ''),
('def', 'information_schema', 'REFERENTIAL_CONSTRAINTS', 'UPDATE_RULE', 8, '', 'NO', 'varchar', 64, 192, NULL, NULL, 'utf8', 'utf8_general_ci', 'varchar(64)', '', '', 'select', ''),
('def', 'information_schema', 'REFERENTIAL_CONSTRAINTS', 'DELETE_RULE', 9, '', 'NO', 'varchar', 64, 192, NULL, NULL, 'utf8', 'utf8_general_ci', 'varchar(64)', '', '', 'select', ''),
('def', 'information_schema', 'REFERENTIAL_CONSTRAINTS', 'TABLE_NAME', 10, '', 'NO', 'varchar', 64, 192, NULL, NULL, 'utf8', 'utf8_general_ci', 'varchar(64)', '', '', 'select', ''),
('def', 'information_schema', 'REFERENTIAL_CONSTRAINTS', 'REFERENCED_TABLE_NAME', 11, '', 'NO', 'varchar', 64, 192, NULL, NULL, 'utf8', 'utf8_general_ci', 'varchar(64)', '', '', 'select', ''),
('def', 'information_schema', 'ROUTINES', 'SPECIFIC_NAME', 1, '', 'NO', 'varchar', 64, 192, NULL, NULL, 'utf8', 'utf8_general_ci', 'varchar(64)', '', '', 'select', ''),
('def', 'information_schema', 'ROUTINES', 'ROUTINE_CATALOG', 2, '', 'NO', 'varchar', 512, 1536, NULL, NULL, 'utf8', 'utf8_general_ci', 'varchar(512)', '', '', 'select', ''),
('def', 'information_schema', 'ROUTINES', 'ROUTINE_SCHEMA', 3, '', 'NO', 'varchar', 64, 192, NULL, NULL, 'utf8', 'utf8_general_ci', 'varchar(64)', '', '', 'select', ''),
('def', 'information_schema', 'ROUTINES', 'ROUTINE_NAME', 4, '', 'NO', 'varchar', 64, 192, NULL, NULL, 'utf8', 'utf8_general_ci', 'varchar(64)', '', '', 'select', ''),
('def', 'information_schema', 'ROUTINES', 'ROUTINE_TYPE', 5, '', 'NO', 'varchar', 9, 27, NULL, NULL, 'utf8', 'utf8_general_ci', 'varchar(9)', '', '', 'select', ''),
('def', 'information_schema', 'ROUTINES', 'DATA_TYPE', 6, '', 'NO', 'varchar', 64, 192, NULL, NULL, 'utf8', 'utf8_general_ci', 'varchar(64)', '', '', 'select', ''),
('def', 'information_schema', 'ROUTINES', 'CHARACTER_MAXIMUM_LENGTH', 7, NULL, 'YES', 'int', NULL, NULL, 10, 0, NULL, NULL, 'int(21)', '', '', 'select', ''),
('def', 'information_schema', 'ROUTINES', 'CHARACTER_OCTET_LENGTH', 8, NULL, 'YES', 'int', NULL, NULL, 10, 0, NULL, NULL, 'int(21)', '', '', 'select', ''),
('def', 'information_schema', 'ROUTINES', 'NUMERIC_PRECISION', 9, NULL, 'YES', 'int', NULL, NULL, 10, 0, NULL, NULL, 'int(21)', '', '', 'select', ''),
('def', 'information_schema', 'ROUTINES', 'NUMERIC_SCALE', 10, NULL, 'YES', 'int', NULL, NULL, 10, 0, NULL, NULL, 'int(21)', '', '', 'select', ''),
('def', 'information_schema', 'ROUTINES', 'CHARACTER_SET_NAME', 11, NULL, 'YES', 'varchar', 64, 192, NULL, NULL, 'utf8', 'utf8_general_ci', 'varchar(64)', '', '', 'select', ''),
('def', 'information_schema', 'ROUTINES', 'COLLATION_NAME', 12, NULL, 'YES', 'varchar', 64, 192, NULL, NULL, 'utf8', 'utf8_general_ci', 'varchar(64)', '', '', 'select', ''),
('def', 'information_schema', 'ROUTINES', 'DTD_IDENTIFIER', 13, NULL, 'YES', 'longtext', 4294967295, 4294967295, NULL, NULL, 'utf8', 'utf8_general_ci', 'longtext', '', '', 'select', ''),
('def', 'information_schema', 'ROUTINES', 'ROUTINE_BODY', 14, '', 'NO', 'varchar', 8, 24, NULL, NULL, 'utf8', 'utf8_general_ci', 'varchar(8)', '', '', 'select', ''),
('def', 'information_schema', 'ROUTINES', 'ROUTINE_DEFINITION', 15, NULL, 'YES', 'longtext', 4294967295, 4294967295, NULL, NULL, 'utf8', 'utf8_general_ci', 'longtext', '', '', 'select', ''),
('def', 'information_schema', 'ROUTINES', 'EXTERNAL_NAME', 16, NULL, 'YES', 'varchar', 64, 192, NULL, NULL, 'utf8', 'utf8_general_ci', 'varchar(64)', '', '', 'select', ''),
('def', 'information_schema', 'ROUTINES', 'EXTERNAL_LANGUAGE', 17, NULL, 'YES', 'varchar', 64, 192, NULL, NULL, 'utf8', 'utf8_general_ci', 'varchar(64)', '', '', 'select', ''),
('def', 'information_schema', 'ROUTINES', 'PARAMETER_STYLE', 18, '', 'NO', 'varchar', 8, 24, NULL, NULL, 'utf8', 'utf8_general_ci', 'varchar(8)', '', '', 'select', ''),
('def', 'information_schema', 'ROUTINES', 'IS_DETERMINISTIC', 19, '', 'NO', 'varchar', 3, 9, NULL, NULL, 'utf8', 'utf8_general_ci', 'varchar(3)', '', '', 'select', ''),
('def', 'information_schema', 'ROUTINES', 'SQL_DATA_ACCESS', 20, '', 'NO', 'varchar', 64, 192, NULL, NULL, 'utf8', 'utf8_general_ci', 'varchar(64)', '', '', 'select', ''),
('def', 'information_schema', 'ROUTINES', 'SQL_PATH', 21, NULL, 'YES', 'varchar', 64, 192, NULL, NULL, 'utf8', 'utf8_general_ci', 'varchar(64)', '', '', 'select', ''),
('def', 'information_schema', 'ROUTINES', 'SECURITY_TYPE', 22, '', 'NO', 'varchar', 7, 21, NULL, NULL, 'utf8', 'utf8_general_ci', 'varchar(7)', '', '', 'select', ''),
('def', 'information_schema', 'ROUTINES', 'CREATED', 23, '0000-00-00 00:00:00', 'NO', 'datetime', NULL, NULL, NULL, NULL, NULL, NULL, 'datetime', '', '', 'select', ''),
('def', 'information_schema', 'ROUTINES', 'LAST_ALTERED', 24, '0000-00-00 00:00:00', 'NO', 'datetime', NULL, NULL, NULL, NULL, NULL, NULL, 'datetime', '', '', 'select', ''),
('def', 'information_schema', 'ROUTINES', 'SQL_MODE', 25, '', 'NO', 'varchar', 8192, 24576, NULL, NULL, 'utf8', 'utf8_general_ci', 'varchar(8192)', '', '', 'select', ''),
('def', 'information_schema', 'ROUTINES', 'ROUTINE_COMMENT', 26, NULL, 'NO', 'longtext', 4294967295, 4294967295, NULL, NULL, 'utf8', 'utf8_general_ci', 'longtext', '', '', 'select', ''),
('def', 'information_schema', 'ROUTINES', 'DEFINER', 27, '', 'NO', 'varchar', 77, 231, NULL, NULL, 'utf8', 'utf8_general_ci', 'varchar(77)', '', '', 'select', ''),
('def', 'information_schema', 'ROUTINES', 'CHARACTER_SET_CLIENT', 28, '', 'NO', 'varchar', 32, 96, NULL, NULL, 'utf8', 'utf8_general_ci', 'varchar(32)', '', '', 'select', ''),
('def', 'information_schema', 'ROUTINES', 'COLLATION_CONNECTION', 29, '', 'NO', 'varchar', 32, 96, NULL, NULL, 'utf8', 'utf8_general_ci', 'varchar(32)', '', '', 'select', ''),
('def', 'information_schema', 'ROUTINES', 'DATABASE_COLLATION', 30, '', 'NO', 'varchar', 32, 96, NULL, NULL, 'utf8', 'utf8_general_ci', 'varchar(32)', '', '', 'select', ''),
('def', 'information_schema', 'QUERY_RESPONSE_TIME', 'time', 1, '', 'NO', 'varchar', 14, 42, NULL, NULL, 'utf8', 'utf8_general_ci', 'varchar(14)', '', '', 'select', ''),
('def', 'information_schema', 'QUERY_RESPONSE_TIME', 'count', 2, '0', 'NO', 'int', NULL, NULL, 10, 0, NULL, NULL, 'int(11) unsigned', '', '', 'select', ''),
('def', 'information_schema', 'QUERY_RESPONSE_TIME', 'total', 3, '', 'NO', 'varchar', 14, 42, NULL, NULL, 'utf8', 'utf8_general_ci', 'varchar(14)', '', '', 'select', ''),
('def', 'information_schema', 'SCHEMATA', 'CATALOG_NAME', 1, '', 'NO', 'varchar', 512, 1536, NULL, NULL, 'utf8', 'utf8_general_ci', 'varchar(512)', '', '', 'select', ''),
('def', 'information_schema', 'SCHEMATA', 'SCHEMA_NAME', 2, '', 'NO', 'varchar', 64, 192, NULL, NULL, 'utf8', 'utf8_general_ci', 'varchar(64)', '', '', 'select', ''),
('def', 'information_schema', 'SCHEMATA', 'DEFAULT_CHARACTER_SET_NAME', 3, '', 'NO', 'varchar', 32, 96, NULL, NULL, 'utf8', 'utf8_general_ci', 'varchar(32)', '', '', 'select', ''),
('def', 'information_schema', 'SCHEMATA', 'DEFAULT_COLLATION_NAME', 4, '', 'NO', 'varchar', 32, 96, NULL, NULL, 'utf8', 'utf8_general_ci', 'varchar(32)', '', '', 'select', ''),
('def', 'information_schema', 'SCHEMATA', 'SQL_PATH', 5, NULL, 'YES', 'varchar', 512, 1536, NULL, NULL, 'utf8', 'utf8_general_ci', 'varchar(512)', '', '', 'select', ''),
('def', 'information_schema', 'SCHEMA_PRIVILEGES', 'GRANTEE', 1, '', 'NO', 'varchar', 81, 243, NULL, NULL, 'utf8', 'utf8_general_ci', 'varchar(81)', '', '', 'select', ''),
('def', 'information_schema', 'SCHEMA_PRIVILEGES', 'TABLE_CATALOG', 2, '', 'NO', 'varchar', 512, 1536, NULL, NULL, 'utf8', 'utf8_general_ci', 'varchar(512)', '', '', 'select', ''),
('def', 'information_schema', 'SCHEMA_PRIVILEGES', 'TABLE_SCHEMA', 3, '', 'NO', 'varchar', 64, 192, NULL, NULL, 'utf8', 'utf8_general_ci', 'varchar(64)', '', '', 'select', ''),
('def', 'information_schema', 'SCHEMA_PRIVILEGES', 'PRIVILEGE_TYPE', 4, '', 'NO', 'varchar', 64, 192, NULL, NULL, 'utf8', 'utf8_general_ci', 'varchar(64)', '', '', 'select', ''),
('def', 'information_schema', 'SCHEMA_PRIVILEGES', 'IS_GRANTABLE', 5, '', 'NO', 'varchar', 3, 9, NULL, NULL, 'utf8', 'utf8_general_ci', 'varchar(3)', '', '', 'select', ''),
('def', 'information_schema', 'SESSION_STATUS', 'VARIABLE_NAME', 1, '', 'NO', 'varchar', 64, 192, NULL, NULL, 'utf8', 'utf8_general_ci', 'varchar(64)', '', '', 'select', ''),
('def', 'information_schema', 'SESSION_STATUS', 'VARIABLE_VALUE', 2, NULL, 'YES', 'varchar', 1024, 3072, NULL, NULL, 'utf8', 'utf8_general_ci', 'varchar(1024)', '', '', 'select', ''),
('def', 'information_schema', 'SESSION_VARIABLES', 'VARIABLE_NAME', 1, '', 'NO', 'varchar', 64, 192, NULL, NULL, 'utf8', 'utf8_general_ci', 'varchar(64)', '', '', 'select', ''),
('def', 'information_schema', 'SESSION_VARIABLES', 'VARIABLE_VALUE', 2, NULL, 'YES', 'varchar', 1024, 3072, NULL, NULL, 'utf8', 'utf8_general_ci', 'varchar(1024)', '', '', 'select', ''),
('def', 'information_schema', 'STATISTICS', 'TABLE_CATALOG', 1, '', 'NO', 'varchar', 512, 1536, NULL, NULL, 'utf8', 'utf8_general_ci', 'varchar(512)', '', '', 'select', ''),
('def', 'information_schema', 'STATISTICS', 'TABLE_SCHEMA', 2, '', 'NO', 'varchar', 64, 192, NULL, NULL, 'utf8', 'utf8_general_ci', 'varchar(64)', '', '', 'select', ''),
('def', 'information_schema', 'STATISTICS', 'TABLE_NAME', 3, '', 'NO', 'varchar', 64, 192, NULL, NULL, 'utf8', 'utf8_general_ci', 'varchar(64)', '', '', 'select', '');
INSERT INTO `COLUMNS` (`TABLE_CATALOG`, `TABLE_SCHEMA`, `TABLE_NAME`, `COLUMN_NAME`, `ORDINAL_POSITION`, `COLUMN_DEFAULT`, `IS_NULLABLE`, `DATA_TYPE`, `CHARACTER_MAXIMUM_LENGTH`, `CHARACTER_OCTET_LENGTH`, `NUMERIC_PRECISION`, `NUMERIC_SCALE`, `CHARACTER_SET_NAME`, `COLLATION_NAME`, `COLUMN_TYPE`, `COLUMN_KEY`, `EXTRA`, `PRIVILEGES`, `COLUMN_COMMENT`) VALUES
('def', 'information_schema', 'STATISTICS', 'NON_UNIQUE', 4, '0', 'NO', 'bigint', NULL, NULL, 19, 0, NULL, NULL, 'bigint(1)', '', '', 'select', ''),
('def', 'information_schema', 'STATISTICS', 'INDEX_SCHEMA', 5, '', 'NO', 'varchar', 64, 192, NULL, NULL, 'utf8', 'utf8_general_ci', 'varchar(64)', '', '', 'select', ''),
('def', 'information_schema', 'STATISTICS', 'INDEX_NAME', 6, '', 'NO', 'varchar', 64, 192, NULL, NULL, 'utf8', 'utf8_general_ci', 'varchar(64)', '', '', 'select', ''),
('def', 'information_schema', 'STATISTICS', 'SEQ_IN_INDEX', 7, '0', 'NO', 'bigint', NULL, NULL, 19, 0, NULL, NULL, 'bigint(2)', '', '', 'select', ''),
('def', 'information_schema', 'STATISTICS', 'COLUMN_NAME', 8, '', 'NO', 'varchar', 64, 192, NULL, NULL, 'utf8', 'utf8_general_ci', 'varchar(64)', '', '', 'select', ''),
('def', 'information_schema', 'STATISTICS', 'COLLATION', 9, NULL, 'YES', 'varchar', 1, 3, NULL, NULL, 'utf8', 'utf8_general_ci', 'varchar(1)', '', '', 'select', ''),
('def', 'information_schema', 'STATISTICS', 'CARDINALITY', 10, NULL, 'YES', 'bigint', NULL, NULL, 19, 0, NULL, NULL, 'bigint(21)', '', '', 'select', ''),
('def', 'information_schema', 'STATISTICS', 'SUB_PART', 11, NULL, 'YES', 'bigint', NULL, NULL, 19, 0, NULL, NULL, 'bigint(3)', '', '', 'select', ''),
('def', 'information_schema', 'STATISTICS', 'PACKED', 12, NULL, 'YES', 'varchar', 10, 30, NULL, NULL, 'utf8', 'utf8_general_ci', 'varchar(10)', '', '', 'select', ''),
('def', 'information_schema', 'STATISTICS', 'NULLABLE', 13, '', 'NO', 'varchar', 3, 9, NULL, NULL, 'utf8', 'utf8_general_ci', 'varchar(3)', '', '', 'select', ''),
('def', 'information_schema', 'STATISTICS', 'INDEX_TYPE', 14, '', 'NO', 'varchar', 16, 48, NULL, NULL, 'utf8', 'utf8_general_ci', 'varchar(16)', '', '', 'select', ''),
('def', 'information_schema', 'STATISTICS', 'COMMENT', 15, NULL, 'YES', 'varchar', 16, 48, NULL, NULL, 'utf8', 'utf8_general_ci', 'varchar(16)', '', '', 'select', ''),
('def', 'information_schema', 'STATISTICS', 'INDEX_COMMENT', 16, '', 'NO', 'varchar', 1024, 3072, NULL, NULL, 'utf8', 'utf8_general_ci', 'varchar(1024)', '', '', 'select', ''),
('def', 'information_schema', 'TABLES', 'TABLE_CATALOG', 1, '', 'NO', 'varchar', 512, 1536, NULL, NULL, 'utf8', 'utf8_general_ci', 'varchar(512)', '', '', 'select', ''),
('def', 'information_schema', 'TABLES', 'TABLE_SCHEMA', 2, '', 'NO', 'varchar', 64, 192, NULL, NULL, 'utf8', 'utf8_general_ci', 'varchar(64)', '', '', 'select', ''),
('def', 'information_schema', 'TABLES', 'TABLE_NAME', 3, '', 'NO', 'varchar', 64, 192, NULL, NULL, 'utf8', 'utf8_general_ci', 'varchar(64)', '', '', 'select', ''),
('def', 'information_schema', 'TABLES', 'TABLE_TYPE', 4, '', 'NO', 'varchar', 64, 192, NULL, NULL, 'utf8', 'utf8_general_ci', 'varchar(64)', '', '', 'select', ''),
('def', 'information_schema', 'TABLES', 'ENGINE', 5, NULL, 'YES', 'varchar', 64, 192, NULL, NULL, 'utf8', 'utf8_general_ci', 'varchar(64)', '', '', 'select', ''),
('def', 'information_schema', 'TABLES', 'VERSION', 6, NULL, 'YES', 'bigint', NULL, NULL, 20, 0, NULL, NULL, 'bigint(21) unsigned', '', '', 'select', ''),
('def', 'information_schema', 'TABLES', 'ROW_FORMAT', 7, NULL, 'YES', 'varchar', 10, 30, NULL, NULL, 'utf8', 'utf8_general_ci', 'varchar(10)', '', '', 'select', ''),
('def', 'information_schema', 'TABLES', 'TABLE_ROWS', 8, NULL, 'YES', 'bigint', NULL, NULL, 20, 0, NULL, NULL, 'bigint(21) unsigned', '', '', 'select', ''),
('def', 'information_schema', 'TABLES', 'AVG_ROW_LENGTH', 9, NULL, 'YES', 'bigint', NULL, NULL, 20, 0, NULL, NULL, 'bigint(21) unsigned', '', '', 'select', ''),
('def', 'information_schema', 'TABLES', 'DATA_LENGTH', 10, NULL, 'YES', 'bigint', NULL, NULL, 20, 0, NULL, NULL, 'bigint(21) unsigned', '', '', 'select', ''),
('def', 'information_schema', 'TABLES', 'MAX_DATA_LENGTH', 11, NULL, 'YES', 'bigint', NULL, NULL, 20, 0, NULL, NULL, 'bigint(21) unsigned', '', '', 'select', ''),
('def', 'information_schema', 'TABLES', 'INDEX_LENGTH', 12, NULL, 'YES', 'bigint', NULL, NULL, 20, 0, NULL, NULL, 'bigint(21) unsigned', '', '', 'select', ''),
('def', 'information_schema', 'TABLES', 'DATA_FREE', 13, NULL, 'YES', 'bigint', NULL, NULL, 20, 0, NULL, NULL, 'bigint(21) unsigned', '', '', 'select', ''),
('def', 'information_schema', 'TABLES', 'AUTO_INCREMENT', 14, NULL, 'YES', 'bigint', NULL, NULL, 20, 0, NULL, NULL, 'bigint(21) unsigned', '', '', 'select', ''),
('def', 'information_schema', 'TABLES', 'CREATE_TIME', 15, NULL, 'YES', 'datetime', NULL, NULL, NULL, NULL, NULL, NULL, 'datetime', '', '', 'select', ''),
('def', 'information_schema', 'TABLES', 'UPDATE_TIME', 16, NULL, 'YES', 'datetime', NULL, NULL, NULL, NULL, NULL, NULL, 'datetime', '', '', 'select', ''),
('def', 'information_schema', 'TABLES', 'CHECK_TIME', 17, NULL, 'YES', 'datetime', NULL, NULL, NULL, NULL, NULL, NULL, 'datetime', '', '', 'select', ''),
('def', 'information_schema', 'TABLES', 'TABLE_COLLATION', 18, NULL, 'YES', 'varchar', 32, 96, NULL, NULL, 'utf8', 'utf8_general_ci', 'varchar(32)', '', '', 'select', ''),
('def', 'information_schema', 'TABLES', 'CHECKSUM', 19, NULL, 'YES', 'bigint', NULL, NULL, 20, 0, NULL, NULL, 'bigint(21) unsigned', '', '', 'select', ''),
('def', 'information_schema', 'TABLES', 'CREATE_OPTIONS', 20, NULL, 'YES', 'varchar', 255, 765, NULL, NULL, 'utf8', 'utf8_general_ci', 'varchar(255)', '', '', 'select', ''),
('def', 'information_schema', 'TABLES', 'TABLE_COMMENT', 21, '', 'NO', 'varchar', 2048, 6144, NULL, NULL, 'utf8', 'utf8_general_ci', 'varchar(2048)', '', '', 'select', ''),
('def', 'information_schema', 'TABLESPACES', 'TABLESPACE_NAME', 1, '', 'NO', 'varchar', 64, 192, NULL, NULL, 'utf8', 'utf8_general_ci', 'varchar(64)', '', '', 'select', ''),
('def', 'information_schema', 'TABLESPACES', 'ENGINE', 2, '', 'NO', 'varchar', 64, 192, NULL, NULL, 'utf8', 'utf8_general_ci', 'varchar(64)', '', '', 'select', ''),
('def', 'information_schema', 'TABLESPACES', 'TABLESPACE_TYPE', 3, NULL, 'YES', 'varchar', 64, 192, NULL, NULL, 'utf8', 'utf8_general_ci', 'varchar(64)', '', '', 'select', ''),
('def', 'information_schema', 'TABLESPACES', 'LOGFILE_GROUP_NAME', 4, NULL, 'YES', 'varchar', 64, 192, NULL, NULL, 'utf8', 'utf8_general_ci', 'varchar(64)', '', '', 'select', ''),
('def', 'information_schema', 'TABLESPACES', 'EXTENT_SIZE', 5, NULL, 'YES', 'bigint', NULL, NULL, 20, 0, NULL, NULL, 'bigint(21) unsigned', '', '', 'select', ''),
('def', 'information_schema', 'TABLESPACES', 'AUTOEXTEND_SIZE', 6, NULL, 'YES', 'bigint', NULL, NULL, 20, 0, NULL, NULL, 'bigint(21) unsigned', '', '', 'select', ''),
('def', 'information_schema', 'TABLESPACES', 'MAXIMUM_SIZE', 7, NULL, 'YES', 'bigint', NULL, NULL, 20, 0, NULL, NULL, 'bigint(21) unsigned', '', '', 'select', ''),
('def', 'information_schema', 'TABLESPACES', 'NODEGROUP_ID', 8, NULL, 'YES', 'bigint', NULL, NULL, 20, 0, NULL, NULL, 'bigint(21) unsigned', '', '', 'select', ''),
('def', 'information_schema', 'TABLESPACES', 'TABLESPACE_COMMENT', 9, NULL, 'YES', 'varchar', 2048, 6144, NULL, NULL, 'utf8', 'utf8_general_ci', 'varchar(2048)', '', '', 'select', ''),
('def', 'information_schema', 'TABLE_CONSTRAINTS', 'CONSTRAINT_CATALOG', 1, '', 'NO', 'varchar', 512, 1536, NULL, NULL, 'utf8', 'utf8_general_ci', 'varchar(512)', '', '', 'select', ''),
('def', 'information_schema', 'TABLE_CONSTRAINTS', 'CONSTRAINT_SCHEMA', 2, '', 'NO', 'varchar', 64, 192, NULL, NULL, 'utf8', 'utf8_general_ci', 'varchar(64)', '', '', 'select', ''),
('def', 'information_schema', 'TABLE_CONSTRAINTS', 'CONSTRAINT_NAME', 3, '', 'NO', 'varchar', 64, 192, NULL, NULL, 'utf8', 'utf8_general_ci', 'varchar(64)', '', '', 'select', ''),
('def', 'information_schema', 'TABLE_CONSTRAINTS', 'TABLE_SCHEMA', 4, '', 'NO', 'varchar', 64, 192, NULL, NULL, 'utf8', 'utf8_general_ci', 'varchar(64)', '', '', 'select', ''),
('def', 'information_schema', 'TABLE_CONSTRAINTS', 'TABLE_NAME', 5, '', 'NO', 'varchar', 64, 192, NULL, NULL, 'utf8', 'utf8_general_ci', 'varchar(64)', '', '', 'select', ''),
('def', 'information_schema', 'TABLE_CONSTRAINTS', 'CONSTRAINT_TYPE', 6, '', 'NO', 'varchar', 64, 192, NULL, NULL, 'utf8', 'utf8_general_ci', 'varchar(64)', '', '', 'select', ''),
('def', 'information_schema', 'TABLE_PRIVILEGES', 'GRANTEE', 1, '', 'NO', 'varchar', 81, 243, NULL, NULL, 'utf8', 'utf8_general_ci', 'varchar(81)', '', '', 'select', ''),
('def', 'information_schema', 'TABLE_PRIVILEGES', 'TABLE_CATALOG', 2, '', 'NO', 'varchar', 512, 1536, NULL, NULL, 'utf8', 'utf8_general_ci', 'varchar(512)', '', '', 'select', ''),
('def', 'information_schema', 'TABLE_PRIVILEGES', 'TABLE_SCHEMA', 3, '', 'NO', 'varchar', 64, 192, NULL, NULL, 'utf8', 'utf8_general_ci', 'varchar(64)', '', '', 'select', ''),
('def', 'information_schema', 'TABLE_PRIVILEGES', 'TABLE_NAME', 4, '', 'NO', 'varchar', 64, 192, NULL, NULL, 'utf8', 'utf8_general_ci', 'varchar(64)', '', '', 'select', ''),
('def', 'information_schema', 'TABLE_PRIVILEGES', 'PRIVILEGE_TYPE', 5, '', 'NO', 'varchar', 64, 192, NULL, NULL, 'utf8', 'utf8_general_ci', 'varchar(64)', '', '', 'select', ''),
('def', 'information_schema', 'TABLE_PRIVILEGES', 'IS_GRANTABLE', 6, '', 'NO', 'varchar', 3, 9, NULL, NULL, 'utf8', 'utf8_general_ci', 'varchar(3)', '', '', 'select', ''),
('def', 'information_schema', 'TABLE_STATISTICS', 'TABLE_SCHEMA', 1, '', 'NO', 'varchar', 192, 576, NULL, NULL, 'utf8', 'utf8_general_ci', 'varchar(192)', '', '', 'select', ''),
('def', 'information_schema', 'TABLE_STATISTICS', 'TABLE_NAME', 2, '', 'NO', 'varchar', 192, 576, NULL, NULL, 'utf8', 'utf8_general_ci', 'varchar(192)', '', '', 'select', ''),
('def', 'information_schema', 'TABLE_STATISTICS', 'ROWS_READ', 3, '0', 'NO', 'int', NULL, NULL, 10, 0, NULL, NULL, 'int(21)', '', '', 'select', ''),
('def', 'information_schema', 'TABLE_STATISTICS', 'ROWS_CHANGED', 4, '0', 'NO', 'int', NULL, NULL, 10, 0, NULL, NULL, 'int(21)', '', '', 'select', ''),
('def', 'information_schema', 'TABLE_STATISTICS', 'ROWS_CHANGED_X_INDEXES', 5, '0', 'NO', 'int', NULL, NULL, 10, 0, NULL, NULL, 'int(21)', '', '', 'select', ''),
('def', 'information_schema', 'TEMPORARY_TABLES', 'SESSION_ID', 1, '0', 'NO', 'bigint', NULL, NULL, 19, 0, NULL, NULL, 'bigint(4)', '', '', 'select', ''),
('def', 'information_schema', 'TEMPORARY_TABLES', 'TABLE_SCHEMA', 2, '', 'NO', 'varchar', 64, 192, NULL, NULL, 'utf8', 'utf8_general_ci', 'varchar(64)', '', '', 'select', ''),
('def', 'information_schema', 'TEMPORARY_TABLES', 'TABLE_NAME', 3, '', 'NO', 'varchar', 64, 192, NULL, NULL, 'utf8', 'utf8_general_ci', 'varchar(64)', '', '', 'select', ''),
('def', 'information_schema', 'TEMPORARY_TABLES', 'ENGINE', 4, '', 'NO', 'varchar', 64, 192, NULL, NULL, 'utf8', 'utf8_general_ci', 'varchar(64)', '', '', 'select', ''),
('def', 'information_schema', 'TEMPORARY_TABLES', 'NAME', 5, '', 'NO', 'varchar', 512, 1536, NULL, NULL, 'utf8', 'utf8_general_ci', 'varchar(512)', '', '', 'select', ''),
('def', 'information_schema', 'TEMPORARY_TABLES', 'TABLE_ROWS', 6, '0', 'NO', 'bigint', NULL, NULL, 20, 0, NULL, NULL, 'bigint(21) unsigned', '', '', 'select', ''),
('def', 'information_schema', 'TEMPORARY_TABLES', 'AVG_ROW_LENGTH', 7, '0', 'NO', 'bigint', NULL, NULL, 20, 0, NULL, NULL, 'bigint(21) unsigned', '', '', 'select', ''),
('def', 'information_schema', 'TEMPORARY_TABLES', 'DATA_LENGTH', 8, '0', 'NO', 'bigint', NULL, NULL, 20, 0, NULL, NULL, 'bigint(21) unsigned', '', '', 'select', ''),
('def', 'information_schema', 'TEMPORARY_TABLES', 'INDEX_LENGTH', 9, '0', 'NO', 'bigint', NULL, NULL, 20, 0, NULL, NULL, 'bigint(21) unsigned', '', '', 'select', ''),
('def', 'information_schema', 'TEMPORARY_TABLES', 'CREATE_TIME', 10, NULL, 'YES', 'datetime', NULL, NULL, NULL, NULL, NULL, NULL, 'datetime', '', '', 'select', ''),
('def', 'information_schema', 'TEMPORARY_TABLES', 'UPDATE_TIME', 11, NULL, 'YES', 'datetime', NULL, NULL, NULL, NULL, NULL, NULL, 'datetime', '', '', 'select', ''),
('def', 'information_schema', 'THREAD_STATISTICS', 'THREAD_ID', 1, '0', 'NO', 'int', NULL, NULL, 10, 0, NULL, NULL, 'int(21)', '', '', 'select', ''),
('def', 'information_schema', 'THREAD_STATISTICS', 'TOTAL_CONNECTIONS', 2, '0', 'NO', 'int', NULL, NULL, 10, 0, NULL, NULL, 'int(21)', '', '', 'select', ''),
('def', 'information_schema', 'THREAD_STATISTICS', 'CONCURRENT_CONNECTIONS', 3, '0', 'NO', 'int', NULL, NULL, 10, 0, NULL, NULL, 'int(21)', '', '', 'select', ''),
('def', 'information_schema', 'THREAD_STATISTICS', 'CONNECTED_TIME', 4, '0', 'NO', 'int', NULL, NULL, 10, 0, NULL, NULL, 'int(21)', '', '', 'select', ''),
('def', 'information_schema', 'THREAD_STATISTICS', 'BUSY_TIME', 5, '0', 'NO', 'int', NULL, NULL, 10, 0, NULL, NULL, 'int(21)', '', '', 'select', ''),
('def', 'information_schema', 'THREAD_STATISTICS', 'CPU_TIME', 6, '0', 'NO', 'int', NULL, NULL, 10, 0, NULL, NULL, 'int(21)', '', '', 'select', ''),
('def', 'information_schema', 'THREAD_STATISTICS', 'BYTES_RECEIVED', 7, '0', 'NO', 'int', NULL, NULL, 10, 0, NULL, NULL, 'int(21)', '', '', 'select', ''),
('def', 'information_schema', 'THREAD_STATISTICS', 'BYTES_SENT', 8, '0', 'NO', 'int', NULL, NULL, 10, 0, NULL, NULL, 'int(21)', '', '', 'select', ''),
('def', 'information_schema', 'THREAD_STATISTICS', 'BINLOG_BYTES_WRITTEN', 9, '0', 'NO', 'int', NULL, NULL, 10, 0, NULL, NULL, 'int(21)', '', '', 'select', ''),
('def', 'information_schema', 'THREAD_STATISTICS', 'ROWS_FETCHED', 10, '0', 'NO', 'int', NULL, NULL, 10, 0, NULL, NULL, 'int(21)', '', '', 'select', ''),
('def', 'information_schema', 'THREAD_STATISTICS', 'ROWS_UPDATED', 11, '0', 'NO', 'int', NULL, NULL, 10, 0, NULL, NULL, 'int(21)', '', '', 'select', ''),
('def', 'information_schema', 'THREAD_STATISTICS', 'TABLE_ROWS_READ', 12, '0', 'NO', 'int', NULL, NULL, 10, 0, NULL, NULL, 'int(21)', '', '', 'select', ''),
('def', 'information_schema', 'THREAD_STATISTICS', 'SELECT_COMMANDS', 13, '0', 'NO', 'int', NULL, NULL, 10, 0, NULL, NULL, 'int(21)', '', '', 'select', ''),
('def', 'information_schema', 'THREAD_STATISTICS', 'UPDATE_COMMANDS', 14, '0', 'NO', 'int', NULL, NULL, 10, 0, NULL, NULL, 'int(21)', '', '', 'select', ''),
('def', 'information_schema', 'THREAD_STATISTICS', 'OTHER_COMMANDS', 15, '0', 'NO', 'int', NULL, NULL, 10, 0, NULL, NULL, 'int(21)', '', '', 'select', ''),
('def', 'information_schema', 'THREAD_STATISTICS', 'COMMIT_TRANSACTIONS', 16, '0', 'NO', 'int', NULL, NULL, 10, 0, NULL, NULL, 'int(21)', '', '', 'select', ''),
('def', 'information_schema', 'THREAD_STATISTICS', 'ROLLBACK_TRANSACTIONS', 17, '0', 'NO', 'int', NULL, NULL, 10, 0, NULL, NULL, 'int(21)', '', '', 'select', ''),
('def', 'information_schema', 'THREAD_STATISTICS', 'DENIED_CONNECTIONS', 18, '0', 'NO', 'int', NULL, NULL, 10, 0, NULL, NULL, 'int(21)', '', '', 'select', ''),
('def', 'information_schema', 'THREAD_STATISTICS', 'LOST_CONNECTIONS', 19, '0', 'NO', 'int', NULL, NULL, 10, 0, NULL, NULL, 'int(21)', '', '', 'select', ''),
('def', 'information_schema', 'THREAD_STATISTICS', 'ACCESS_DENIED', 20, '0', 'NO', 'int', NULL, NULL, 10, 0, NULL, NULL, 'int(21)', '', '', 'select', ''),
('def', 'information_schema', 'THREAD_STATISTICS', 'EMPTY_QUERIES', 21, '0', 'NO', 'int', NULL, NULL, 10, 0, NULL, NULL, 'int(21)', '', '', 'select', ''),
('def', 'information_schema', 'TRIGGERS', 'TRIGGER_CATALOG', 1, '', 'NO', 'varchar', 512, 1536, NULL, NULL, 'utf8', 'utf8_general_ci', 'varchar(512)', '', '', 'select', ''),
('def', 'information_schema', 'TRIGGERS', 'TRIGGER_SCHEMA', 2, '', 'NO', 'varchar', 64, 192, NULL, NULL, 'utf8', 'utf8_general_ci', 'varchar(64)', '', '', 'select', ''),
('def', 'information_schema', 'TRIGGERS', 'TRIGGER_NAME', 3, '', 'NO', 'varchar', 64, 192, NULL, NULL, 'utf8', 'utf8_general_ci', 'varchar(64)', '', '', 'select', ''),
('def', 'information_schema', 'TRIGGERS', 'EVENT_MANIPULATION', 4, '', 'NO', 'varchar', 6, 18, NULL, NULL, 'utf8', 'utf8_general_ci', 'varchar(6)', '', '', 'select', ''),
('def', 'information_schema', 'TRIGGERS', 'EVENT_OBJECT_CATALOG', 5, '', 'NO', 'varchar', 512, 1536, NULL, NULL, 'utf8', 'utf8_general_ci', 'varchar(512)', '', '', 'select', ''),
('def', 'information_schema', 'TRIGGERS', 'EVENT_OBJECT_SCHEMA', 6, '', 'NO', 'varchar', 64, 192, NULL, NULL, 'utf8', 'utf8_general_ci', 'varchar(64)', '', '', 'select', ''),
('def', 'information_schema', 'TRIGGERS', 'EVENT_OBJECT_TABLE', 7, '', 'NO', 'varchar', 64, 192, NULL, NULL, 'utf8', 'utf8_general_ci', 'varchar(64)', '', '', 'select', ''),
('def', 'information_schema', 'TRIGGERS', 'ACTION_ORDER', 8, '0', 'NO', 'bigint', NULL, NULL, 19, 0, NULL, NULL, 'bigint(4)', '', '', 'select', ''),
('def', 'information_schema', 'TRIGGERS', 'ACTION_CONDITION', 9, NULL, 'YES', 'longtext', 4294967295, 4294967295, NULL, NULL, 'utf8', 'utf8_general_ci', 'longtext', '', '', 'select', ''),
('def', 'information_schema', 'TRIGGERS', 'ACTION_STATEMENT', 10, NULL, 'NO', 'longtext', 4294967295, 4294967295, NULL, NULL, 'utf8', 'utf8_general_ci', 'longtext', '', '', 'select', ''),
('def', 'information_schema', 'TRIGGERS', 'ACTION_ORIENTATION', 11, '', 'NO', 'varchar', 9, 27, NULL, NULL, 'utf8', 'utf8_general_ci', 'varchar(9)', '', '', 'select', ''),
('def', 'information_schema', 'TRIGGERS', 'ACTION_TIMING', 12, '', 'NO', 'varchar', 6, 18, NULL, NULL, 'utf8', 'utf8_general_ci', 'varchar(6)', '', '', 'select', ''),
('def', 'information_schema', 'TRIGGERS', 'ACTION_REFERENCE_OLD_TABLE', 13, NULL, 'YES', 'varchar', 64, 192, NULL, NULL, 'utf8', 'utf8_general_ci', 'varchar(64)', '', '', 'select', ''),
('def', 'information_schema', 'TRIGGERS', 'ACTION_REFERENCE_NEW_TABLE', 14, NULL, 'YES', 'varchar', 64, 192, NULL, NULL, 'utf8', 'utf8_general_ci', 'varchar(64)', '', '', 'select', ''),
('def', 'information_schema', 'TRIGGERS', 'ACTION_REFERENCE_OLD_ROW', 15, '', 'NO', 'varchar', 3, 9, NULL, NULL, 'utf8', 'utf8_general_ci', 'varchar(3)', '', '', 'select', ''),
('def', 'information_schema', 'TRIGGERS', 'ACTION_REFERENCE_NEW_ROW', 16, '', 'NO', 'varchar', 3, 9, NULL, NULL, 'utf8', 'utf8_general_ci', 'varchar(3)', '', '', 'select', ''),
('def', 'information_schema', 'TRIGGERS', 'CREATED', 17, NULL, 'YES', 'datetime', NULL, NULL, NULL, NULL, NULL, NULL, 'datetime', '', '', 'select', ''),
('def', 'information_schema', 'TRIGGERS', 'SQL_MODE', 18, '', 'NO', 'varchar', 8192, 24576, NULL, NULL, 'utf8', 'utf8_general_ci', 'varchar(8192)', '', '', 'select', ''),
('def', 'information_schema', 'TRIGGERS', 'DEFINER', 19, '', 'NO', 'varchar', 77, 231, NULL, NULL, 'utf8', 'utf8_general_ci', 'varchar(77)', '', '', 'select', ''),
('def', 'information_schema', 'TRIGGERS', 'CHARACTER_SET_CLIENT', 20, '', 'NO', 'varchar', 32, 96, NULL, NULL, 'utf8', 'utf8_general_ci', 'varchar(32)', '', '', 'select', ''),
('def', 'information_schema', 'TRIGGERS', 'COLLATION_CONNECTION', 21, '', 'NO', 'varchar', 32, 96, NULL, NULL, 'utf8', 'utf8_general_ci', 'varchar(32)', '', '', 'select', ''),
('def', 'information_schema', 'TRIGGERS', 'DATABASE_COLLATION', 22, '', 'NO', 'varchar', 32, 96, NULL, NULL, 'utf8', 'utf8_general_ci', 'varchar(32)', '', '', 'select', ''),
('def', 'information_schema', 'USER_PRIVILEGES', 'GRANTEE', 1, '', 'NO', 'varchar', 81, 243, NULL, NULL, 'utf8', 'utf8_general_ci', 'varchar(81)', '', '', 'select', ''),
('def', 'information_schema', 'USER_PRIVILEGES', 'TABLE_CATALOG', 2, '', 'NO', 'varchar', 512, 1536, NULL, NULL, 'utf8', 'utf8_general_ci', 'varchar(512)', '', '', 'select', ''),
('def', 'information_schema', 'USER_PRIVILEGES', 'PRIVILEGE_TYPE', 3, '', 'NO', 'varchar', 64, 192, NULL, NULL, 'utf8', 'utf8_general_ci', 'varchar(64)', '', '', 'select', ''),
('def', 'information_schema', 'USER_PRIVILEGES', 'IS_GRANTABLE', 4, '', 'NO', 'varchar', 3, 9, NULL, NULL, 'utf8', 'utf8_general_ci', 'varchar(3)', '', '', 'select', ''),
('def', 'information_schema', 'USER_STATISTICS', 'USER', 1, '', 'NO', 'varchar', 48, 144, NULL, NULL, 'utf8', 'utf8_general_ci', 'varchar(48)', '', '', 'select', ''),
('def', 'information_schema', 'USER_STATISTICS', 'TOTAL_CONNECTIONS', 2, '0', 'NO', 'int', NULL, NULL, 10, 0, NULL, NULL, 'int(21)', '', '', 'select', ''),
('def', 'information_schema', 'USER_STATISTICS', 'CONCURRENT_CONNECTIONS', 3, '0', 'NO', 'int', NULL, NULL, 10, 0, NULL, NULL, 'int(21)', '', '', 'select', ''),
('def', 'information_schema', 'USER_STATISTICS', 'CONNECTED_TIME', 4, '0', 'NO', 'int', NULL, NULL, 10, 0, NULL, NULL, 'int(21)', '', '', 'select', ''),
('def', 'information_schema', 'USER_STATISTICS', 'BUSY_TIME', 5, '0', 'NO', 'int', NULL, NULL, 10, 0, NULL, NULL, 'int(21)', '', '', 'select', ''),
('def', 'information_schema', 'USER_STATISTICS', 'CPU_TIME', 6, '0', 'NO', 'int', NULL, NULL, 10, 0, NULL, NULL, 'int(21)', '', '', 'select', ''),
('def', 'information_schema', 'USER_STATISTICS', 'BYTES_RECEIVED', 7, '0', 'NO', 'int', NULL, NULL, 10, 0, NULL, NULL, 'int(21)', '', '', 'select', ''),
('def', 'information_schema', 'USER_STATISTICS', 'BYTES_SENT', 8, '0', 'NO', 'int', NULL, NULL, 10, 0, NULL, NULL, 'int(21)', '', '', 'select', ''),
('def', 'information_schema', 'USER_STATISTICS', 'BINLOG_BYTES_WRITTEN', 9, '0', 'NO', 'int', NULL, NULL, 10, 0, NULL, NULL, 'int(21)', '', '', 'select', ''),
('def', 'information_schema', 'USER_STATISTICS', 'ROWS_FETCHED', 10, '0', 'NO', 'int', NULL, NULL, 10, 0, NULL, NULL, 'int(21)', '', '', 'select', ''),
('def', 'information_schema', 'USER_STATISTICS', 'ROWS_UPDATED', 11, '0', 'NO', 'int', NULL, NULL, 10, 0, NULL, NULL, 'int(21)', '', '', 'select', ''),
('def', 'information_schema', 'USER_STATISTICS', 'TABLE_ROWS_READ', 12, '0', 'NO', 'int', NULL, NULL, 10, 0, NULL, NULL, 'int(21)', '', '', 'select', ''),
('def', 'information_schema', 'USER_STATISTICS', 'SELECT_COMMANDS', 13, '0', 'NO', 'int', NULL, NULL, 10, 0, NULL, NULL, 'int(21)', '', '', 'select', ''),
('def', 'information_schema', 'USER_STATISTICS', 'UPDATE_COMMANDS', 14, '0', 'NO', 'int', NULL, NULL, 10, 0, NULL, NULL, 'int(21)', '', '', 'select', ''),
('def', 'information_schema', 'USER_STATISTICS', 'OTHER_COMMANDS', 15, '0', 'NO', 'int', NULL, NULL, 10, 0, NULL, NULL, 'int(21)', '', '', 'select', ''),
('def', 'information_schema', 'USER_STATISTICS', 'COMMIT_TRANSACTIONS', 16, '0', 'NO', 'int', NULL, NULL, 10, 0, NULL, NULL, 'int(21)', '', '', 'select', ''),
('def', 'information_schema', 'USER_STATISTICS', 'ROLLBACK_TRANSACTIONS', 17, '0', 'NO', 'int', NULL, NULL, 10, 0, NULL, NULL, 'int(21)', '', '', 'select', ''),
('def', 'information_schema', 'USER_STATISTICS', 'DENIED_CONNECTIONS', 18, '0', 'NO', 'int', NULL, NULL, 10, 0, NULL, NULL, 'int(21)', '', '', 'select', ''),
('def', 'information_schema', 'USER_STATISTICS', 'LOST_CONNECTIONS', 19, '0', 'NO', 'int', NULL, NULL, 10, 0, NULL, NULL, 'int(21)', '', '', 'select', ''),
('def', 'information_schema', 'USER_STATISTICS', 'ACCESS_DENIED', 20, '0', 'NO', 'int', NULL, NULL, 10, 0, NULL, NULL, 'int(21)', '', '', 'select', ''),
('def', 'information_schema', 'USER_STATISTICS', 'EMPTY_QUERIES', 21, '0', 'NO', 'int', NULL, NULL, 10, 0, NULL, NULL, 'int(21)', '', '', 'select', ''),
('def', 'information_schema', 'VIEWS', 'TABLE_CATALOG', 1, '', 'NO', 'varchar', 512, 1536, NULL, NULL, 'utf8', 'utf8_general_ci', 'varchar(512)', '', '', 'select', ''),
('def', 'information_schema', 'VIEWS', 'TABLE_SCHEMA', 2, '', 'NO', 'varchar', 64, 192, NULL, NULL, 'utf8', 'utf8_general_ci', 'varchar(64)', '', '', 'select', ''),
('def', 'information_schema', 'VIEWS', 'TABLE_NAME', 3, '', 'NO', 'varchar', 64, 192, NULL, NULL, 'utf8', 'utf8_general_ci', 'varchar(64)', '', '', 'select', ''),
('def', 'information_schema', 'VIEWS', 'VIEW_DEFINITION', 4, NULL, 'NO', 'longtext', 4294967295, 4294967295, NULL, NULL, 'utf8', 'utf8_general_ci', 'longtext', '', '', 'select', ''),
('def', 'information_schema', 'VIEWS', 'CHECK_OPTION', 5, '', 'NO', 'varchar', 8, 24, NULL, NULL, 'utf8', 'utf8_general_ci', 'varchar(8)', '', '', 'select', ''),
('def', 'information_schema', 'VIEWS', 'IS_UPDATABLE', 6, '', 'NO', 'varchar', 3, 9, NULL, NULL, 'utf8', 'utf8_general_ci', 'varchar(3)', '', '', 'select', ''),
('def', 'information_schema', 'VIEWS', 'DEFINER', 7, '', 'NO', 'varchar', 77, 231, NULL, NULL, 'utf8', 'utf8_general_ci', 'varchar(77)', '', '', 'select', ''),
('def', 'information_schema', 'VIEWS', 'SECURITY_TYPE', 8, '', 'NO', 'varchar', 7, 21, NULL, NULL, 'utf8', 'utf8_general_ci', 'varchar(7)', '', '', 'select', ''),
('def', 'information_schema', 'VIEWS', 'CHARACTER_SET_CLIENT', 9, '', 'NO', 'varchar', 32, 96, NULL, NULL, 'utf8', 'utf8_general_ci', 'varchar(32)', '', '', 'select', ''),
('def', 'information_schema', 'VIEWS', 'COLLATION_CONNECTION', 10, '', 'NO', 'varchar', 32, 96, NULL, NULL, 'utf8', 'utf8_general_ci', 'varchar(32)', '', '', 'select', ''),
('def', 'information_schema', 'INNODB_SYS_COLUMNS', 'TABLE_ID', 1, '0', 'NO', 'bigint', NULL, NULL, 20, 0, NULL, NULL, 'bigint(21) unsigned', '', '', 'select', ''),
('def', 'information_schema', 'INNODB_SYS_COLUMNS', 'NAME', 2, '', 'NO', 'varchar', 193, 579, NULL, NULL, 'utf8', 'utf8_general_ci', 'varchar(193)', '', '', 'select', ''),
('def', 'information_schema', 'INNODB_SYS_COLUMNS', 'POS', 3, '0', 'NO', 'bigint', NULL, NULL, 20, 0, NULL, NULL, 'bigint(21) unsigned', '', '', 'select', ''),
('def', 'information_schema', 'INNODB_SYS_COLUMNS', 'MTYPE', 4, '0', 'NO', 'int', NULL, NULL, 10, 0, NULL, NULL, 'int(11)', '', '', 'select', ''),
('def', 'information_schema', 'INNODB_SYS_COLUMNS', 'PRTYPE', 5, '0', 'NO', 'int', NULL, NULL, 10, 0, NULL, NULL, 'int(11)', '', '', 'select', ''),
('def', 'information_schema', 'INNODB_SYS_COLUMNS', 'LEN', 6, '0', 'NO', 'int', NULL, NULL, 10, 0, NULL, NULL, 'int(11)', '', '', 'select', ''),
('def', 'information_schema', 'INNODB_RSEG', 'rseg_id', 1, '0', 'NO', 'bigint', NULL, NULL, 20, 0, NULL, NULL, 'bigint(21) unsigned', '', '', 'select', ''),
('def', 'information_schema', 'INNODB_RSEG', 'space_id', 2, '0', 'NO', 'bigint', NULL, NULL, 20, 0, NULL, NULL, 'bigint(21) unsigned', '', '', 'select', ''),
('def', 'information_schema', 'INNODB_RSEG', 'zip_size', 3, '0', 'NO', 'bigint', NULL, NULL, 20, 0, NULL, NULL, 'bigint(21) unsigned', '', '', 'select', ''),
('def', 'information_schema', 'INNODB_RSEG', 'page_no', 4, '0', 'NO', 'bigint', NULL, NULL, 20, 0, NULL, NULL, 'bigint(21) unsigned', '', '', 'select', ''),
('def', 'information_schema', 'INNODB_RSEG', 'max_size', 5, '0', 'NO', 'bigint', NULL, NULL, 20, 0, NULL, NULL, 'bigint(21) unsigned', '', '', 'select', ''),
('def', 'information_schema', 'INNODB_RSEG', 'curr_size', 6, '0', 'NO', 'bigint', NULL, NULL, 20, 0, NULL, NULL, 'bigint(21) unsigned', '', '', 'select', ''),
('def', 'information_schema', 'INNODB_CMP', 'page_size', 1, '0', 'NO', 'int', NULL, NULL, 10, 0, NULL, NULL, 'int(5)', '', '', 'select', ''),
('def', 'information_schema', 'INNODB_CMP', 'compress_ops', 2, '0', 'NO', 'int', NULL, NULL, 10, 0, NULL, NULL, 'int(11)', '', '', 'select', ''),
('def', 'information_schema', 'INNODB_CMP', 'compress_ops_ok', 3, '0', 'NO', 'int', NULL, NULL, 10, 0, NULL, NULL, 'int(11)', '', '', 'select', ''),
('def', 'information_schema', 'INNODB_CMP', 'compress_time', 4, '0', 'NO', 'int', NULL, NULL, 10, 0, NULL, NULL, 'int(11)', '', '', 'select', ''),
('def', 'information_schema', 'INNODB_CMP', 'uncompress_ops', 5, '0', 'NO', 'int', NULL, NULL, 10, 0, NULL, NULL, 'int(11)', '', '', 'select', ''),
('def', 'information_schema', 'INNODB_CMP', 'uncompress_time', 6, '0', 'NO', 'int', NULL, NULL, 10, 0, NULL, NULL, 'int(11)', '', '', 'select', ''),
('def', 'information_schema', 'INNODB_TRX', 'trx_id', 1, '', 'NO', 'varchar', 18, 54, NULL, NULL, 'utf8', 'utf8_general_ci', 'varchar(18)', '', '', 'select', ''),
('def', 'information_schema', 'INNODB_TRX', 'trx_state', 2, '', 'NO', 'varchar', 13, 39, NULL, NULL, 'utf8', 'utf8_general_ci', 'varchar(13)', '', '', 'select', ''),
('def', 'information_schema', 'INNODB_TRX', 'trx_started', 3, '0000-00-00 00:00:00', 'NO', 'datetime', NULL, NULL, NULL, NULL, NULL, NULL, 'datetime', '', '', 'select', ''),
('def', 'information_schema', 'INNODB_TRX', 'trx_requested_lock_id', 4, NULL, 'YES', 'varchar', 81, 243, NULL, NULL, 'utf8', 'utf8_general_ci', 'varchar(81)', '', '', 'select', ''),
('def', 'information_schema', 'INNODB_TRX', 'trx_wait_started', 5, NULL, 'YES', 'datetime', NULL, NULL, NULL, NULL, NULL, NULL, 'datetime', '', '', 'select', ''),
('def', 'information_schema', 'INNODB_TRX', 'trx_weight', 6, '0', 'NO', 'bigint', NULL, NULL, 20, 0, NULL, NULL, 'bigint(21) unsigned', '', '', 'select', ''),
('def', 'information_schema', 'INNODB_TRX', 'trx_mysql_thread_id', 7, '0', 'NO', 'bigint', NULL, NULL, 20, 0, NULL, NULL, 'bigint(21) unsigned', '', '', 'select', ''),
('def', 'information_schema', 'INNODB_TRX', 'trx_query', 8, NULL, 'YES', 'varchar', 1024, 3072, NULL, NULL, 'utf8', 'utf8_general_ci', 'varchar(1024)', '', '', 'select', ''),
('def', 'information_schema', 'INNODB_TRX', 'trx_operation_state', 9, NULL, 'YES', 'varchar', 64, 192, NULL, NULL, 'utf8', 'utf8_general_ci', 'varchar(64)', '', '', 'select', ''),
('def', 'information_schema', 'INNODB_TRX', 'trx_tables_in_use', 10, '0', 'NO', 'bigint', NULL, NULL, 20, 0, NULL, NULL, 'bigint(21) unsigned', '', '', 'select', ''),
('def', 'information_schema', 'INNODB_TRX', 'trx_tables_locked', 11, '0', 'NO', 'bigint', NULL, NULL, 20, 0, NULL, NULL, 'bigint(21) unsigned', '', '', 'select', ''),
('def', 'information_schema', 'INNODB_TRX', 'trx_lock_structs', 12, '0', 'NO', 'bigint', NULL, NULL, 20, 0, NULL, NULL, 'bigint(21) unsigned', '', '', 'select', ''),
('def', 'information_schema', 'INNODB_TRX', 'trx_lock_memory_bytes', 13, '0', 'NO', 'bigint', NULL, NULL, 20, 0, NULL, NULL, 'bigint(21) unsigned', '', '', 'select', ''),
('def', 'information_schema', 'INNODB_TRX', 'trx_rows_locked', 14, '0', 'NO', 'bigint', NULL, NULL, 20, 0, NULL, NULL, 'bigint(21) unsigned', '', '', 'select', ''),
('def', 'information_schema', 'INNODB_TRX', 'trx_rows_modified', 15, '0', 'NO', 'bigint', NULL, NULL, 20, 0, NULL, NULL, 'bigint(21) unsigned', '', '', 'select', ''),
('def', 'information_schema', 'INNODB_TRX', 'trx_concurrency_tickets', 16, '0', 'NO', 'bigint', NULL, NULL, 20, 0, NULL, NULL, 'bigint(21) unsigned', '', '', 'select', ''),
('def', 'information_schema', 'INNODB_TRX', 'trx_isolation_level', 17, '', 'NO', 'varchar', 16, 48, NULL, NULL, 'utf8', 'utf8_general_ci', 'varchar(16)', '', '', 'select', ''),
('def', 'information_schema', 'INNODB_TRX', 'trx_unique_checks', 18, '0', 'NO', 'int', NULL, NULL, 10, 0, NULL, NULL, 'int(1)', '', '', 'select', ''),
('def', 'information_schema', 'INNODB_TRX', 'trx_foreign_key_checks', 19, '0', 'NO', 'int', NULL, NULL, 10, 0, NULL, NULL, 'int(1)', '', '', 'select', ''),
('def', 'information_schema', 'INNODB_TRX', 'trx_last_foreign_key_error', 20, NULL, 'YES', 'varchar', 256, 768, NULL, NULL, 'utf8', 'utf8_general_ci', 'varchar(256)', '', '', 'select', ''),
('def', 'information_schema', 'INNODB_TRX', 'trx_adaptive_hash_latched', 21, '0', 'NO', 'int', NULL, NULL, 10, 0, NULL, NULL, 'int(1)', '', '', 'select', ''),
('def', 'information_schema', 'INNODB_TRX', 'trx_adaptive_hash_timeout', 22, '0', 'NO', 'bigint', NULL, NULL, 20, 0, NULL, NULL, 'bigint(21) unsigned', '', '', 'select', ''),
('def', 'information_schema', 'INNODB_SYS_TABLESTATS', 'TABLE_ID', 1, '0', 'NO', 'bigint', NULL, NULL, 20, 0, NULL, NULL, 'bigint(21) unsigned', '', '', 'select', ''),
('def', 'information_schema', 'INNODB_SYS_TABLESTATS', 'SCHEMA', 2, '', 'NO', 'varchar', 193, 579, NULL, NULL, 'utf8', 'utf8_general_ci', 'varchar(193)', '', '', 'select', ''),
('def', 'information_schema', 'INNODB_SYS_TABLESTATS', 'NAME', 3, '', 'NO', 'varchar', 193, 579, NULL, NULL, 'utf8', 'utf8_general_ci', 'varchar(193)', '', '', 'select', ''),
('def', 'information_schema', 'INNODB_SYS_TABLESTATS', 'STATS_INITIALIZED', 4, '', 'NO', 'varchar', 193, 579, NULL, NULL, 'utf8', 'utf8_general_ci', 'varchar(193)', '', '', 'select', ''),
('def', 'information_schema', 'INNODB_SYS_TABLESTATS', 'NUM_ROWS', 5, '0', 'NO', 'bigint', NULL, NULL, 20, 0, NULL, NULL, 'bigint(21) unsigned', '', '', 'select', ''),
('def', 'information_schema', 'INNODB_SYS_TABLESTATS', 'CLUST_INDEX_SIZE', 6, '0', 'NO', 'bigint', NULL, NULL, 20, 0, NULL, NULL, 'bigint(21) unsigned', '', '', 'select', ''),
('def', 'information_schema', 'INNODB_SYS_TABLESTATS', 'OTHER_INDEX_SIZE', 7, '0', 'NO', 'bigint', NULL, NULL, 20, 0, NULL, NULL, 'bigint(21) unsigned', '', '', 'select', ''),
('def', 'information_schema', 'INNODB_SYS_TABLESTATS', 'MODIFIED_COUNTER', 8, '0', 'NO', 'bigint', NULL, NULL, 20, 0, NULL, NULL, 'bigint(21) unsigned', '', '', 'select', ''),
('def', 'information_schema', 'INNODB_SYS_TABLESTATS', 'AUTOINC', 9, '0', 'NO', 'bigint', NULL, NULL, 20, 0, NULL, NULL, 'bigint(21) unsigned', '', '', 'select', ''),
('def', 'information_schema', 'INNODB_SYS_TABLESTATS', 'MYSQL_HANDLES_OPENED', 10, '0', 'NO', 'int', NULL, NULL, 10, 0, NULL, NULL, 'int(11)', '', '', 'select', ''),
('def', 'information_schema', 'INNODB_LOCK_WAITS', 'requesting_trx_id', 1, '', 'NO', 'varchar', 18, 54, NULL, NULL, 'utf8', 'utf8_general_ci', 'varchar(18)', '', '', 'select', ''),
('def', 'information_schema', 'INNODB_LOCK_WAITS', 'requested_lock_id', 2, '', 'NO', 'varchar', 81, 243, NULL, NULL, 'utf8', 'utf8_general_ci', 'varchar(81)', '', '', 'select', ''),
('def', 'information_schema', 'INNODB_LOCK_WAITS', 'blocking_trx_id', 3, '', 'NO', 'varchar', 18, 54, NULL, NULL, 'utf8', 'utf8_general_ci', 'varchar(18)', '', '', 'select', ''),
('def', 'information_schema', 'INNODB_LOCK_WAITS', 'blocking_lock_id', 4, '', 'NO', 'varchar', 81, 243, NULL, NULL, 'utf8', 'utf8_general_ci', 'varchar(81)', '', '', 'select', ''),
('def', 'information_schema', 'XTRADB_ADMIN_COMMAND', 'result_message', 1, '', 'NO', 'varchar', 1024, 3072, NULL, NULL, 'utf8', 'utf8_general_ci', 'varchar(1024)', '', '', 'select', ''),
('def', 'information_schema', 'INNODB_LOCKS', 'lock_id', 1, '', 'NO', 'varchar', 81, 243, NULL, NULL, 'utf8', 'utf8_general_ci', 'varchar(81)', '', '', 'select', ''),
('def', 'information_schema', 'INNODB_LOCKS', 'lock_trx_id', 2, '', 'NO', 'varchar', 18, 54, NULL, NULL, 'utf8', 'utf8_general_ci', 'varchar(18)', '', '', 'select', ''),
('def', 'information_schema', 'INNODB_LOCKS', 'lock_mode', 3, '', 'NO', 'varchar', 32, 96, NULL, NULL, 'utf8', 'utf8_general_ci', 'varchar(32)', '', '', 'select', ''),
('def', 'information_schema', 'INNODB_LOCKS', 'lock_type', 4, '', 'NO', 'varchar', 32, 96, NULL, NULL, 'utf8', 'utf8_general_ci', 'varchar(32)', '', '', 'select', ''),
('def', 'information_schema', 'INNODB_LOCKS', 'lock_table', 5, '', 'NO', 'varchar', 1024, 3072, NULL, NULL, 'utf8', 'utf8_general_ci', 'varchar(1024)', '', '', 'select', ''),
('def', 'information_schema', 'INNODB_LOCKS', 'lock_index', 6, NULL, 'YES', 'varchar', 1024, 3072, NULL, NULL, 'utf8', 'utf8_general_ci', 'varchar(1024)', '', '', 'select', ''),
('def', 'information_schema', 'INNODB_LOCKS', 'lock_space', 7, NULL, 'YES', 'bigint', NULL, NULL, 20, 0, NULL, NULL, 'bigint(21) unsigned', '', '', 'select', ''),
('def', 'information_schema', 'INNODB_LOCKS', 'lock_page', 8, NULL, 'YES', 'bigint', NULL, NULL, 20, 0, NULL, NULL, 'bigint(21) unsigned', '', '', 'select', ''),
('def', 'information_schema', 'INNODB_LOCKS', 'lock_rec', 9, NULL, 'YES', 'bigint', NULL, NULL, 20, 0, NULL, NULL, 'bigint(21) unsigned', '', '', 'select', ''),
('def', 'information_schema', 'INNODB_LOCKS', 'lock_data', 10, NULL, 'YES', 'varchar', 8192, 24576, NULL, NULL, 'utf8', 'utf8_general_ci', 'varchar(8192)', '', '', 'select', ''),
('def', 'information_schema', 'INNODB_SYS_FOREIGN_COLS', 'ID', 1, '', 'NO', 'varchar', 193, 579, NULL, NULL, 'utf8', 'utf8_general_ci', 'varchar(193)', '', '', 'select', ''),
('def', 'information_schema', 'INNODB_SYS_FOREIGN_COLS', 'FOR_COL_NAME', 2, '', 'NO', 'varchar', 193, 579, NULL, NULL, 'utf8', 'utf8_general_ci', 'varchar(193)', '', '', 'select', ''),
('def', 'information_schema', 'INNODB_SYS_FOREIGN_COLS', 'REF_COL_NAME', 3, '', 'NO', 'varchar', 193, 579, NULL, NULL, 'utf8', 'utf8_general_ci', 'varchar(193)', '', '', 'select', ''),
('def', 'information_schema', 'INNODB_SYS_FOREIGN_COLS', 'POS', 4, '0', 'NO', 'int', NULL, NULL, 10, 0, NULL, NULL, 'int(11) unsigned', '', '', 'select', ''),
('def', 'information_schema', 'INNODB_CMP_RESET', 'page_size', 1, '0', 'NO', 'int', NULL, NULL, 10, 0, NULL, NULL, 'int(5)', '', '', 'select', ''),
('def', 'information_schema', 'INNODB_CMP_RESET', 'compress_ops', 2, '0', 'NO', 'int', NULL, NULL, 10, 0, NULL, NULL, 'int(11)', '', '', 'select', ''),
('def', 'information_schema', 'INNODB_CMP_RESET', 'compress_ops_ok', 3, '0', 'NO', 'int', NULL, NULL, 10, 0, NULL, NULL, 'int(11)', '', '', 'select', ''),
('def', 'information_schema', 'INNODB_CMP_RESET', 'compress_time', 4, '0', 'NO', 'int', NULL, NULL, 10, 0, NULL, NULL, 'int(11)', '', '', 'select', ''),
('def', 'information_schema', 'INNODB_CMP_RESET', 'uncompress_ops', 5, '0', 'NO', 'int', NULL, NULL, 10, 0, NULL, NULL, 'int(11)', '', '', 'select', ''),
('def', 'information_schema', 'INNODB_CMP_RESET', 'uncompress_time', 6, '0', 'NO', 'int', NULL, NULL, 10, 0, NULL, NULL, 'int(11)', '', '', 'select', ''),
('def', 'information_schema', 'INNODB_BUFFER_POOL_PAGES', 'page_type', 1, NULL, 'YES', 'varchar', 64, 192, NULL, NULL, 'utf8', 'utf8_general_ci', 'varchar(64)', '', '', 'select', ''),
('def', 'information_schema', 'INNODB_BUFFER_POOL_PAGES', 'space_id', 2, '0', 'NO', 'bigint', NULL, NULL, 20, 0, NULL, NULL, 'bigint(21) unsigned', '', '', 'select', ''),
('def', 'information_schema', 'INNODB_BUFFER_POOL_PAGES', 'page_no', 3, '0', 'NO', 'bigint', NULL, NULL, 20, 0, NULL, NULL, 'bigint(21) unsigned', '', '', 'select', ''),
('def', 'information_schema', 'INNODB_BUFFER_POOL_PAGES', 'lru_position', 4, '0', 'NO', 'bigint', NULL, NULL, 20, 0, NULL, NULL, 'bigint(21) unsigned', '', '', 'select', ''),
('def', 'information_schema', 'INNODB_BUFFER_POOL_PAGES', 'fix_count', 5, '0', 'NO', 'bigint', NULL, NULL, 20, 0, NULL, NULL, 'bigint(21) unsigned', '', '', 'select', ''),
('def', 'information_schema', 'INNODB_BUFFER_POOL_PAGES', 'flush_type', 6, '0', 'NO', 'bigint', NULL, NULL, 20, 0, NULL, NULL, 'bigint(21) unsigned', '', '', 'select', ''),
('def', 'information_schema', 'INNODB_SYS_TABLES', 'TABLE_ID', 1, '0', 'NO', 'bigint', NULL, NULL, 20, 0, NULL, NULL, 'bigint(21) unsigned', '', '', 'select', ''),
('def', 'information_schema', 'INNODB_SYS_TABLES', 'SCHEMA', 2, '', 'NO', 'varchar', 193, 579, NULL, NULL, 'utf8', 'utf8_general_ci', 'varchar(193)', '', '', 'select', ''),
('def', 'information_schema', 'INNODB_SYS_TABLES', 'NAME', 3, '', 'NO', 'varchar', 193, 579, NULL, NULL, 'utf8', 'utf8_general_ci', 'varchar(193)', '', '', 'select', ''),
('def', 'information_schema', 'INNODB_SYS_TABLES', 'FLAG', 4, '0', 'NO', 'int', NULL, NULL, 10, 0, NULL, NULL, 'int(11)', '', '', 'select', ''),
('def', 'information_schema', 'INNODB_SYS_TABLES', 'N_COLS', 5, '0', 'NO', 'int', NULL, NULL, 10, 0, NULL, NULL, 'int(11)', '', '', 'select', ''),
('def', 'information_schema', 'INNODB_SYS_TABLES', 'SPACE', 6, '0', 'NO', 'int', NULL, NULL, 10, 0, NULL, NULL, 'int(11)', '', '', 'select', ''),
('def', 'information_schema', 'INNODB_BUFFER_POOL_PAGES_INDEX', 'index_id', 1, '0', 'NO', 'bigint', NULL, NULL, 20, 0, NULL, NULL, 'bigint(21) unsigned', '', '', 'select', ''),
('def', 'information_schema', 'INNODB_BUFFER_POOL_PAGES_INDEX', 'space_id', 2, '0', 'NO', 'bigint', NULL, NULL, 20, 0, NULL, NULL, 'bigint(21) unsigned', '', '', 'select', ''),
('def', 'information_schema', 'INNODB_BUFFER_POOL_PAGES_INDEX', 'page_no', 3, '0', 'NO', 'bigint', NULL, NULL, 20, 0, NULL, NULL, 'bigint(21) unsigned', '', '', 'select', ''),
('def', 'information_schema', 'INNODB_BUFFER_POOL_PAGES_INDEX', 'n_recs', 4, '0', 'NO', 'bigint', NULL, NULL, 20, 0, NULL, NULL, 'bigint(21) unsigned', '', '', 'select', ''),
('def', 'information_schema', 'INNODB_BUFFER_POOL_PAGES_INDEX', 'data_size', 5, '0', 'NO', 'bigint', NULL, NULL, 20, 0, NULL, NULL, 'bigint(21) unsigned', '', '', 'select', ''),
('def', 'information_schema', 'INNODB_BUFFER_POOL_PAGES_INDEX', 'hashed', 6, '0', 'NO', 'bigint', NULL, NULL, 20, 0, NULL, NULL, 'bigint(21) unsigned', '', '', 'select', ''),
('def', 'information_schema', 'INNODB_BUFFER_POOL_PAGES_INDEX', 'access_time', 7, '0', 'NO', 'bigint', NULL, NULL, 20, 0, NULL, NULL, 'bigint(21) unsigned', '', '', 'select', ''),
('def', 'information_schema', 'INNODB_BUFFER_POOL_PAGES_INDEX', 'modified', 8, '0', 'NO', 'bigint', NULL, NULL, 20, 0, NULL, NULL, 'bigint(21) unsigned', '', '', 'select', ''),
('def', 'information_schema', 'INNODB_BUFFER_POOL_PAGES_INDEX', 'dirty', 9, '0', 'NO', 'bigint', NULL, NULL, 20, 0, NULL, NULL, 'bigint(21) unsigned', '', '', 'select', ''),
('def', 'information_schema', 'INNODB_BUFFER_POOL_PAGES_INDEX', 'old', 10, '0', 'NO', 'bigint', NULL, NULL, 20, 0, NULL, NULL, 'bigint(21) unsigned', '', '', 'select', ''),
('def', 'information_schema', 'INNODB_BUFFER_POOL_PAGES_INDEX', 'lru_position', 11, '0', 'NO', 'bigint', NULL, NULL, 20, 0, NULL, NULL, 'bigint(21) unsigned', '', '', 'select', ''),
('def', 'information_schema', 'INNODB_BUFFER_POOL_PAGES_INDEX', 'fix_count', 12, '0', 'NO', 'bigint', NULL, NULL, 20, 0, NULL, NULL, 'bigint(21) unsigned', '', '', 'select', ''),
('def', 'information_schema', 'INNODB_BUFFER_POOL_PAGES_INDEX', 'flush_type', 13, '0', 'NO', 'bigint', NULL, NULL, 20, 0, NULL, NULL, 'bigint(21) unsigned', '', '', 'select', ''),
('def', 'information_schema', 'INNODB_CMPMEM', 'page_size', 1, '0', 'NO', 'int', NULL, NULL, 10, 0, NULL, NULL, 'int(5)', '', '', 'select', ''),
('def', 'information_schema', 'INNODB_CMPMEM', 'buffer_pool_instance', 2, '0', 'NO', 'int', NULL, NULL, 10, 0, NULL, NULL, 'int(11)', '', '', 'select', ''),
('def', 'information_schema', 'INNODB_CMPMEM', 'pages_used', 3, '0', 'NO', 'int', NULL, NULL, 10, 0, NULL, NULL, 'int(11)', '', '', 'select', ''),
('def', 'information_schema', 'INNODB_CMPMEM', 'pages_free', 4, '0', 'NO', 'int', NULL, NULL, 10, 0, NULL, NULL, 'int(11)', '', '', 'select', ''),
('def', 'information_schema', 'INNODB_CMPMEM', 'relocation_ops', 5, '0', 'NO', 'bigint', NULL, NULL, 19, 0, NULL, NULL, 'bigint(21)', '', '', 'select', ''),
('def', 'information_schema', 'INNODB_CMPMEM', 'relocation_time', 6, '0', 'NO', 'int', NULL, NULL, 10, 0, NULL, NULL, 'int(11)', '', '', 'select', ''),
('def', 'information_schema', 'INNODB_BUFFER_POOL_PAGES_BLOB', 'space_id', 1, '0', 'NO', 'bigint', NULL, NULL, 20, 0, NULL, NULL, 'bigint(21) unsigned', '', '', 'select', ''),
('def', 'information_schema', 'INNODB_BUFFER_POOL_PAGES_BLOB', 'page_no', 2, '0', 'NO', 'bigint', NULL, NULL, 20, 0, NULL, NULL, 'bigint(21) unsigned', '', '', 'select', ''),
('def', 'information_schema', 'INNODB_BUFFER_POOL_PAGES_BLOB', 'compressed', 3, '0', 'NO', 'bigint', NULL, NULL, 20, 0, NULL, NULL, 'bigint(21) unsigned', '', '', 'select', ''),
('def', 'information_schema', 'INNODB_BUFFER_POOL_PAGES_BLOB', 'part_len', 4, '0', 'NO', 'bigint', NULL, NULL, 20, 0, NULL, NULL, 'bigint(21) unsigned', '', '', 'select', ''),
('def', 'information_schema', 'INNODB_BUFFER_POOL_PAGES_BLOB', 'next_page_no', 5, '0', 'NO', 'bigint', NULL, NULL, 20, 0, NULL, NULL, 'bigint(21) unsigned', '', '', 'select', ''),
('def', 'information_schema', 'INNODB_BUFFER_POOL_PAGES_BLOB', 'lru_position', 6, '0', 'NO', 'bigint', NULL, NULL, 20, 0, NULL, NULL, 'bigint(21) unsigned', '', '', 'select', ''),
('def', 'information_schema', 'INNODB_BUFFER_POOL_PAGES_BLOB', 'fix_count', 7, '0', 'NO', 'bigint', NULL, NULL, 20, 0, NULL, NULL, 'bigint(21) unsigned', '', '', 'select', ''),
('def', 'information_schema', 'INNODB_BUFFER_POOL_PAGES_BLOB', 'flush_type', 8, '0', 'NO', 'bigint', NULL, NULL, 20, 0, NULL, NULL, 'bigint(21) unsigned', '', '', 'select', ''),
('def', 'information_schema', 'INNODB_CMPMEM_RESET', 'page_size', 1, '0', 'NO', 'int', NULL, NULL, 10, 0, NULL, NULL, 'int(5)', '', '', 'select', ''),
('def', 'information_schema', 'INNODB_CMPMEM_RESET', 'buffer_pool_instance', 2, '0', 'NO', 'int', NULL, NULL, 10, 0, NULL, NULL, 'int(11)', '', '', 'select', ''),
('def', 'information_schema', 'INNODB_CMPMEM_RESET', 'pages_used', 3, '0', 'NO', 'int', NULL, NULL, 10, 0, NULL, NULL, 'int(11)', '', '', 'select', ''),
('def', 'information_schema', 'INNODB_CMPMEM_RESET', 'pages_free', 4, '0', 'NO', 'int', NULL, NULL, 10, 0, NULL, NULL, 'int(11)', '', '', 'select', ''),
('def', 'information_schema', 'INNODB_CMPMEM_RESET', 'relocation_ops', 5, '0', 'NO', 'bigint', NULL, NULL, 19, 0, NULL, NULL, 'bigint(21)', '', '', 'select', ''),
('def', 'information_schema', 'INNODB_CMPMEM_RESET', 'relocation_time', 6, '0', 'NO', 'int', NULL, NULL, 10, 0, NULL, NULL, 'int(11)', '', '', 'select', ''),
('def', 'information_schema', 'INNODB_SYS_FIELDS', 'INDEX_ID', 1, '0', 'NO', 'bigint', NULL, NULL, 20, 0, NULL, NULL, 'bigint(21) unsigned', '', '', 'select', ''),
('def', 'information_schema', 'INNODB_SYS_FIELDS', 'NAME', 2, '', 'NO', 'varchar', 193, 579, NULL, NULL, 'utf8', 'utf8_general_ci', 'varchar(193)', '', '', 'select', ''),
('def', 'information_schema', 'INNODB_SYS_FIELDS', 'POS', 3, '0', 'NO', 'int', NULL, NULL, 10, 0, NULL, NULL, 'int(11) unsigned', '', '', 'select', ''),
('def', 'information_schema', 'INNODB_TABLE_STATS', 'table_schema', 1, '', 'NO', 'varchar', 192, 576, NULL, NULL, 'utf8', 'utf8_general_ci', 'varchar(192)', '', '', 'select', ''),
('def', 'information_schema', 'INNODB_TABLE_STATS', 'table_name', 2, '', 'NO', 'varchar', 192, 576, NULL, NULL, 'utf8', 'utf8_general_ci', 'varchar(192)', '', '', 'select', ''),
('def', 'information_schema', 'INNODB_TABLE_STATS', 'rows', 3, '0', 'NO', 'bigint', NULL, NULL, 20, 0, NULL, NULL, 'bigint(21) unsigned', '', '', 'select', ''),
('def', 'information_schema', 'INNODB_TABLE_STATS', 'clust_size', 4, '0', 'NO', 'bigint', NULL, NULL, 20, 0, NULL, NULL, 'bigint(21) unsigned', '', '', 'select', ''),
('def', 'information_schema', 'INNODB_TABLE_STATS', 'other_size', 5, '0', 'NO', 'bigint', NULL, NULL, 20, 0, NULL, NULL, 'bigint(21) unsigned', '', '', 'select', ''),
('def', 'information_schema', 'INNODB_TABLE_STATS', 'modified', 6, '0', 'NO', 'bigint', NULL, NULL, 20, 0, NULL, NULL, 'bigint(21) unsigned', '', '', 'select', ''),
('def', 'information_schema', 'INNODB_SYS_STATS', 'INDEX_ID', 1, '0', 'NO', 'bigint', NULL, NULL, 20, 0, NULL, NULL, 'bigint(21) unsigned', '', '', 'select', ''),
('def', 'information_schema', 'INNODB_SYS_STATS', 'KEY_COLS', 2, '0', 'NO', 'int', NULL, NULL, 10, 0, NULL, NULL, 'int(11) unsigned', '', '', 'select', ''),
('def', 'information_schema', 'INNODB_SYS_STATS', 'DIFF_VALS', 3, '0', 'NO', 'bigint', NULL, NULL, 20, 0, NULL, NULL, 'bigint(21) unsigned', '', '', 'select', ''),
('def', 'information_schema', 'INNODB_SYS_STATS', 'NON_NULL_VALS', 4, NULL, 'YES', 'bigint', NULL, NULL, 20, 0, NULL, NULL, 'bigint(21) unsigned', '', '', 'select', ''),
('def', 'information_schema', 'INNODB_SYS_FOREIGN', 'ID', 1, '', 'NO', 'varchar', 193, 579, NULL, NULL, 'utf8', 'utf8_general_ci', 'varchar(193)', '', '', 'select', ''),
('def', 'information_schema', 'INNODB_SYS_FOREIGN', 'FOR_NAME', 2, '', 'NO', 'varchar', 193, 579, NULL, NULL, 'utf8', 'utf8_general_ci', 'varchar(193)', '', '', 'select', ''),
('def', 'information_schema', 'INNODB_SYS_FOREIGN', 'REF_NAME', 3, '', 'NO', 'varchar', 193, 579, NULL, NULL, 'utf8', 'utf8_general_ci', 'varchar(193)', '', '', 'select', ''),
('def', 'information_schema', 'INNODB_SYS_FOREIGN', 'N_COLS', 4, '0', 'NO', 'int', NULL, NULL, 10, 0, NULL, NULL, 'int(11) unsigned', '', '', 'select', ''),
('def', 'information_schema', 'INNODB_SYS_FOREIGN', 'TYPE', 5, '0', 'NO', 'int', NULL, NULL, 10, 0, NULL, NULL, 'int(11) unsigned', '', '', 'select', ''),
('def', 'information_schema', 'INNODB_SYS_INDEXES', 'INDEX_ID', 1, '0', 'NO', 'bigint', NULL, NULL, 20, 0, NULL, NULL, 'bigint(21) unsigned', '', '', 'select', ''),
('def', 'information_schema', 'INNODB_SYS_INDEXES', 'NAME', 2, '', 'NO', 'varchar', 193, 579, NULL, NULL, 'utf8', 'utf8_general_ci', 'varchar(193)', '', '', 'select', ''),
('def', 'information_schema', 'INNODB_SYS_INDEXES', 'TABLE_ID', 3, '0', 'NO', 'bigint', NULL, NULL, 20, 0, NULL, NULL, 'bigint(21) unsigned', '', '', 'select', ''),
('def', 'information_schema', 'INNODB_SYS_INDEXES', 'TYPE', 4, '0', 'NO', 'int', NULL, NULL, 10, 0, NULL, NULL, 'int(11)', '', '', 'select', ''),
('def', 'information_schema', 'INNODB_SYS_INDEXES', 'N_FIELDS', 5, '0', 'NO', 'int', NULL, NULL, 10, 0, NULL, NULL, 'int(11)', '', '', 'select', ''),
('def', 'information_schema', 'INNODB_SYS_INDEXES', 'PAGE_NO', 6, '0', 'NO', 'int', NULL, NULL, 10, 0, NULL, NULL, 'int(11)', '', '', 'select', ''),
('def', 'information_schema', 'INNODB_SYS_INDEXES', 'SPACE', 7, '0', 'NO', 'int', NULL, NULL, 10, 0, NULL, NULL, 'int(11)', '', '', 'select', ''),
('def', 'information_schema', 'INNODB_INDEX_STATS', 'table_schema', 1, '', 'NO', 'varchar', 192, 576, NULL, NULL, 'utf8', 'utf8_general_ci', 'varchar(192)', '', '', 'select', ''),
('def', 'information_schema', 'INNODB_INDEX_STATS', 'table_name', 2, '', 'NO', 'varchar', 192, 576, NULL, NULL, 'utf8', 'utf8_general_ci', 'varchar(192)', '', '', 'select', ''),
('def', 'information_schema', 'INNODB_INDEX_STATS', 'index_name', 3, '', 'NO', 'varchar', 192, 576, NULL, NULL, 'utf8', 'utf8_general_ci', 'varchar(192)', '', '', 'select', ''),
('def', 'information_schema', 'INNODB_INDEX_STATS', 'fields', 4, '0', 'NO', 'bigint', NULL, NULL, 20, 0, NULL, NULL, 'bigint(21) unsigned', '', '', 'select', ''),
('def', 'information_schema', 'INNODB_INDEX_STATS', 'rows_per_key', 5, '', 'NO', 'varchar', 256, 768, NULL, NULL, 'utf8', 'utf8_general_ci', 'varchar(256)', '', '', 'select', ''),
('def', 'information_schema', 'INNODB_INDEX_STATS', 'index_total_pages', 6, '0', 'NO', 'bigint', NULL, NULL, 20, 0, NULL, NULL, 'bigint(21) unsigned', '', '', 'select', ''),
('def', 'information_schema', 'INNODB_INDEX_STATS', 'index_leaf_pages', 7, '0', 'NO', 'bigint', NULL, NULL, 20, 0, NULL, NULL, 'bigint(21) unsigned', '', '', 'select', ''),
('def', 'BINFG16', 'AwardGerecht', 'awardGerechtID', 1, NULL, 'NO', 'int', NULL, NULL, 10, 0, NULL, NULL, 'int(11)', 'PRI', 'auto_increment', 'select,insert,update,references', ''),
('def', 'BINFG16', 'AwardGerecht', 'periode', 2, NULL, 'YES', 'date', NULL, NULL, NULL, NULL, NULL, NULL, 'date', '', '', 'select,insert,update,references', '');
INSERT INTO `COLUMNS` (`TABLE_CATALOG`, `TABLE_SCHEMA`, `TABLE_NAME`, `COLUMN_NAME`, `ORDINAL_POSITION`, `COLUMN_DEFAULT`, `IS_NULLABLE`, `DATA_TYPE`, `CHARACTER_MAXIMUM_LENGTH`, `CHARACTER_OCTET_LENGTH`, `NUMERIC_PRECISION`, `NUMERIC_SCALE`, `CHARACTER_SET_NAME`, `COLLATION_NAME`, `COLUMN_TYPE`, `COLUMN_KEY`, `EXTRA`, `PRIVILEGES`, `COLUMN_COMMENT`) VALUES
('def', 'BINFG16', 'AwardGerecht', 'naamAwardG', 3, NULL, 'YES', 'varchar', 20, 20, NULL, NULL, 'latin1', 'latin1_swedish_ci', 'varchar(20)', '', '', 'select,insert,update,references', ''),
('def', 'BINFG16', 'AwardGerecht', 'naamGerecht', 4, NULL, 'NO', 'varchar', 20, 20, NULL, NULL, 'latin1', 'latin1_swedish_ci', 'varchar(20)', 'MUL', '', 'select,insert,update,references', ''),
('def', 'BINFG16', 'AwardGerecht', 'menuID', 5, NULL, 'NO', 'int', NULL, NULL, 10, 0, NULL, NULL, 'int(11)', '', '', 'select,insert,update,references', ''),
('def', 'BINFG16', 'AwardTakeAway', 'awardTakeAwayID', 1, NULL, 'NO', 'int', NULL, NULL, 10, 0, NULL, NULL, 'int(11)', 'PRI', 'auto_increment', 'select,insert,update,references', ''),
('def', 'BINFG16', 'AwardTakeAway', 'periode', 2, NULL, 'YES', 'date', NULL, NULL, NULL, NULL, NULL, NULL, 'date', '', '', 'select,insert,update,references', ''),
('def', 'BINFG16', 'AwardTakeAway', 'naamAwardTA', 3, NULL, 'YES', 'varchar', 20, 20, NULL, NULL, 'latin1', 'latin1_swedish_ci', 'varchar(20)', '', '', 'select,insert,update,references', ''),
('def', 'BINFG16', 'AwardTakeAway', 'naamTakeAway', 4, NULL, 'NO', 'varchar', 20, 20, NULL, NULL, 'latin1', 'latin1_swedish_ci', 'varchar(20)', 'MUL', '', 'select,insert,update,references', ''),
('def', 'BINFG16', 'Bestelling', 'bestellingsID', 1, NULL, 'NO', 'int', NULL, NULL, 10, 0, NULL, NULL, 'int(11)', 'PRI', 'auto_increment', 'select,insert,update,references', ''),
('def', 'BINFG16', 'Bestelling', 'datum', 2, NULL, 'YES', 'date', NULL, NULL, NULL, NULL, NULL, NULL, 'date', '', '', 'select,insert,update,references', ''),
('def', 'BINFG16', 'Bestelling', 'totaalbedrag', 3, NULL, 'YES', 'decimal', NULL, NULL, 6, 2, NULL, NULL, 'decimal(6,2)', '', '', 'select,insert,update,references', ''),
('def', 'BINFG16', 'Bestelling', 'leveringsStraat', 4, NULL, 'YES', 'varchar', 30, 30, NULL, NULL, 'latin1', 'latin1_swedish_ci', 'varchar(30)', '', '', 'select,insert,update,references', ''),
('def', 'BINFG16', 'Bestelling', 'leveringsHuisnummer', 5, NULL, 'YES', 'int', NULL, NULL, 10, 0, NULL, NULL, 'int(11)', '', '', 'select,insert,update,references', ''),
('def', 'BINFG16', 'Bestelling', 'postcode', 6, NULL, 'NO', 'int', NULL, NULL, 10, 0, NULL, NULL, 'int(11)', 'MUL', '', 'select,insert,update,references', ''),
('def', 'BINFG16', 'Bestelling', 'gemeente', 7, NULL, 'NO', 'varchar', 30, 30, NULL, NULL, 'latin1', 'latin1_swedish_ci', 'varchar(30)', '', '', 'select,insert,update,references', ''),
('def', 'BINFG16', 'Bestelling', 'klantLogin', 8, '-', 'NO', 'varchar', 20, 20, NULL, NULL, 'latin1', 'latin1_swedish_ci', 'varchar(20)', 'MUL', '', 'select,insert,update,references', ''),
('def', 'BINFG16', 'Bestelling', 'status', 9, 'pending', 'NO', 'varchar', 20, 20, NULL, NULL, 'latin1', 'latin1_swedish_ci', 'varchar(20)', '', '', 'select,insert,update,references', ''),
('def', 'BINFG16', 'Bijgerechten', 'naamBijgerecht', 1, NULL, 'NO', 'varchar', 40, 40, NULL, NULL, 'latin1', 'latin1_swedish_ci', 'varchar(40)', 'PRI', '', 'select,insert,update,references', ''),
('def', 'BINFG16', 'Bijgerechten', 'prijs', 2, NULL, 'YES', 'decimal', NULL, NULL, 6, 2, NULL, NULL, 'decimal(6,2)', '', '', 'select,insert,update,references', ''),
('def', 'BINFG16', 'Bijgerechten', 'aantalBesteld', 3, NULL, 'YES', 'int', NULL, NULL, 10, 0, NULL, NULL, 'int(11)', '', '', 'select,insert,update,references', ''),
('def', 'BINFG16', 'Bijgerechten', 'menuID', 4, NULL, 'NO', 'int', NULL, NULL, 10, 0, NULL, NULL, 'int(11)', 'PRI', '', 'select,insert,update,references', ''),
('def', 'BINFG16', 'BijgerechtenBehoortTot', 'naamBijgerecht', 1, NULL, 'NO', 'varchar', 40, 40, NULL, NULL, 'latin1', 'latin1_swedish_ci', 'varchar(40)', 'PRI', '', 'select,insert,update,references', ''),
('def', 'BINFG16', 'BijgerechtenBehoortTot', 'menuID', 2, NULL, 'NO', 'int', NULL, NULL, 10, 0, NULL, NULL, 'int(11)', 'PRI', '', 'select,insert,update,references', ''),
('def', 'BINFG16', 'BijgerechtenBehoortTot', 'bestellingsID', 3, NULL, 'NO', 'int', NULL, NULL, 10, 0, NULL, NULL, 'int(11)', 'PRI', '', 'select,insert,update,references', ''),
('def', 'BINFG16', 'BijgerechtenBehoortTot', 'aantalBijgerechten', 4, NULL, 'YES', 'int', NULL, NULL, 10, 0, NULL, NULL, 'int(11)', '', '', 'select,insert,update,references', ''),
('def', 'BINFG16', 'Dranken', 'naamDrank', 1, NULL, 'NO', 'varchar', 40, 40, NULL, NULL, 'latin1', 'latin1_swedish_ci', 'varchar(40)', 'PRI', '', 'select,insert,update,references', ''),
('def', 'BINFG16', 'Dranken', 'prijs', 2, NULL, 'YES', 'decimal', NULL, NULL, 6, 2, NULL, NULL, 'decimal(6,2)', '', '', 'select,insert,update,references', ''),
('def', 'BINFG16', 'Dranken', 'aantalBesteld', 3, NULL, 'YES', 'int', NULL, NULL, 10, 0, NULL, NULL, 'int(11)', '', '', 'select,insert,update,references', ''),
('def', 'BINFG16', 'Dranken', 'menuID', 4, NULL, 'NO', 'int', NULL, NULL, 10, 0, NULL, NULL, 'int(11)', 'PRI', '', 'select,insert,update,references', ''),
('def', 'BINFG16', 'DrankenBehoortTot', 'naamDrank', 1, NULL, 'NO', 'varchar', 40, 40, NULL, NULL, 'latin1', 'latin1_swedish_ci', 'varchar(40)', 'PRI', '', 'select,insert,update,references', ''),
('def', 'BINFG16', 'DrankenBehoortTot', 'menuID', 2, NULL, 'NO', 'int', NULL, NULL, 10, 0, NULL, NULL, 'int(11)', 'PRI', '', 'select,insert,update,references', ''),
('def', 'BINFG16', 'DrankenBehoortTot', 'bestellingsID', 3, NULL, 'NO', 'int', NULL, NULL, 10, 0, NULL, NULL, 'int(11)', 'PRI', '', 'select,insert,update,references', ''),
('def', 'BINFG16', 'DrankenBehoortTot', 'aantalDranken', 4, NULL, 'YES', 'int', NULL, NULL, 10, 0, NULL, NULL, 'int(11)', '', '', 'select,insert,update,references', ''),
('def', 'BINFG16', 'Gemeenten', 'postcode', 1, NULL, 'NO', 'int', NULL, NULL, 10, 0, NULL, NULL, 'int(11)', 'PRI', '', 'select,insert,update,references', ''),
('def', 'BINFG16', 'Gemeenten', 'gemeente', 2, NULL, 'NO', 'varchar', 30, 30, NULL, NULL, 'latin1', 'latin1_swedish_ci', 'varchar(30)', 'PRI', '', 'select,insert,update,references', ''),
('def', 'BINFG16', 'GeplaatstBij', 'vestigingsID', 1, NULL, 'NO', 'int', NULL, NULL, 10, 0, NULL, NULL, 'int(11)', 'PRI', '', 'select,insert,update,references', ''),
('def', 'BINFG16', 'GeplaatstBij', 'bestellingsID', 2, NULL, 'NO', 'int', NULL, NULL, 10, 0, NULL, NULL, 'int(11)', 'PRI', '', 'select,insert,update,references', ''),
('def', 'BINFG16', 'Gerechten', 'naamGerecht', 1, NULL, 'NO', 'varchar', 40, 40, NULL, NULL, 'latin1', 'latin1_swedish_ci', 'varchar(40)', 'PRI', '', 'select,insert,update,references', ''),
('def', 'BINFG16', 'Gerechten', 'prijs', 2, NULL, 'YES', 'decimal', NULL, NULL, 6, 2, NULL, NULL, 'decimal(6,2)', '', '', 'select,insert,update,references', ''),
('def', 'BINFG16', 'Gerechten', 'aantalBesteld', 3, NULL, 'YES', 'int', NULL, NULL, 10, 0, NULL, NULL, 'int(11)', '', '', 'select,insert,update,references', ''),
('def', 'BINFG16', 'Gerechten', 'menuID', 4, NULL, 'NO', 'int', NULL, NULL, 10, 0, NULL, NULL, 'int(11)', 'PRI', '', 'select,insert,update,references', ''),
('def', 'BINFG16', 'GerechtenBehoortTot', 'naamGerecht', 1, NULL, 'NO', 'varchar', 40, 40, NULL, NULL, 'latin1', 'latin1_swedish_ci', 'varchar(40)', 'PRI', '', 'select,insert,update,references', ''),
('def', 'BINFG16', 'GerechtenBehoortTot', 'menuID', 2, NULL, 'NO', 'int', NULL, NULL, 10, 0, NULL, NULL, 'int(11)', 'PRI', '', 'select,insert,update,references', ''),
('def', 'BINFG16', 'GerechtenBehoortTot', 'bestellingsID', 3, NULL, 'NO', 'int', NULL, NULL, 10, 0, NULL, NULL, 'int(11)', 'PRI', '', 'select,insert,update,references', ''),
('def', 'BINFG16', 'GerechtenBehoortTot', 'aantalGerechten', 4, NULL, 'YES', 'int', NULL, NULL, 10, 0, NULL, NULL, 'int(11)', '', '', 'select,insert,update,references', ''),
('def', 'BINFG16', 'Klant', 'klantLogin', 1, '-', 'NO', 'varchar', 20, 20, NULL, NULL, 'latin1', 'latin1_swedish_ci', 'varchar(20)', 'PRI', '', 'select,insert,update,references', ''),
('def', 'BINFG16', 'Klant', 'voornaam', 2, NULL, 'YES', 'varchar', 30, 30, NULL, NULL, 'latin1', 'latin1_swedish_ci', 'varchar(30)', '', '', 'select,insert,update,references', ''),
('def', 'BINFG16', 'Klant', 'achternaam', 3, NULL, 'YES', 'varchar', 30, 30, NULL, NULL, 'latin1', 'latin1_swedish_ci', 'varchar(30)', '', '', 'select,insert,update,references', ''),
('def', 'BINFG16', 'Klant', 'paswoord', 4, NULL, 'YES', 'varchar', 20, 20, NULL, NULL, 'latin1', 'latin1_swedish_ci', 'varchar(20)', '', '', 'select,insert,update,references', ''),
('def', 'BINFG16', 'Klant', 'email', 5, NULL, 'YES', 'varchar', 50, 50, NULL, NULL, 'latin1', 'latin1_swedish_ci', 'varchar(50)', '', '', 'select,insert,update,references', ''),
('def', 'BINFG16', 'Klant', 'straat', 6, NULL, 'YES', 'varchar', 30, 30, NULL, NULL, 'latin1', 'latin1_swedish_ci', 'varchar(30)', '', '', 'select,insert,update,references', ''),
('def', 'BINFG16', 'Klant', 'huisnummer', 7, NULL, 'YES', 'int', NULL, NULL, 10, 0, NULL, NULL, 'int(11)', '', '', 'select,insert,update,references', ''),
('def', 'BINFG16', 'Klant', 'postcode', 8, NULL, 'NO', 'int', NULL, NULL, 10, 0, NULL, NULL, 'int(11)', 'MUL', '', 'select,insert,update,references', ''),
('def', 'BINFG16', 'Klant', 'gemeente', 9, NULL, 'NO', 'varchar', 30, 30, NULL, NULL, 'latin1', 'latin1_swedish_ci', 'varchar(30)', '', '', 'select,insert,update,references', ''),
('def', 'BINFG16', 'Klant', 'telefoonnummer', 10, NULL, 'YES', 'varchar', 20, 20, NULL, NULL, 'latin1', 'latin1_swedish_ci', 'varchar(20)', '', '', 'select,insert,update,references', ''),
('def', 'BINFG16', 'KortingenBestelling', 'bestellingsID', 1, NULL, 'NO', 'int', NULL, NULL, 10, 0, NULL, NULL, 'int(11)', 'PRI', '', 'select,insert,update,references', ''),
('def', 'BINFG16', 'KortingenBestelling', 'codecombinatie', 2, NULL, 'NO', 'varchar', 10, 10, NULL, NULL, 'latin1', 'latin1_swedish_ci', 'varchar(10)', 'PRI', '', 'select,insert,update,references', ''),
('def', 'BINFG16', 'KortingenKlant', 'klantLogin', 1, NULL, 'NO', 'varchar', 20, 20, NULL, NULL, 'latin1', 'latin1_swedish_ci', 'varchar(20)', 'PRI', '', 'select,insert,update,references', ''),
('def', 'BINFG16', 'KortingenKlant', 'codecombinatie', 2, NULL, 'NO', 'varchar', 10, 10, NULL, NULL, 'latin1', 'latin1_swedish_ci', 'varchar(10)', 'PRI', '', 'select,insert,update,references', ''),
('def', 'BINFG16', 'Kortingscode', 'codecombinatie', 1, NULL, 'NO', 'varchar', 10, 10, NULL, NULL, 'latin1', 'latin1_swedish_ci', 'varchar(10)', 'PRI', '', 'select,insert,update,references', ''),
('def', 'BINFG16', 'Kortingscode', 'gegevenKorting', 2, NULL, 'YES', 'decimal', NULL, NULL, 6, 2, NULL, NULL, 'decimal(6,2)', '', '', 'select,insert,update,references', ''),
('def', 'BINFG16', 'Kortingscode', 'status', 3, NULL, 'YES', 'varchar', 20, 20, NULL, NULL, 'latin1', 'latin1_swedish_ci', 'varchar(20)', '', '', 'select,insert,update,references', ''),
('def', 'BINFG16', 'Kortingscode', 'geldigheidsduur', 4, NULL, 'YES', 'varchar', 20, 20, NULL, NULL, 'latin1', 'latin1_swedish_ci', 'varchar(20)', '', '', 'select,insert,update,references', ''),
('def', 'BINFG16', 'Kortingscode', 'gegevenDoorJustFeed', 5, NULL, 'YES', 'varchar', 3, 3, NULL, NULL, 'latin1', 'latin1_swedish_ci', 'varchar(3)', '', '', 'select,insert,update,references', ''),
('def', 'BINFG16', 'Kortingscode', 'beginDatum', 6, NULL, 'YES', 'date', NULL, NULL, NULL, NULL, NULL, NULL, 'date', '', '', 'select,insert,update,references', ''),
('def', 'BINFG16', 'Kortingscode', 'einddatum', 7, NULL, 'YES', 'date', NULL, NULL, NULL, NULL, NULL, NULL, 'date', '', '', 'select,insert,update,references', ''),
('def', 'BINFG16', 'Kortingscode', 'groep', 8, NULL, 'YES', 'varchar', 30, 30, NULL, NULL, 'latin1', 'latin1_swedish_ci', 'varchar(30)', '', '', 'select,insert,update,references', ''),
('def', 'BINFG16', 'Kortingscode', 'naamTakeAway', 9, NULL, 'YES', 'varchar', 40, 40, NULL, NULL, 'latin1', 'latin1_swedish_ci', 'varchar(40)', 'MUL', '', 'select,insert,update,references', ''),
('def', 'BINFG16', 'Kortingscode', 'vestigingsID', 10, NULL, 'YES', 'int', NULL, NULL, 10, 0, NULL, NULL, 'int(11)', 'MUL', '', 'select,insert,update,references', ''),
('def', 'BINFG16', 'Kortingscode', 'naamGerecht', 11, NULL, 'YES', 'varchar', 40, 40, NULL, NULL, 'latin1', 'latin1_swedish_ci', 'varchar(40)', 'MUL', '', 'select,insert,update,references', ''),
('def', 'BINFG16', 'Kortingscode', 'menuID', 12, NULL, 'YES', 'int', NULL, NULL, 10, 0, NULL, NULL, 'int(11)', '', '', 'select,insert,update,references', ''),
('def', 'BINFG16', 'Leveringsgebied', 'vestigingsID', 1, NULL, 'NO', 'int', NULL, NULL, 10, 0, NULL, NULL, 'int(11)', 'PRI', '', 'select,insert,update,references', ''),
('def', 'BINFG16', 'Leveringsgebied', 'postcode', 2, NULL, 'NO', 'int', NULL, NULL, 10, 0, NULL, NULL, 'int(11)', 'PRI', '', 'select,insert,update,references', ''),
('def', 'BINFG16', 'Leveringsgebied', 'gemeente', 3, NULL, 'NO', 'varchar', 30, 30, NULL, NULL, 'latin1', 'latin1_swedish_ci', 'varchar(30)', 'PRI', '', 'select,insert,update,references', ''),
('def', 'BINFG16', 'Menu', 'menuID', 1, NULL, 'NO', 'int', NULL, NULL, 10, 0, NULL, NULL, 'int(11)', 'PRI', 'auto_increment', 'select,insert,update,references', ''),
('def', 'BINFG16', 'Review', 'reviewID', 1, NULL, 'NO', 'int', NULL, NULL, 10, 0, NULL, NULL, 'int(11)', 'PRI', 'auto_increment', 'select,insert,update,references', ''),
('def', 'BINFG16', 'Review', 'score', 2, NULL, 'YES', 'decimal', NULL, NULL, 6, 1, NULL, NULL, 'decimal(6,1)', '', '', 'select,insert,update,references', ''),
('def', 'BINFG16', 'Review', 'tekst', 3, NULL, 'YES', 'text', 65535, 65535, NULL, NULL, 'latin1', 'latin1_swedish_ci', 'text', '', '', 'select,insert,update,references', ''),
('def', 'BINFG16', 'Review', 'likes', 4, NULL, 'YES', 'int', NULL, NULL, 10, 0, NULL, NULL, 'int(11)', '', '', 'select,insert,update,references', ''),
('def', 'BINFG16', 'Review', 'klantLogin', 5, NULL, 'NO', 'varchar', 20, 20, NULL, NULL, 'latin1', 'latin1_swedish_ci', 'varchar(20)', 'MUL', '', 'select,insert,update,references', ''),
('def', 'BINFG16', 'Review', 'menuID', 6, NULL, 'NO', 'int', NULL, NULL, 10, 0, NULL, NULL, 'int(11)', '', '', 'select,insert,update,references', ''),
('def', 'BINFG16', 'Review', 'naamGerecht', 7, NULL, 'NO', 'varchar', 20, 20, NULL, NULL, 'latin1', 'latin1_swedish_ci', 'varchar(20)', 'MUL', '', 'select,insert,update,references', ''),
('def', 'BINFG16', 'Snacks', 'naamSnack', 1, NULL, 'NO', 'varchar', 40, 40, NULL, NULL, 'latin1', 'latin1_swedish_ci', 'varchar(40)', 'PRI', '', 'select,insert,update,references', ''),
('def', 'BINFG16', 'Snacks', 'prijs', 2, NULL, 'YES', 'decimal', NULL, NULL, 6, 2, NULL, NULL, 'decimal(6,2)', '', '', 'select,insert,update,references', ''),
('def', 'BINFG16', 'Snacks', 'aantalBesteld', 3, NULL, 'YES', 'int', NULL, NULL, 10, 0, NULL, NULL, 'int(11)', '', '', 'select,insert,update,references', ''),
('def', 'BINFG16', 'Snacks', 'menuID', 4, NULL, 'NO', 'int', NULL, NULL, 10, 0, NULL, NULL, 'int(11)', 'PRI', '', 'select,insert,update,references', ''),
('def', 'BINFG16', 'SnacksBehoortTot', 'naamSnack', 1, NULL, 'NO', 'varchar', 40, 40, NULL, NULL, 'latin1', 'latin1_swedish_ci', 'varchar(40)', 'PRI', '', 'select,insert,update,references', ''),
('def', 'BINFG16', 'SnacksBehoortTot', 'menuID', 2, NULL, 'NO', 'int', NULL, NULL, 10, 0, NULL, NULL, 'int(11)', 'PRI', '', 'select,insert,update,references', ''),
('def', 'BINFG16', 'SnacksBehoortTot', 'bestellingsID', 3, NULL, 'NO', 'int', NULL, NULL, 10, 0, NULL, NULL, 'int(11)', 'PRI', '', 'select,insert,update,references', ''),
('def', 'BINFG16', 'SnacksBehoortTot', 'aantalSnacks', 4, NULL, 'YES', 'int', NULL, NULL, 10, 0, NULL, NULL, 'int(11)', '', '', 'select,insert,update,references', ''),
('def', 'BINFG16', 'Soort', 'naamTakeAway', 1, NULL, 'NO', 'varchar', 20, 20, NULL, NULL, 'latin1', 'latin1_swedish_ci', 'varchar(20)', 'PRI', '', 'select,insert,update,references', ''),
('def', 'BINFG16', 'Soort', 'categorie', 2, NULL, 'NO', 'varchar', 20, 20, NULL, NULL, 'latin1', 'latin1_swedish_ci', 'varchar(20)', 'PRI', '', 'select,insert,update,references', ''),
('def', 'BINFG16', 'TakeAway', 'naamTakeAway', 1, NULL, 'NO', 'varchar', 40, 40, NULL, NULL, 'latin1', 'latin1_swedish_ci', 'varchar(40)', 'PRI', '', 'select,insert,update,references', ''),
('def', 'BINFG16', 'TakeAway', 'vanafBepaaldBedragkorting', 2, NULL, 'YES', 'int', NULL, NULL, 10, 0, NULL, NULL, 'int(11)', '', '', 'select,insert,update,references', ''),
('def', 'BINFG16', 'TakeAway', 'gegevenKorting', 3, NULL, 'YES', 'decimal', NULL, NULL, 6, 2, NULL, NULL, 'decimal(6,2)', '', '', 'select,insert,update,references', ''),
('def', 'BINFG16', 'TakeAway', 'paswoord', 4, NULL, 'YES', 'varchar', 20, 20, NULL, NULL, 'latin1', 'latin1_swedish_ci', 'varchar(20)', '', '', 'select,insert,update,references', ''),
('def', 'BINFG16', 'TakeAway', 'aantalBestellingenTA', 5, NULL, 'YES', 'int', NULL, NULL, 10, 0, NULL, NULL, 'int(11)', '', '', 'select,insert,update,references', ''),
('def', 'BINFG16', 'TakeAway', 'menuID', 6, NULL, 'NO', 'int', NULL, NULL, 10, 0, NULL, NULL, 'int(11)', 'MUL', '', 'select,insert,update,references', ''),
('def', 'BINFG16', 'TakeAway', 'emailTakeAway', 7, NULL, 'YES', 'varchar', 50, 50, NULL, NULL, 'latin1', 'latin1_swedish_ci', 'varchar(50)', '', '', 'select,insert,update,references', ''),
('def', 'BINFG16', 'TakeAway', 'status', 8, 'pending', 'NO', 'varchar', 20, 20, NULL, NULL, 'latin1', 'latin1_swedish_ci', 'varchar(20)', '', '', 'select,insert,update,references', ''),
('def', 'BINFG16', 'Vestiging', 'vestigingsID', 1, NULL, 'NO', 'int', NULL, NULL, 10, 0, NULL, NULL, 'int(11)', 'PRI', 'auto_increment', 'select,insert,update,references', ''),
('def', 'BINFG16', 'Vestiging', 'leveringskosten', 2, NULL, 'YES', 'decimal', NULL, NULL, 6, 2, NULL, NULL, 'decimal(6,2)', '', '', 'select,insert,update,references', ''),
('def', 'BINFG16', 'Vestiging', 'aantalBestellingenV', 3, NULL, 'YES', 'int', NULL, NULL, 10, 0, NULL, NULL, 'int(11)', '', '', 'select,insert,update,references', ''),
('def', 'BINFG16', 'Vestiging', 'naamTakeAway', 4, NULL, 'NO', 'varchar', 40, 40, NULL, NULL, 'latin1', 'latin1_swedish_ci', 'varchar(40)', 'MUL', '', 'select,insert,update,references', ''),
('def', 'BINFG16', 'Vestiging', 'straat', 5, NULL, 'YES', 'varchar', 50, 50, NULL, NULL, 'latin1', 'latin1_swedish_ci', 'varchar(50)', '', '', 'select,insert,update,references', ''),
('def', 'BINFG16', 'Vestiging', 'huisnummer', 6, NULL, 'YES', 'int', NULL, NULL, 10, 0, NULL, NULL, 'int(11)', '', '', 'select,insert,update,references', ''),
('def', 'BINFG16', 'Vestiging', 'postcode', 7, NULL, 'NO', 'int', NULL, NULL, 10, 0, NULL, NULL, 'int(11)', 'MUL', '', 'select,insert,update,references', ''),
('def', 'BINFG16', 'Vestiging', 'gemeente', 8, NULL, 'NO', 'varchar', 30, 30, NULL, NULL, 'latin1', 'latin1_swedish_ci', 'varchar(30)', '', '', 'select,insert,update,references', '');

-- --------------------------------------------------------

--
-- Table structure for table `COLUMN_PRIVILEGES`
--

CREATE TEMPORARY TABLE `COLUMN_PRIVILEGES` (
  `GRANTEE` varchar(81) NOT NULL DEFAULT '',
  `TABLE_CATALOG` varchar(512) NOT NULL DEFAULT '',
  `TABLE_SCHEMA` varchar(64) NOT NULL DEFAULT '',
  `TABLE_NAME` varchar(64) NOT NULL DEFAULT '',
  `COLUMN_NAME` varchar(64) NOT NULL DEFAULT '',
  `PRIVILEGE_TYPE` varchar(64) NOT NULL DEFAULT '',
  `IS_GRANTABLE` varchar(3) NOT NULL DEFAULT ''
) ENGINE=MEMORY DEFAULT CHARSET=utf8;

--
-- Dumping data for table `COLUMN_PRIVILEGES`
--


-- --------------------------------------------------------

--
-- Table structure for table `INDEX_STATISTICS`
--

CREATE TEMPORARY TABLE `INDEX_STATISTICS` (
  `TABLE_SCHEMA` varchar(192) NOT NULL DEFAULT '',
  `TABLE_NAME` varchar(192) NOT NULL DEFAULT '',
  `INDEX_NAME` varchar(192) NOT NULL DEFAULT '',
  `ROWS_READ` int(21) NOT NULL DEFAULT '0'
) ENGINE=MEMORY DEFAULT CHARSET=utf8;

--
-- Dumping data for table `INDEX_STATISTICS`
--


-- --------------------------------------------------------

--
-- Table structure for table `ENGINES`
--

CREATE TEMPORARY TABLE `ENGINES` (
  `ENGINE` varchar(64) NOT NULL DEFAULT '',
  `SUPPORT` varchar(8) NOT NULL DEFAULT '',
  `COMMENT` varchar(80) NOT NULL DEFAULT '',
  `TRANSACTIONS` varchar(3) DEFAULT NULL,
  `XA` varchar(3) DEFAULT NULL,
  `SAVEPOINTS` varchar(3) DEFAULT NULL
) ENGINE=MEMORY DEFAULT CHARSET=utf8;

--
-- Dumping data for table `ENGINES`
--

INSERT INTO `ENGINES` (`ENGINE`, `SUPPORT`, `COMMENT`, `TRANSACTIONS`, `XA`, `SAVEPOINTS`) VALUES
('FEDERATED', 'NO', 'Federated MySQL storage engine', NULL, NULL, NULL),
('CSV', 'YES', 'CSV storage engine', 'NO', 'NO', 'NO'),
('MyISAM', 'YES', 'MyISAM storage engine', 'NO', 'NO', 'NO'),
('BLACKHOLE', 'YES', '/dev/null storage engine (anything you write to it disappears)', 'NO', 'NO', 'NO'),
('MRG_MYISAM', 'YES', 'Collection of identical MyISAM tables', 'NO', 'NO', 'NO'),
('MEMORY', 'YES', 'Hash based, stored in memory, useful for temporary tables', 'NO', 'NO', 'NO'),
('ARCHIVE', 'YES', 'Archive storage engine', 'NO', 'NO', 'NO'),
('PERFORMANCE_SCHEMA', 'YES', 'Performance Schema', 'NO', 'NO', 'NO'),
('InnoDB', 'DEFAULT', 'Percona-XtraDB, Supports transactions, row-level locking, and foreign keys', 'YES', 'YES', 'YES');

-- --------------------------------------------------------

--
-- Table structure for table `EVENTS`
--

CREATE TEMPORARY TABLE `EVENTS` (
  `EVENT_CATALOG` varchar(64) NOT NULL DEFAULT '',
  `EVENT_SCHEMA` varchar(64) NOT NULL DEFAULT '',
  `EVENT_NAME` varchar(64) NOT NULL DEFAULT '',
  `DEFINER` varchar(77) NOT NULL DEFAULT '',
  `TIME_ZONE` varchar(64) NOT NULL DEFAULT '',
  `EVENT_BODY` varchar(8) NOT NULL DEFAULT '',
  `EVENT_DEFINITION` longtext NOT NULL,
  `EVENT_TYPE` varchar(9) NOT NULL DEFAULT '',
  `EXECUTE_AT` datetime DEFAULT NULL,
  `INTERVAL_VALUE` varchar(256) DEFAULT NULL,
  `INTERVAL_FIELD` varchar(18) DEFAULT NULL,
  `SQL_MODE` varchar(8192) NOT NULL DEFAULT '',
  `STARTS` datetime DEFAULT NULL,
  `ENDS` datetime DEFAULT NULL,
  `STATUS` varchar(18) NOT NULL DEFAULT '',
  `ON_COMPLETION` varchar(12) NOT NULL DEFAULT '',
  `CREATED` datetime NOT NULL DEFAULT '0000-00-00 00:00:00',
  `LAST_ALTERED` datetime NOT NULL DEFAULT '0000-00-00 00:00:00',
  `LAST_EXECUTED` datetime DEFAULT NULL,
  `EVENT_COMMENT` varchar(64) NOT NULL DEFAULT '',
  `ORIGINATOR` bigint(10) NOT NULL DEFAULT '0',
  `CHARACTER_SET_CLIENT` varchar(32) NOT NULL DEFAULT '',
  `COLLATION_CONNECTION` varchar(32) NOT NULL DEFAULT '',
  `DATABASE_COLLATION` varchar(32) NOT NULL DEFAULT ''
) ENGINE=MyISAM DEFAULT CHARSET=utf8;

--
-- Dumping data for table `EVENTS`
--


-- --------------------------------------------------------

--
-- Table structure for table `FILES`
--

CREATE TEMPORARY TABLE `FILES` (
  `FILE_ID` bigint(4) NOT NULL DEFAULT '0',
  `FILE_NAME` varchar(64) DEFAULT NULL,
  `FILE_TYPE` varchar(20) NOT NULL DEFAULT '',
  `TABLESPACE_NAME` varchar(64) DEFAULT NULL,
  `TABLE_CATALOG` varchar(64) NOT NULL DEFAULT '',
  `TABLE_SCHEMA` varchar(64) DEFAULT NULL,
  `TABLE_NAME` varchar(64) DEFAULT NULL,
  `LOGFILE_GROUP_NAME` varchar(64) DEFAULT NULL,
  `LOGFILE_GROUP_NUMBER` bigint(4) DEFAULT NULL,
  `ENGINE` varchar(64) NOT NULL DEFAULT '',
  `FULLTEXT_KEYS` varchar(64) DEFAULT NULL,
  `DELETED_ROWS` bigint(4) DEFAULT NULL,
  `UPDATE_COUNT` bigint(4) DEFAULT NULL,
  `FREE_EXTENTS` bigint(4) DEFAULT NULL,
  `TOTAL_EXTENTS` bigint(4) DEFAULT NULL,
  `EXTENT_SIZE` bigint(4) NOT NULL DEFAULT '0',
  `INITIAL_SIZE` bigint(21) unsigned DEFAULT NULL,
  `MAXIMUM_SIZE` bigint(21) unsigned DEFAULT NULL,
  `AUTOEXTEND_SIZE` bigint(21) unsigned DEFAULT NULL,
  `CREATION_TIME` datetime DEFAULT NULL,
  `LAST_UPDATE_TIME` datetime DEFAULT NULL,
  `LAST_ACCESS_TIME` datetime DEFAULT NULL,
  `RECOVER_TIME` bigint(4) DEFAULT NULL,
  `TRANSACTION_COUNTER` bigint(4) DEFAULT NULL,
  `VERSION` bigint(21) unsigned DEFAULT NULL,
  `ROW_FORMAT` varchar(10) DEFAULT NULL,
  `TABLE_ROWS` bigint(21) unsigned DEFAULT NULL,
  `AVG_ROW_LENGTH` bigint(21) unsigned DEFAULT NULL,
  `DATA_LENGTH` bigint(21) unsigned DEFAULT NULL,
  `MAX_DATA_LENGTH` bigint(21) unsigned DEFAULT NULL,
  `INDEX_LENGTH` bigint(21) unsigned DEFAULT NULL,
  `DATA_FREE` bigint(21) unsigned DEFAULT NULL,
  `CREATE_TIME` datetime DEFAULT NULL,
  `UPDATE_TIME` datetime DEFAULT NULL,
  `CHECK_TIME` datetime DEFAULT NULL,
  `CHECKSUM` bigint(21) unsigned DEFAULT NULL,
  `STATUS` varchar(20) NOT NULL DEFAULT '',
  `EXTRA` varchar(255) DEFAULT NULL
) ENGINE=MEMORY DEFAULT CHARSET=utf8;

--
-- Dumping data for table `FILES`
--


-- --------------------------------------------------------

--
-- Table structure for table `GLOBAL_STATUS`
--

CREATE TEMPORARY TABLE `GLOBAL_STATUS` (
  `VARIABLE_NAME` varchar(64) NOT NULL DEFAULT '',
  `VARIABLE_VALUE` varchar(1024) DEFAULT NULL
) ENGINE=MEMORY DEFAULT CHARSET=utf8;

--
-- Dumping data for table `GLOBAL_STATUS`
--

INSERT INTO `GLOBAL_STATUS` (`VARIABLE_NAME`, `VARIABLE_VALUE`) VALUES
('ABORTED_CLIENTS', '166524'),
('ABORTED_CONNECTS', '2760762'),
('BINLOG_CACHE_DISK_USE', '379'),
('BINLOG_CACHE_USE', '272912'),
('BINLOG_STMT_CACHE_DISK_USE', '75'),
('BINLOG_STMT_CACHE_USE', '16115'),
('BYTES_RECEIVED', '3508801954'),
('BYTES_SENT', '28392221834'),
('COM_ADMIN_COMMANDS', '324612'),
('COM_ASSIGN_TO_KEYCACHE', '0'),
('COM_ALTER_DB', '0'),
('COM_ALTER_DB_UPGRADE', '0'),
('COM_ALTER_EVENT', '0'),
('COM_ALTER_FUNCTION', '0'),
('COM_ALTER_PROCEDURE', '0'),
('COM_ALTER_SERVER', '0'),
('COM_ALTER_TABLE', '530393'),
('COM_ALTER_TABLESPACE', '0'),
('COM_ANALYZE', '13'),
('COM_BEGIN', '0'),
('COM_BINLOG', '0'),
('COM_CALL_PROCEDURE', '0'),
('COM_CHANGE_DB', '513825'),
('COM_CHANGE_MASTER', '0'),
('COM_CHECK', '17'),
('COM_CHECKSUM', '0'),
('COM_COMMIT', '0'),
('COM_CREATE_DB', '466'),
('COM_CREATE_EVENT', '0'),
('COM_CREATE_FUNCTION', '0'),
('COM_CREATE_INDEX', '0'),
('COM_CREATE_PROCEDURE', '0'),
('COM_CREATE_SERVER', '0'),
('COM_CREATE_TABLE', '2161'),
('COM_CREATE_TRIGGER', '0'),
('COM_CREATE_UDF', '0'),
('COM_CREATE_USER', '1'),
('COM_CREATE_VIEW', '0'),
('COM_DEALLOC_SQL', '0'),
('COM_DELETE', '36443'),
('COM_DELETE_MULTI', '0'),
('COM_DO', '0'),
('COM_DROP_DB', '276'),
('COM_DROP_EVENT', '0'),
('COM_DROP_FUNCTION', '0'),
('COM_DROP_INDEX', '0'),
('COM_DROP_PROCEDURE', '0'),
('COM_DROP_SERVER', '0'),
('COM_DROP_TABLE', '943'),
('COM_DROP_TRIGGER', '0'),
('COM_DROP_USER', '0'),
('COM_DROP_VIEW', '0'),
('COM_EMPTY_QUERY', '5'),
('COM_EXECUTE_SQL', '0'),
('COM_FLUSH', '1423'),
('COM_GRANT', '191'),
('COM_HA_CLOSE', '0'),
('COM_HA_OPEN', '0'),
('COM_HA_READ', '0'),
('COM_HELP', '1'),
('COM_INSERT', '232081'),
('COM_INSERT_SELECT', '119'),
('COM_INSTALL_PLUGIN', '0'),
('COM_KILL', '1'),
('COM_LOAD', '16'),
('COM_LOCK_TABLES', '0'),
('COM_OPTIMIZE', '3'),
('COM_PRELOAD_KEYS', '0'),
('COM_PREPARE_SQL', '0'),
('COM_PURGE', '0'),
('COM_PURGE_BEFORE_DATE', '0'),
('COM_RELEASE_SAVEPOINT', '0'),
('COM_RENAME_TABLE', '213'),
('COM_RENAME_USER', '0'),
('COM_REPAIR', '25'),
('COM_REPLACE', '11145'),
('COM_REPLACE_SELECT', '0'),
('COM_RESET', '5'),
('COM_RESIGNAL', '0'),
('COM_REVOKE', '0'),
('COM_REVOKE_ALL', '0'),
('COM_ROLLBACK', '0'),
('COM_ROLLBACK_TO_SAVEPOINT', '0'),
('COM_SAVEPOINT', '0'),
('COM_SELECT', '2315213'),
('COM_SET_OPTION', '8104316'),
('COM_SIGNAL', '0'),
('COM_SHOW_AUTHORS', '0'),
('COM_SHOW_BINLOG_EVENTS', '0'),
('COM_SHOW_BINLOGS', '28780'),
('COM_SHOW_CHARSETS', '4664'),
('COM_SHOW_CLIENT_STATISTICS', '0'),
('COM_SHOW_COLLATIONS', '1604798'),
('COM_SHOW_CONTRIBUTORS', '0'),
('COM_SHOW_CREATE_DB', '8'),
('COM_SHOW_CREATE_EVENT', '0'),
('COM_SHOW_CREATE_FUNC', '3'),
('COM_SHOW_CREATE_PROC', '3'),
('COM_SHOW_CREATE_TABLE', '70520'),
('COM_SHOW_CREATE_TRIGGER', '0'),
('COM_SHOW_DATABASES', '27948'),
('COM_SHOW_ENGINE_LOGS', '0'),
('COM_SHOW_ENGINE_MUTEX', '0'),
('COM_SHOW_ENGINE_STATUS', '21191'),
('COM_SHOW_EVENTS', '0'),
('COM_SHOW_ERRORS', '0'),
('COM_SHOW_FIELDS', '211048'),
('COM_SHOW_FUNCTION_STATUS', '3'),
('COM_SHOW_GRANTS', '5702'),
('COM_SHOW_INDEX_STATISTICS', '0'),
('COM_SHOW_KEYS', '797904'),
('COM_SHOW_MASTER_STATUS', '338938'),
('COM_SHOW_OPEN_TABLES', '0'),
('COM_SHOW_PLUGINS', '4664'),
('COM_SHOW_PRIVILEGES', '0'),
('COM_SHOW_PROCEDURE_STATUS', '3'),
('COM_SHOW_PROCESSLIST', '21245'),
('COM_SHOW_PROFILE', '23'),
('COM_SHOW_PROFILES', '0'),
('COM_SHOW_RELAYLOG_EVENTS', '0'),
('COM_SHOW_SLAVE_HOSTS', '0'),
('COM_SHOW_SLAVE_STATUS', '381342'),
('COM_SHOW_SLAVE_STATUS_NOLOCK', '0'),
('COM_SHOW_STATUS', '345876'),
('COM_SHOW_STORAGE_ENGINES', '2739'),
('COM_SHOW_TABLE_STATISTICS', '0'),
('COM_SHOW_TABLE_STATUS', '239347'),
('COM_SHOW_TABLES', '118688'),
('COM_SHOW_TEMPORARY_TABLES', '0'),
('COM_SHOW_THREAD_STATISTICS', '0'),
('COM_SHOW_TRIGGERS', '40362'),
('COM_SHOW_USER_STATISTICS', '0'),
('COM_SHOW_VARIABLES', '2542618'),
('COM_SHOW_WARNINGS', '6092'),
('COM_SLAVE_START', '14'),
('COM_SLAVE_STOP', '14'),
('COM_STMT_CLOSE', '4270'),
('COM_STMT_EXECUTE', '147982'),
('COM_STMT_FETCH', '0'),
('COM_STMT_PREPARE', '5069'),
('COM_STMT_REPREPARE', '0'),
('COM_STMT_RESET', '0'),
('COM_STMT_SEND_LONG_DATA', '0'),
('COM_TRUNCATE', '356'),
('COM_UNINSTALL_PLUGIN', '0'),
('COM_UNLOCK_TABLES', '0'),
('COM_UPDATE', '23906'),
('COM_UPDATE_MULTI', '38'),
('COM_XA_COMMIT', '0'),
('COM_XA_END', '0'),
('COM_XA_PREPARE', '0'),
('COM_XA_RECOVER', '0'),
('COM_XA_ROLLBACK', '0'),
('COM_XA_START', '0'),
('COMPRESSION', 'OFF'),
('CONNECTIONS', '5830452'),
('CREATED_TMP_DISK_TABLES', '331745'),
('CREATED_TMP_FILES', '2948'),
('CREATED_TMP_TABLES', '6372831'),
('DELAYED_ERRORS', '0'),
('DELAYED_INSERT_THREADS', '0'),
('DELAYED_WRITES', '0'),
('FLASHCACHE_ENABLED', 'OFF'),
('FLUSH_COMMANDS', '1422'),
('HANDLER_COMMIT', '1005845'),
('HANDLER_DELETE', '44357'),
('HANDLER_DISCOVER', '0'),
('HANDLER_PREPARE', '533984'),
('HANDLER_READ_FIRST', '231689'),
('HANDLER_READ_KEY', '3081276'),
('HANDLER_READ_LAST', '1882'),
('HANDLER_READ_NEXT', '14455810'),
('HANDLER_READ_PREV', '1329855'),
('HANDLER_READ_RND', '162851'),
('HANDLER_READ_RND_NEXT', '572033624'),
('HANDLER_ROLLBACK', '535723'),
('HANDLER_SAVEPOINT', '0'),
('HANDLER_SAVEPOINT_ROLLBACK', '0'),
('HANDLER_UPDATE', '390781'),
('HANDLER_WRITE', '557849835'),
('INNODB_ADAPTIVE_HASH_CELLS', '276671'),
('INNODB_ADAPTIVE_HASH_HEAP_BUFFERS', '195'),
('INNODB_ADAPTIVE_HASH_HASH_SEARCHES', '7701465'),
('INNODB_ADAPTIVE_HASH_NON_HASH_SEARCHES', '13161419'),
('INNODB_BACKGROUND_LOG_SYNC', '939098'),
('INNODB_BUFFER_POOL_PAGES_DATA', '7991'),
('INNODB_BUFFER_POOL_PAGES_DIRTY', '0'),
('INNODB_BUFFER_POOL_PAGES_FLUSHED', '1227406'),
('INNODB_BUFFER_POOL_PAGES_LRU_FLUSHED', '0'),
('INNODB_BUFFER_POOL_PAGES_FREE', '4'),
('INNODB_BUFFER_POOL_PAGES_MADE_NOT_YOUNG', '0'),
('INNODB_BUFFER_POOL_PAGES_MADE_YOUNG', '161044'),
('INNODB_BUFFER_POOL_PAGES_MISC', '196'),
('INNODB_BUFFER_POOL_PAGES_OLD', '2929'),
('INNODB_BUFFER_POOL_PAGES_TOTAL', '8191'),
('INNODB_BUFFER_POOL_READ_AHEAD_RND', '0'),
('INNODB_BUFFER_POOL_READ_AHEAD', '18608'),
('INNODB_BUFFER_POOL_READ_AHEAD_EVICTED', '31315'),
('INNODB_BUFFER_POOL_READ_REQUESTS', '171049097'),
('INNODB_BUFFER_POOL_READS', '106406'),
('INNODB_BUFFER_POOL_WAIT_FREE', '0'),
('INNODB_BUFFER_POOL_WRITE_REQUESTS', '52448990'),
('INNODB_CHECKPOINT_AGE', '0'),
('INNODB_CHECKPOINT_MAX_AGE', '7782360'),
('INNODB_CHECKPOINT_TARGET_AGE', '7539162'),
('INNODB_DATA_FSYNCS', '1216646'),
('INNODB_DATA_PENDING_FSYNCS', '0'),
('INNODB_DATA_PENDING_READS', '0'),
('INNODB_DATA_PENDING_WRITES', '0'),
('INNODB_DATA_READ', '2052608000'),
('INNODB_DATA_READS', '126355'),
('INNODB_DATA_WRITES', '1798340'),
('INNODB_DATA_WRITTEN', '23032607744'),
('INNODB_DBLWR_PAGES_WRITTEN', '613703'),
('INNODB_DBLWR_WRITES', '34965'),
('INNODB_DEADLOCKS', '0'),
('INNODB_DICT_TABLES', '714'),
('INNODB_HAVE_ATOMIC_BUILTINS', 'ON'),
('INNODB_HISTORY_LIST_LENGTH', '2485'),
('INNODB_IBUF_DISCARDED_DELETE_MARKS', '0'),
('INNODB_IBUF_DISCARDED_DELETES', '0'),
('INNODB_IBUF_DISCARDED_INSERTS', '0'),
('INNODB_IBUF_FREE_LIST', '0'),
('INNODB_IBUF_MERGED_DELETE_MARKS', '0'),
('INNODB_IBUF_MERGED_DELETES', '0'),
('INNODB_IBUF_MERGED_INSERTS', '11'),
('INNODB_IBUF_MERGES', '6'),
('INNODB_IBUF_SEGMENT_SIZE', '2'),
('INNODB_IBUF_SIZE', '1'),
('INNODB_LOG_WAITS', '0'),
('INNODB_LOG_WRITE_REQUESTS', '5293059'),
('INNODB_LOG_WRITES', '1114699'),
('INNODB_LSN_CURRENT', '3395245430'),
('INNODB_LSN_FLUSHED', '3395245430'),
('INNODB_LSN_LAST_CHECKPOINT', '3395245430'),
('INNODB_MASTER_THREAD_1_SECOND_LOOPS', '532122'),
('INNODB_MASTER_THREAD_10_SECOND_LOOPS', '47720'),
('INNODB_MASTER_THREAD_BACKGROUND_LOOPS', '55760'),
('INNODB_MASTER_THREAD_MAIN_FLUSH_LOOPS', '55760'),
('INNODB_MASTER_THREAD_SLEEPS', '532113'),
('INNODB_MAX_TRX_ID', '5514387'),
('INNODB_MEM_ADAPTIVE_HASH', '5428848'),
('INNODB_MEM_DICTIONARY', '4894376'),
('INNODB_MEM_TOTAL', '137887744'),
('INNODB_MUTEX_OS_WAITS', '638'),
('INNODB_MUTEX_SPIN_ROUNDS', '57996'),
('INNODB_MUTEX_SPIN_WAITS', '26141'),
('INNODB_OLDEST_VIEW_LOW_LIMIT_TRX_ID', '5514360'),
('INNODB_OS_LOG_FSYNCS', '1147091'),
('INNODB_OS_LOG_PENDING_FSYNCS', '0'),
('INNODB_OS_LOG_PENDING_WRITES', '0'),
('INNODB_OS_LOG_WRITTEN', '2906167808'),
('INNODB_PAGE_SIZE', '16384'),
('INNODB_PAGES_CREATED', '10353'),
('INNODB_PAGES_READ', '125019'),
('INNODB_PAGES_WRITTEN', '613703'),
('INNODB_PURGE_TRX_ID', '5514349'),
('INNODB_PURGE_UNDO_NO', '0'),
('INNODB_ROW_LOCK_CURRENT_WAITS', '0'),
('INNODB_CURRENT_ROW_LOCKS', '0'),
('INNODB_ROW_LOCK_TIME', '7'),
('INNODB_ROW_LOCK_TIME_AVG', '0'),
('INNODB_ROW_LOCK_TIME_MAX', '1'),
('INNODB_ROW_LOCK_WAITS', '8'),
('INNODB_ROWS_DELETED', '52048'),
('INNODB_ROWS_INSERTED', '711737'),
('INNODB_ROWS_READ', '24830015'),
('INNODB_ROWS_UPDATED', '31670'),
('INNODB_S_LOCK_OS_WAITS', '39305'),
('INNODB_S_LOCK_SPIN_ROUNDS', '1196234'),
('INNODB_S_LOCK_SPIN_WAITS', '39873'),
('INNODB_TRUNCATED_STATUS_WRITES', '0'),
('INNODB_X_LOCK_OS_WAITS', '1741'),
('INNODB_X_LOCK_SPIN_ROUNDS', '66627'),
('INNODB_X_LOCK_SPIN_WAITS', '1589'),
('KEY_BLOCKS_NOT_FLUSHED', '0'),
('KEY_BLOCKS_UNUSED', '26792'),
('KEY_BLOCKS_USED', '240'),
('KEY_READ_REQUESTS', '1105099'),
('KEY_READS', '409'),
('KEY_WRITE_REQUESTS', '573741'),
('KEY_WRITES', '24928'),
('LAST_QUERY_COST', '0.000000'),
('MAX_USED_CONNECTIONS', '201'),
('NOT_FLUSHED_DELAYED_ROWS', '0'),
('OPEN_FILES', '11'),
('OPEN_STREAMS', '0'),
('OPEN_TABLE_DEFINITIONS', '399'),
('OPEN_TABLES', '64'),
('OPENED_FILES', '3676130'),
('OPENED_TABLE_DEFINITIONS', '562889'),
('OPENED_TABLES', '736168'),
('PERFORMANCE_SCHEMA_COND_CLASSES_LOST', '0'),
('PERFORMANCE_SCHEMA_COND_INSTANCES_LOST', '0'),
('PERFORMANCE_SCHEMA_FILE_CLASSES_LOST', '0'),
('PERFORMANCE_SCHEMA_FILE_HANDLES_LOST', '0'),
('PERFORMANCE_SCHEMA_FILE_INSTANCES_LOST', '0'),
('PERFORMANCE_SCHEMA_LOCKER_LOST', '0'),
('PERFORMANCE_SCHEMA_MUTEX_CLASSES_LOST', '0'),
('PERFORMANCE_SCHEMA_MUTEX_INSTANCES_LOST', '0'),
('PERFORMANCE_SCHEMA_RWLOCK_CLASSES_LOST', '0'),
('PERFORMANCE_SCHEMA_RWLOCK_INSTANCES_LOST', '0'),
('PERFORMANCE_SCHEMA_TABLE_HANDLES_LOST', '0'),
('PERFORMANCE_SCHEMA_TABLE_INSTANCES_LOST', '0'),
('PERFORMANCE_SCHEMA_THREAD_CLASSES_LOST', '0'),
('PERFORMANCE_SCHEMA_THREAD_INSTANCES_LOST', '0'),
('PREPARED_STMT_COUNT', '0'),
('QCACHE_FREE_BLOCKS', '2230'),
('QCACHE_FREE_MEMORY', '9356624'),
('QCACHE_HITS', '2923380'),
('QCACHE_INSERTS', '394409'),
('QCACHE_LOWMEM_PRUNES', '7857'),
('QCACHE_NOT_CACHED', '1914853'),
('QCACHE_QUERIES_IN_CACHE', '4971'),
('QCACHE_TOTAL_BLOCKS', '12568'),
('QUERIES', '24436153'),
('QUESTIONS', '24425528'),
('RPL_STATUS', 'AUTH_MASTER'),
('SELECT_FULL_JOIN', '7898'),
('SELECT_FULL_RANGE_JOIN', '18'),
('SELECT_RANGE', '4400'),
('SELECT_RANGE_CHECK', '12'),
('SELECT_SCAN', '6174883'),
('SLAVE_HEARTBEAT_PERIOD', '1800.000'),
('SLAVE_OPEN_TEMP_TABLES', '0'),
('SLAVE_RECEIVED_HEARTBEATS', '2728'),
('SLAVE_RETRIED_TRANSACTIONS', '0'),
('SLAVE_RUNNING', 'ON'),
('SLOW_LAUNCH_THREADS', '0'),
('SLOW_QUERIES', '6'),
('SORT_MERGE_PASSES', '41'),
('SORT_RANGE', '1824'),
('SORT_ROWS', '444815'),
('SORT_SCAN', '25791'),
('SSL_ACCEPT_RENEGOTIATES', '0'),
('SSL_ACCEPTS', '0'),
('SSL_CALLBACK_CACHE_HITS', '0'),
('SSL_CIPHER', ''),
('SSL_CIPHER_LIST', ''),
('SSL_CLIENT_CONNECTS', '0'),
('SSL_CONNECT_RENEGOTIATES', '0'),
('SSL_CTX_VERIFY_DEPTH', '0'),
('SSL_CTX_VERIFY_MODE', '0'),
('SSL_DEFAULT_TIMEOUT', '0'),
('SSL_FINISHED_ACCEPTS', '0'),
('SSL_FINISHED_CONNECTS', '0'),
('SSL_SESSION_CACHE_HITS', '0'),
('SSL_SESSION_CACHE_MISSES', '0'),
('SSL_SESSION_CACHE_MODE', 'NONE'),
('SSL_SESSION_CACHE_OVERFLOWS', '0'),
('SSL_SESSION_CACHE_SIZE', '0'),
('SSL_SESSION_CACHE_TIMEOUTS', '0'),
('SSL_SESSIONS_REUSED', '0'),
('SSL_USED_SESSION_CACHE_ENTRIES', '0'),
('SSL_VERIFY_DEPTH', '0'),
('SSL_VERIFY_MODE', '0'),
('SSL_VERSION', ''),
('TABLE_LOCKS_IMMEDIATE', '1403094'),
('TABLE_LOCKS_WAITED', '0'),
('TC_LOG_MAX_PAGES_USED', '0'),
('TC_LOG_PAGE_SIZE', '0'),
('TC_LOG_PAGE_WAITS', '0'),
('THREADS_CACHED', '7'),
('THREADS_CONNECTED', '3'),
('THREADS_CREATED', '102367'),
('THREADS_RUNNING', '2'),
('UPTIME', '6355897'),
('UPTIME_SINCE_FLUSH_STATUS', '6355897'),
('BINLOG_COMMITS', '289027'),
('BINLOG_GROUP_COMMITS', '289027');

-- --------------------------------------------------------

--
-- Table structure for table `GLOBAL_TEMPORARY_TABLES`
--

CREATE TEMPORARY TABLE `GLOBAL_TEMPORARY_TABLES` (
  `SESSION_ID` bigint(4) NOT NULL DEFAULT '0',
  `TABLE_SCHEMA` varchar(64) NOT NULL DEFAULT '',
  `TABLE_NAME` varchar(64) NOT NULL DEFAULT '',
  `ENGINE` varchar(64) NOT NULL DEFAULT '',
  `NAME` varchar(512) NOT NULL DEFAULT '',
  `TABLE_ROWS` bigint(21) unsigned NOT NULL DEFAULT '0',
  `AVG_ROW_LENGTH` bigint(21) unsigned NOT NULL DEFAULT '0',
  `DATA_LENGTH` bigint(21) unsigned NOT NULL DEFAULT '0',
  `INDEX_LENGTH` bigint(21) unsigned NOT NULL DEFAULT '0',
  `CREATE_TIME` datetime DEFAULT NULL,
  `UPDATE_TIME` datetime DEFAULT NULL
) ENGINE=MEMORY DEFAULT CHARSET=utf8;

--
-- Dumping data for table `GLOBAL_TEMPORARY_TABLES`
--


-- --------------------------------------------------------

--
-- Table structure for table `GLOBAL_VARIABLES`
--

CREATE TEMPORARY TABLE `GLOBAL_VARIABLES` (
  `VARIABLE_NAME` varchar(64) NOT NULL DEFAULT '',
  `VARIABLE_VALUE` varchar(1024) DEFAULT NULL
) ENGINE=MEMORY DEFAULT CHARSET=utf8;

--
-- Dumping data for table `GLOBAL_VARIABLES`
--

INSERT INTO `GLOBAL_VARIABLES` (`VARIABLE_NAME`, `VARIABLE_VALUE`) VALUES
('MAX_PREPARED_STMT_COUNT', '16382'),
('INIT_FILE', ''),
('HAVE_CRYPT', 'YES'),
('PERFORMANCE_SCHEMA_EVENTS_WAITS_HISTORY_LONG_SIZE', '10000'),
('INNODB_VERSION', '1.1.8-rel25.2'),
('OLD_PASSWORDS', 'OFF'),
('BINLOG_DIRECT_NON_TRANSACTIONAL_UPDATES', 'OFF'),
('PERFORMANCE_SCHEMA_MAX_COND_INSTANCES', '1000'),
('FT_MAX_WORD_LEN', '84'),
('AUTO_INCREMENT_OFFSET', '1'),
('FT_BOOLEAN_SYNTAX', '+ -><()~*:""&|'),
('DELAYED_INSERT_TIMEOUT', '300'),
('PERFORMANCE_SCHEMA_MAX_MUTEX_INSTANCES', '1000000'),
('SLOW_QUERY_LOG', 'OFF'),
('PERFORMANCE_SCHEMA_MAX_RWLOCK_INSTANCES', '1000000'),
('SKIP_NETWORKING', 'OFF'),
('PERFORMANCE_SCHEMA_MAX_RWLOCK_CLASSES', '30'),
('BASEDIR', '/usr'),
('PERFORMANCE_SCHEMA_MAX_MUTEX_CLASSES', '200'),
('UPDATABLE_VIEWS_WITH_LIMIT', 'YES'),
('BACK_LOG', '50'),
('SLOW_LAUNCH_TIME', '2'),
('PERFORMANCE_SCHEMA_MAX_FILE_HANDLES', '32768'),
('QUERY_PREALLOC_SIZE', '8192'),
('PERFORMANCE_SCHEMA_MAX_THREAD_CLASSES', '50'),
('RELAY_LOG_INDEX', 'db1s10-relay-bin.index'),
('FT_STOPWORD_FILE', '(built-in)'),
('SQL_QUOTE_SHOW_CREATE', 'ON'),
('PERFORMANCE_SCHEMA', 'OFF'),
('QUERY_RESPONSE_TIME_STATS', 'OFF'),
('HAVE_COMPRESS', 'YES'),
('WAIT_TIMEOUT', '30'),
('LONG_QUERY_TIME', '10.000000'),
('PERFORMANCE_SCHEMA_MAX_TABLE_HANDLES', '100000'),
('CHARACTER_SETS_DIR', '/usr/share/mysql/charsets/'),
('MAX_WRITE_LOCK_COUNT', '18446744073709551615'),
('DELAY_KEY_WRITE', 'ON'),
('LOG_SLOW_SP_STATEMENTS', 'ON'),
('CHARACTER_SET_RESULTS', 'latin1'),
('MYISAM_SORT_BUFFER_SIZE', '8388608'),
('CHARACTER_SET_CONNECTION', 'latin1'),
('INNODB_ROLLBACK_SEGMENTS', '128'),
('SECURE_FILE_PRIV', ''),
('LARGE_FILES_SUPPORT', 'ON'),
('REPORT_HOST', ''),
('SQL_LOG_OFF', 'OFF'),
('EVENT_SCHEDULER', 'OFF'),
('NET_BUFFER_LENGTH', '16384'),
('PERFORMANCE_SCHEMA_MAX_THREAD_INSTANCES', '1000'),
('SKIP_SHOW_DATABASE', 'OFF'),
('LC_TIME_NAMES', 'en_US'),
('GROUP_CONCAT_MAX_LEN', '1024'),
('PERFORMANCE_SCHEMA_EVENTS_WAITS_HISTORY_SIZE', '10'),
('RANGE_ALLOC_BLOCK_SIZE', '4096'),
('MYISAM_STATS_METHOD', 'nulls_unequal'),
('INNODB_FLUSH_METHOD', ''),
('COMPLETION_TYPE', 'NO_CHAIN'),
('INNODB_LOG_FILE_SIZE', '5242880'),
('HOSTNAME', 'mysql3'),
('TRANSACTION_PREALLOC_SIZE', '4096'),
('HAVE_GEOMETRY', 'YES'),
('MYISAM_RECOVER_OPTIONS', 'BACKUP'),
('FT_QUERY_EXPANSION_LIMIT', '20'),
('THREAD_STATISTICS', 'OFF'),
('CONCURRENT_INSERT', 'AUTO'),
('LOW_PRIORITY_UPDATES', 'OFF'),
('MAX_LONG_DATA_SIZE', '16777216'),
('REPORT_PASSWORD', ''),
('JOIN_BUFFER_SIZE', '131072'),
('MAX_INSERT_DELAYED_THREADS', '20'),
('DELAYED_QUEUE_SIZE', '1000'),
('SQL_BIG_SELECTS', 'ON'),
('QUERY_CACHE_WLOCK_INVALIDATE', 'OFF'),
('TRANSACTION_ALLOC_BLOCK_SIZE', '8192'),
('BINLOG_STMT_CACHE_SIZE', '32768'),
('SLOW_QUERY_LOG_TIMESTAMP_ALWAYS', 'OFF'),
('BINLOG_CACHE_SIZE', '32768'),
('INNODB_THREAD_CONCURRENCY_TIMER_BASED', 'OFF'),
('LC_MESSAGES_DIR', '/usr/share/mysql/english/'),
('SQL_LOW_PRIORITY_UPDATES', 'OFF'),
('FOREIGN_KEY_CHECKS', 'ON'),
('INNODB_FILE_PER_TABLE', 'OFF'),
('LARGE_PAGES', 'OFF'),
('INNODB_LOG_GROUP_HOME_DIR', './'),
('LARGE_PAGE_SIZE', '0'),
('INNODB_IO_CAPACITY', '200'),
('INIT_SLAVE', ''),
('PROTOCOL_VERSION', '10'),
('MAX_BINLOG_SIZE', '104857600'),
('HAVE_SYMLINK', 'YES'),
('INNODB_LARGE_PREFIX', 'OFF'),
('SYNC_FRM', 'ON'),
('MAX_CONNECTIONS', '200'),
('INNODB_TABLE_LOCKS', 'ON'),
('SKIP_NAME_RESOLVE', 'OFF'),
('INNODB_AUTOEXTEND_INCREMENT', '8'),
('PERFORMANCE_SCHEMA_MAX_FILE_CLASSES', '50'),
('MYISAM_DATA_POINTER_SIZE', '6'),
('INNODB_THREAD_SLEEP_DELAY', '10000'),
('LOG_QUERIES_NOT_USING_INDEXES', 'OFF'),
('INNODB_READ_AHEAD', 'linear'),
('LOWER_CASE_FILE_SYSTEM', 'OFF'),
('SLAVE_TRANSACTION_RETRIES', '10'),
('DATETIME_FORMAT', '%Y-%m-%d %H:%i:%s'),
('QUERY_RESPONSE_TIME_RANGE_BASE', '10'),
('MAX_HEAP_TABLE_SIZE', '16777216'),
('GENERAL_LOG', 'OFF'),
('LOCK_WAIT_TIMEOUT', '31536000'),
('INNODB_REPLICATION_DELAY', '0'),
('KEY_CACHE_AGE_THRESHOLD', '300'),
('QUERY_CACHE_MIN_RES_UNIT', '4096'),
('NET_RETRY_COUNT', '10'),
('SORT_BUFFER_SIZE', '2097152'),
('LOG_WARNINGS', '1'),
('INNODB_ROLLBACK_ON_TIMEOUT', 'OFF'),
('BULK_INSERT_BUFFER_SIZE', '8388608'),
('INNODB_USE_GLOBAL_FLUSH_LOG_AT_TRX_COMMIT', 'ON'),
('DELAYED_INSERT_LIMIT', '100'),
('INNODB_ADDITIONAL_MEM_POOL_SIZE', '8388608'),
('CHARACTER_SET_SERVER', 'latin1'),
('READ_RND_BUFFER_SIZE', '262144'),
('MAX_ALLOWED_PACKET', '16777216'),
('INNODB_FILE_FORMAT', 'Antelope'),
('TABLE_OPEN_CACHE', '64'),
('BIG_TABLES', 'OFF'),
('MAX_LENGTH_FOR_SORT_DATA', '1024'),
('SQL_SELECT_LIMIT', '18446744073709551615'),
('OPTIMIZER_SWITCH', 'index_merge=on,index_merge_union=on,index_merge_sort_union=on,index_merge_intersection=on,engine_condition_pushdown=on'),
('INNODB_CORRUPT_TABLE_ACTION', 'assert'),
('FLUSH', 'OFF'),
('INNODB_FLUSH_NEIGHBOR_PAGES', 'area'),
('METADATA_LOCKS_CACHE_SIZE', '1024'),
('AUTOCOMMIT', 'ON'),
('INNODB_DATA_FILE_PATH', 'ibdata1:10M:autoextend'),
('INNODB_LAZY_DROP_TABLE', '0'),
('OPTIMIZER_FIX', 'ON'),
('PROFILING', 'OFF'),
('READ_BUFFER_SIZE', '131072'),
('INNODB_STRICT_MODE', 'OFF'),
('MAX_BINLOG_CACHE_SIZE', '18446744073709547520'),
('INNODB_BUFFER_POOL_SHM_CHECKSUM', 'ON'),
('MAX_CONNECT_ERRORS', '999999999'),
('GENERAL_LOG_FILE', '/db1s10/data/mysql3.log'),
('COLLATION_SERVER', 'latin1_swedish_ci'),
('PERFORMANCE_SCHEMA_MAX_COND_CLASSES', '80'),
('FLUSH_TIME', '0'),
('LOG_SLOW_VERBOSITY', ''),
('NET_WRITE_TIMEOUT', '60'),
('TMPDIR', '/db1s10/tmp'),
('OPTIMIZER_SEARCH_DEPTH', '62'),
('EXPIRE_LOGS_DAYS', '10'),
('LOG_BIN', 'ON'),
('HAVE_PARTITIONING', 'YES'),
('THREAD_STACK', '196608'),
('LOG_SLOW_RATE_TYPE', 'session'),
('MAX_SEEKS_FOR_KEY', '18446744073709551615'),
('INNODB_KILL_IDLE_TRANSACTION', '0'),
('SSL_CA', ''),
('INNODB_AUTOINC_LOCK_MODE', '1'),
('READ_ONLY', 'OFF'),
('INNODB_COMMIT_CONCURRENCY', '0'),
('QUERY_CACHE_SIZE', '16777216'),
('INNODB_MIRRORED_LOG_GROUPS', '1'),
('HAVE_RESPONSE_TIME_DISTRIBUTION', 'YES'),
('INNODB_PURGE_BATCH_SIZE', '20'),
('SQL_MAX_JOIN_SIZE', '18446744073709551615'),
('VERSION', '5.5.22-55-log'),
('LOWER_CASE_TABLE_NAMES', '0'),
('INNODB_SUPPORT_XA', 'ON'),
('CHARACTER_SET_SYSTEM', 'utf8'),
('INNODB_SYNC_SPIN_LOOPS', '30'),
('QUERY_ALLOC_BLOCK_SIZE', '8192'),
('INNODB_BLOCKING_BUFFER_POOL_RESTORE', 'OFF'),
('MIN_EXAMINED_ROW_LIMIT', '0'),
('INNODB_SHOW_LOCKS_HELD', '10'),
('CHARACTER_SET_FILESYSTEM', 'binary'),
('INNODB_ADAPTIVE_HASH_INDEX', 'ON'),
('SSL_CAPATH', ''),
('INNODB_IBUF_ACCEL_RATE', '100'),
('VERSION_COMMENT', 'Percona Server (GPL), Release 25.2'),
('DIV_PRECISION_INCREMENT', '4'),
('SKIP_EXTERNAL_LOCKING', 'ON'),
('INNODB_IBUF_MAX_SIZE', '67092480'),
('SLAVE_COMPRESSED_PROTOCOL', 'OFF'),
('INNODB_DATA_HOME_DIR', ''),
('DATADIR', '/db1s10/data/'),
('INNODB_READ_IO_THREADS', '4'),
('SYSTEM_TIME_ZONE', 'CEST'),
('INNODB_CHECKPOINT_AGE_TARGET', '0'),
('OPTIMIZER_PRUNE_LEVEL', '1'),
('INNODB_BUFFER_POOL_INSTANCES', '1'),
('QUERY_CACHE_STRIP_COMMENTS', 'OFF'),
('INNODB_FORCE_RECOVERY', '0'),
('TIMED_MUTEXES', 'OFF'),
('INNODB_LOG_FILES_IN_GROUP', '2'),
('OLD', 'OFF'),
('HAVE_DYNAMIC_LOADING', 'YES'),
('CHARACTER_SET_DATABASE', 'latin1'),
('SYNC_BINLOG', '1'),
('HAVE_QUERY_CACHE', 'YES'),
('RELAY_LOG_SPACE_LIMIT', '0'),
('VERSION_COMPILE_MACHINE', 'x86_64'),
('INNODB_OPEN_FILES', '300'),
('TABLE_DEFINITION_CACHE', '400'),
('INNODB_IMPORT_TABLE_FROM_XTRABACKUP', '0'),
('ENGINE_CONDITION_PUSHDOWN', 'ON'),
('INNODB_READ_AHEAD_THRESHOLD', '56'),
('LOG', 'OFF'),
('INNODB_ADAPTIVE_FLUSHING_METHOD', 'estimate'),
('TMP_TABLE_SIZE', '16777216'),
('KEY_BUFFER_SIZE', '33554432'),
('THREAD_HANDLING', 'one-thread-per-connection'),
('HAVE_NDBCLUSTER', 'NO'),
('QUERY_CACHE_TYPE', 'ON'),
('SQL_BIG_TABLES', 'OFF'),
('INNODB_STATS_METHOD', 'nulls_equal'),
('INIT_CONNECT', ''),
('INNODB_FAST_SHUTDOWN', '1'),
('MAX_SP_RECURSION_DEPTH', '0'),
('INNODB_RECOVERY_UPDATE_RELAY_LOG', 'OFF'),
('REPORT_PORT', '3306'),
('INNODB_THREAD_CONCURRENCY', '0'),
('SSL_CIPHER', ''),
('SLAVE_NET_TIMEOUT', '3600'),
('SLAVE_EXEC_MODE', 'STRICT'),
('INNODB_STATS_SAMPLE_PAGES', '8'),
('NEW', 'OFF'),
('LOCAL_INFILE', 'ON'),
('SQL_MODE', ''),
('HAVE_RTREE_KEYS', 'YES'),
('LOG_SLOW_ADMIN_STATEMENTS', 'OFF'),
('INNODB_BUFFER_POOL_RESTORE_AT_STARTUP', '0'),
('BINLOG_FORMAT', 'STATEMENT'),
('OLD_ALTER_TABLE', 'OFF'),
('MAX_USER_CONNECTIONS', '0'),
('INNODB_PAGE_SIZE', '16384'),
('KEEP_FILES_ON_CREATE', 'OFF'),
('EXPAND_FAST_INDEX_CREATION', 'OFF'),
('PID_FILE', '/var/run/mysqld/db1s10.pid'),
('RELAY_LOG_RECOVERY', 'OFF'),
('CHARACTER_SET_CLIENT', 'latin1'),
('MAX_DELAYED_THREADS', '20'),
('AUTO_INCREMENT_INCREMENT', '10'),
('SLOW_QUERY_LOG_USE_GLOBAL_CONTROL', ''),
('NET_READ_TIMEOUT', '30'),
('INNODB_FLUSH_LOG_AT_TRX_COMMIT', '1'),
('MAX_JOIN_SIZE', '18446744073709551615'),
('MAX_RELAY_LOG_SIZE', '0'),
('SECURE_AUTH', 'OFF'),
('INNODB_RANDOM_READ_AHEAD', 'OFF'),
('KEY_CACHE_BLOCK_SIZE', '1024'),
('CONNECT_TIMEOUT', '10'),
('HAVE_CSV', 'YES'),
('PORT', '3306'),
('HAVE_INNODB', 'YES'),
('QUERY_CACHE_LIMIT', '1048576'),
('PRELOAD_BUFFER_SIZE', '32768'),
('LOG_BIN_TRUST_FUNCTION_CREATORS', 'OFF'),
('FAST_INDEX_CREATION', 'ON'),
('INNODB_FORCE_LOAD_CORRUPTED', 'OFF'),
('TX_ISOLATION', 'REPEATABLE-READ'),
('HAVE_OPENSSL', 'DISABLED'),
('LOG_ERROR', '/db1s10/data/mysql3.err'),
('MAX_BINLOG_STMT_CACHE_SIZE', '18446744073709547520'),
('LOG_SLOW_FILTER', ''),
('PERFORMANCE_SCHEMA_MAX_FILE_INSTANCES', '10000'),
('COLLATION_CONNECTION', 'latin1_swedish_ci'),
('INNODB_SPIN_WAIT_DELAY', '6'),
('IGNORE_BUILTIN_INNODB', 'OFF'),
('INNODB_ADAPTIVE_HASH_INDEX_PARTITIONS', '1'),
('LOG_WARNINGS_SUPPRESS', ''),
('DEFAULT_STORAGE_ENGINE', 'InnoDB'),
('STORED_PROGRAM_CACHE', '256'),
('INNODB_LOCK_WAIT_TIMEOUT', '50'),
('VERSION_COMPILE_OS', 'Linux'),
('INNODB_OLD_BLOCKS_TIME', '0'),
('LICENSE', 'GPL'),
('RPL_RECOVERY_RANK', '0'),
('SQL_WARNINGS', 'OFF'),
('SYNC_RELAY_LOG', '1'),
('MYISAM_MMAP_SIZE', '18446744073709551615'),
('USERSTAT', 'OFF'),
('RELAY_LOG', 'db1s10-relay-bin'),
('LOCKED_IN_MEMORY', 'OFF'),
('PLUGIN_DIR', '/usr/lib/mysql/plugin/'),
('TIME_FORMAT', '%H:%i:%s'),
('LOG_SLOW_QUERIES', 'OFF'),
('KEY_CACHE_DIVISION_LIMIT', '100'),
('INNODB_BUFFER_POOL_SHM_KEY', '0'),
('SSL_KEY', ''),
('LC_MESSAGES', 'en_US'),
('MAX_TMP_TABLES', '32'),
('RELAY_LOG_INFO_FILE', 'relay-log.info'),
('SLAVE_SKIP_ERRORS', 'OFF'),
('MAX_SORT_LENGTH', '1024'),
('COLLATION_DATABASE', 'latin1_swedish_ci'),
('RELAY_LOG_PURGE', 'ON'),
('SLOW_QUERY_LOG_FILE', '/db1s10/data/mysql3-slow.log'),
('INNODB_USE_SYS_STATS_TABLE', 'OFF'),
('SQL_SLAVE_SKIP_COUNTER', '0'),
('INNODB_FAKE_CHANGES', 'OFF'),
('SLOW_QUERY_LOG_TIMESTAMP_PRECISION', 'second'),
('INNODB_LOG_BUFFER_SIZE', '8388608'),
('OPEN_FILES_LIMIT', '1024'),
('INNODB_STATS_UPDATE_NEED_LOCK', '1'),
('DATE_FORMAT', '%Y-%m-%d'),
('INNODB_MAX_PURGE_LAG', '0'),
('INNODB_RECOVERY_STATS', 'OFF'),
('MYISAM_MAX_SORT_FILE_SIZE', '9223372036853727232'),
('REPORT_USER', ''),
('SLAVE_TYPE_CONVERSIONS', ''),
('INNODB_DOUBLEWRITE_FILE', ''),
('SQL_NOTES', 'ON'),
('INNODB_CHECKSUMS', 'ON'),
('STORAGE_ENGINE', 'InnoDB'),
('INNODB_LOCKS_UNSAFE_FOR_BINLOG', 'OFF'),
('HAVE_SSL', 'DISABLED'),
('MYISAM_USE_MMAP', 'OFF'),
('INNODB_IBUF_ACTIVE_CONTRACT', '1'),
('INNODB_CONCURRENCY_TICKETS', '500'),
('LOG_SLOW_SLAVE_STATEMENTS', 'OFF'),
('SQL_SAFE_UPDATES', 'OFF'),
('LOG_SLAVE_UPDATES', 'ON'),
('LOG_SLOW_RATE_LIMIT', '1'),
('INNODB_DICT_SIZE_LIMIT', '0'),
('SYNC_MASTER_INFO', '0'),
('INNODB_DOUBLEWRITE', 'ON'),
('INNODB_STATS_AUTO_UPDATE', '1'),
('INNODB_BUFFER_POOL_SIZE', '134217728'),
('DEFAULT_WEEK_FORMAT', '0'),
('INNODB_FILE_FORMAT_MAX', 'Antelope'),
('LOG_OUTPUT', 'FILE'),
('INNODB_FAST_CHECKSUM', 'OFF'),
('PERFORMANCE_SCHEMA_MAX_TABLE_INSTANCES', '50000'),
('SOCKET', '/var/run/mysqld/db1s10.sock'),
('INNODB_USE_NATIVE_AIO', 'ON'),
('SLAVE_LOAD_TMPDIR', '/db1s10/tmp'),
('INNODB_LOG_BLOCK_SIZE', '512'),
('TIME_ZONE', 'SYSTEM'),
('SQL_LOG_BIN', 'ON'),
('INNODB_WRITE_IO_THREADS', '4'),
('INNODB_ADAPTIVE_FLUSHING', 'ON'),
('MYISAM_REPAIR_THREADS', '1'),
('FT_MIN_WORD_LEN', '4'),
('INTERACTIVE_TIMEOUT', '28800'),
('AUTOMATIC_SP_PRIVILEGES', 'ON'),
('INNODB_SHOW_VERBOSE_LOCKS', '0'),
('SERVER_ID', '1'),
('SQL_AUTO_IS_NULL', 'OFF'),
('SQL_BUFFER_RESULT', 'OFF'),
('INNODB_FILE_FORMAT_CHECK', 'ON'),
('THREAD_CACHE_SIZE', '8'),
('MULTI_RANGE_COUNT', '256'),
('SYNC_RELAY_LOG_INFO', '0'),
('INNODB_USE_SYS_MALLOC', 'ON'),
('SSL_CERT', ''),
('INNODB_MAX_DIRTY_PAGES_PCT', '75'),
('MAX_ERROR_COUNT', '64'),
('HAVE_PROFILING', 'YES'),
('INNODB_STATS_ON_METADATA', 'ON'),
('THREAD_CONCURRENCY', '10'),
('UNIQUE_CHECKS', 'ON'),
('INNODB_OLD_BLOCKS_PCT', '37'),
('PROFILING_HISTORY_SIZE', '15'),
('INNODB_PURGE_THREADS', '1'),
('INNODB_CHANGE_BUFFERING', 'all');

-- --------------------------------------------------------

--
-- Table structure for table `KEY_COLUMN_USAGE`
--

CREATE TEMPORARY TABLE `KEY_COLUMN_USAGE` (
  `CONSTRAINT_CATALOG` varchar(512) NOT NULL DEFAULT '',
  `CONSTRAINT_SCHEMA` varchar(64) NOT NULL DEFAULT '',
  `CONSTRAINT_NAME` varchar(64) NOT NULL DEFAULT '',
  `TABLE_CATALOG` varchar(512) NOT NULL DEFAULT '',
  `TABLE_SCHEMA` varchar(64) NOT NULL DEFAULT '',
  `TABLE_NAME` varchar(64) NOT NULL DEFAULT '',
  `COLUMN_NAME` varchar(64) NOT NULL DEFAULT '',
  `ORDINAL_POSITION` bigint(10) NOT NULL DEFAULT '0',
  `POSITION_IN_UNIQUE_CONSTRAINT` bigint(10) DEFAULT NULL,
  `REFERENCED_TABLE_SCHEMA` varchar(64) DEFAULT NULL,
  `REFERENCED_TABLE_NAME` varchar(64) DEFAULT NULL,
  `REFERENCED_COLUMN_NAME` varchar(64) DEFAULT NULL
) ENGINE=MEMORY DEFAULT CHARSET=utf8;

--
-- Dumping data for table `KEY_COLUMN_USAGE`
--

INSERT INTO `KEY_COLUMN_USAGE` (`CONSTRAINT_CATALOG`, `CONSTRAINT_SCHEMA`, `CONSTRAINT_NAME`, `TABLE_CATALOG`, `TABLE_SCHEMA`, `TABLE_NAME`, `COLUMN_NAME`, `ORDINAL_POSITION`, `POSITION_IN_UNIQUE_CONSTRAINT`, `REFERENCED_TABLE_SCHEMA`, `REFERENCED_TABLE_NAME`, `REFERENCED_COLUMN_NAME`) VALUES
('def', 'BINFG16', 'PRIMARY', 'def', 'BINFG16', 'AwardGerecht', 'awardGerechtID', 1, NULL, NULL, NULL, NULL),
('def', 'BINFG16', 'PRIMARY', 'def', 'BINFG16', 'AwardTakeAway', 'awardTakeAwayID', 1, NULL, NULL, NULL, NULL),
('def', 'BINFG16', 'AwardTakeAway_ibfk_1', 'def', 'BINFG16', 'AwardTakeAway', 'naamTakeAway', 1, 1, 'BINFG16', 'TakeAway', 'naamTakeAway'),
('def', 'BINFG16', 'PRIMARY', 'def', 'BINFG16', 'Bestelling', 'bestellingsID', 1, NULL, NULL, NULL, NULL),
('def', 'BINFG16', 'Bestelling_ibfk_2', 'def', 'BINFG16', 'Bestelling', 'klantLogin', 1, 1, 'BINFG16', 'Klant', 'klantLogin'),
('def', 'BINFG16', 'Bestelling_ibfk_1', 'def', 'BINFG16', 'Bestelling', 'postcode', 1, 1, 'BINFG16', 'Gemeenten', 'postcode'),
('def', 'BINFG16', 'Bestelling_ibfk_1', 'def', 'BINFG16', 'Bestelling', 'gemeente', 2, 2, 'BINFG16', 'Gemeenten', 'gemeente'),
('def', 'BINFG16', 'PRIMARY', 'def', 'BINFG16', 'Bijgerechten', 'naamBijgerecht', 1, NULL, NULL, NULL, NULL),
('def', 'BINFG16', 'PRIMARY', 'def', 'BINFG16', 'Bijgerechten', 'menuID', 2, NULL, NULL, NULL, NULL),
('def', 'BINFG16', 'Bijgerechten_ibfk_1', 'def', 'BINFG16', 'Bijgerechten', 'menuID', 1, 1, 'BINFG16', 'Menu', 'menuID'),
('def', 'BINFG16', 'PRIMARY', 'def', 'BINFG16', 'BijgerechtenBehoortTot', 'naamBijgerecht', 1, NULL, NULL, NULL, NULL),
('def', 'BINFG16', 'PRIMARY', 'def', 'BINFG16', 'BijgerechtenBehoortTot', 'menuID', 2, NULL, NULL, NULL, NULL),
('def', 'BINFG16', 'PRIMARY', 'def', 'BINFG16', 'BijgerechtenBehoortTot', 'bestellingsID', 3, NULL, NULL, NULL, NULL),
('def', 'BINFG16', 'BijgerechtenBehoortTot_ibfk_2', 'def', 'BINFG16', 'BijgerechtenBehoortTot', 'bestellingsID', 1, 1, 'BINFG16', 'Bestelling', 'bestellingsID'),
('def', 'BINFG16', 'BijgerechtenBehoortTot_ibfk_1', 'def', 'BINFG16', 'BijgerechtenBehoortTot', 'naamBijgerecht', 1, 1, 'BINFG16', 'Bijgerechten', 'naamBijgerecht'),
('def', 'BINFG16', 'BijgerechtenBehoortTot_ibfk_1', 'def', 'BINFG16', 'BijgerechtenBehoortTot', 'menuID', 2, 2, 'BINFG16', 'Bijgerechten', 'menuID'),
('def', 'BINFG16', 'PRIMARY', 'def', 'BINFG16', 'Dranken', 'naamDrank', 1, NULL, NULL, NULL, NULL),
('def', 'BINFG16', 'PRIMARY', 'def', 'BINFG16', 'Dranken', 'menuID', 2, NULL, NULL, NULL, NULL),
('def', 'BINFG16', 'Dranken_ibfk_1', 'def', 'BINFG16', 'Dranken', 'menuID', 1, 1, 'BINFG16', 'Menu', 'menuID'),
('def', 'BINFG16', 'PRIMARY', 'def', 'BINFG16', 'DrankenBehoortTot', 'naamDrank', 1, NULL, NULL, NULL, NULL),
('def', 'BINFG16', 'PRIMARY', 'def', 'BINFG16', 'DrankenBehoortTot', 'menuID', 2, NULL, NULL, NULL, NULL),
('def', 'BINFG16', 'PRIMARY', 'def', 'BINFG16', 'DrankenBehoortTot', 'bestellingsID', 3, NULL, NULL, NULL, NULL),
('def', 'BINFG16', 'DrankenBehoortTot_ibfk_2', 'def', 'BINFG16', 'DrankenBehoortTot', 'bestellingsID', 1, 1, 'BINFG16', 'Bestelling', 'bestellingsID'),
('def', 'BINFG16', 'DrankenBehoortTot_ibfk_1', 'def', 'BINFG16', 'DrankenBehoortTot', 'naamDrank', 1, 1, 'BINFG16', 'Dranken', 'naamDrank'),
('def', 'BINFG16', 'DrankenBehoortTot_ibfk_1', 'def', 'BINFG16', 'DrankenBehoortTot', 'menuID', 2, 2, 'BINFG16', 'Dranken', 'menuID'),
('def', 'BINFG16', 'PRIMARY', 'def', 'BINFG16', 'Gemeenten', 'postcode', 1, NULL, NULL, NULL, NULL),
('def', 'BINFG16', 'PRIMARY', 'def', 'BINFG16', 'Gemeenten', 'gemeente', 2, NULL, NULL, NULL, NULL),
('def', 'BINFG16', 'PRIMARY', 'def', 'BINFG16', 'GeplaatstBij', 'vestigingsID', 1, NULL, NULL, NULL, NULL),
('def', 'BINFG16', 'PRIMARY', 'def', 'BINFG16', 'GeplaatstBij', 'bestellingsID', 2, NULL, NULL, NULL, NULL),
('def', 'BINFG16', 'GeplaatstBij_ibfk_5', 'def', 'BINFG16', 'GeplaatstBij', 'vestigingsID', 1, 1, 'BINFG16', 'Vestiging', 'vestigingsID'),
('def', 'BINFG16', 'GeplaatstBij_ibfk_4', 'def', 'BINFG16', 'GeplaatstBij', 'bestellingsID', 1, 1, 'BINFG16', 'Bestelling', 'bestellingsID'),
('def', 'BINFG16', 'PRIMARY', 'def', 'BINFG16', 'Gerechten', 'naamGerecht', 1, NULL, NULL, NULL, NULL),
('def', 'BINFG16', 'PRIMARY', 'def', 'BINFG16', 'Gerechten', 'menuID', 2, NULL, NULL, NULL, NULL),
('def', 'BINFG16', 'Gerechten_ibfk_1', 'def', 'BINFG16', 'Gerechten', 'menuID', 1, 1, 'BINFG16', 'Menu', 'menuID'),
('def', 'BINFG16', 'PRIMARY', 'def', 'BINFG16', 'GerechtenBehoortTot', 'naamGerecht', 1, NULL, NULL, NULL, NULL),
('def', 'BINFG16', 'PRIMARY', 'def', 'BINFG16', 'GerechtenBehoortTot', 'menuID', 2, NULL, NULL, NULL, NULL),
('def', 'BINFG16', 'PRIMARY', 'def', 'BINFG16', 'GerechtenBehoortTot', 'bestellingsID', 3, NULL, NULL, NULL, NULL),
('def', 'BINFG16', 'GerechtenBehoortTot_ibfk_2', 'def', 'BINFG16', 'GerechtenBehoortTot', 'bestellingsID', 1, 1, 'BINFG16', 'Bestelling', 'bestellingsID'),
('def', 'BINFG16', 'GerechtenBehoortTot_ibfk_1', 'def', 'BINFG16', 'GerechtenBehoortTot', 'naamGerecht', 1, 1, 'BINFG16', 'Gerechten', 'naamGerecht'),
('def', 'BINFG16', 'GerechtenBehoortTot_ibfk_1', 'def', 'BINFG16', 'GerechtenBehoortTot', 'menuID', 2, 2, 'BINFG16', 'Gerechten', 'menuID'),
('def', 'BINFG16', 'PRIMARY', 'def', 'BINFG16', 'Klant', 'klantLogin', 1, NULL, NULL, NULL, NULL),
('def', 'BINFG16', 'Klant_ibfk_1', 'def', 'BINFG16', 'Klant', 'postcode', 1, 1, 'BINFG16', 'Gemeenten', 'postcode'),
('def', 'BINFG16', 'Klant_ibfk_1', 'def', 'BINFG16', 'Klant', 'gemeente', 2, 2, 'BINFG16', 'Gemeenten', 'gemeente'),
('def', 'BINFG16', 'PRIMARY', 'def', 'BINFG16', 'KortingenBestelling', 'bestellingsID', 1, NULL, NULL, NULL, NULL),
('def', 'BINFG16', 'PRIMARY', 'def', 'BINFG16', 'KortingenBestelling', 'codecombinatie', 2, NULL, NULL, NULL, NULL),
('def', 'BINFG16', 'KortingenBestelling_ibfk_4', 'def', 'BINFG16', 'KortingenBestelling', 'codecombinatie', 1, 1, 'BINFG16', 'Kortingscode', 'codecombinatie'),
('def', 'BINFG16', 'KortingenBestelling_ibfk_3', 'def', 'BINFG16', 'KortingenBestelling', 'bestellingsID', 1, 1, 'BINFG16', 'Bestelling', 'bestellingsID'),
('def', 'BINFG16', 'PRIMARY', 'def', 'BINFG16', 'KortingenKlant', 'klantLogin', 1, NULL, NULL, NULL, NULL),
('def', 'BINFG16', 'PRIMARY', 'def', 'BINFG16', 'KortingenKlant', 'codecombinatie', 2, NULL, NULL, NULL, NULL),
('def', 'BINFG16', 'KortingenKlant_ibfk_4', 'def', 'BINFG16', 'KortingenKlant', 'codecombinatie', 1, 1, 'BINFG16', 'Kortingscode', 'codecombinatie'),
('def', 'BINFG16', 'KortingenKlant_ibfk_3', 'def', 'BINFG16', 'KortingenKlant', 'klantLogin', 1, 1, 'BINFG16', 'Klant', 'klantLogin'),
('def', 'BINFG16', 'PRIMARY', 'def', 'BINFG16', 'Kortingscode', 'codecombinatie', 1, NULL, NULL, NULL, NULL),
('def', 'BINFG16', 'Kortingscode_ibfk_4', 'def', 'BINFG16', 'Kortingscode', 'vestigingsID', 1, 1, 'BINFG16', 'Vestiging', 'vestigingsID'),
('def', 'BINFG16', 'Kortingscode_ibfk_1', 'def', 'BINFG16', 'Kortingscode', 'naamTakeAway', 1, 1, 'BINFG16', 'TakeAway', 'naamTakeAway'),
('def', 'BINFG16', 'Kortingscode_ibfk_3', 'def', 'BINFG16', 'Kortingscode', 'naamGerecht', 1, 1, 'BINFG16', 'Gerechten', 'naamGerecht'),
('def', 'BINFG16', 'Kortingscode_ibfk_3', 'def', 'BINFG16', 'Kortingscode', 'menuID', 2, 2, 'BINFG16', 'Gerechten', 'menuID'),
('def', 'BINFG16', 'PRIMARY', 'def', 'BINFG16', 'Leveringsgebied', 'vestigingsID', 1, NULL, NULL, NULL, NULL),
('def', 'BINFG16', 'PRIMARY', 'def', 'BINFG16', 'Leveringsgebied', 'postcode', 2, NULL, NULL, NULL, NULL),
('def', 'BINFG16', 'PRIMARY', 'def', 'BINFG16', 'Leveringsgebied', 'gemeente', 3, NULL, NULL, NULL, NULL),
('def', 'BINFG16', 'PRIMARY', 'def', 'BINFG16', 'Menu', 'menuID', 1, NULL, NULL, NULL, NULL),
('def', 'BINFG16', 'PRIMARY', 'def', 'BINFG16', 'Review', 'reviewID', 1, NULL, NULL, NULL, NULL),
('def', 'BINFG16', 'Review_ibfk_3', 'def', 'BINFG16', 'Review', 'klantLogin', 1, 1, 'BINFG16', 'Klant', 'klantLogin'),
('def', 'BINFG16', 'Review_ibfk_2', 'def', 'BINFG16', 'Review', 'naamGerecht', 1, 1, 'BINFG16', 'Gerechten', 'naamGerecht'),
('def', 'BINFG16', 'Review_ibfk_2', 'def', 'BINFG16', 'Review', 'menuID', 2, 2, 'BINFG16', 'Gerechten', 'menuID'),
('def', 'BINFG16', 'PRIMARY', 'def', 'BINFG16', 'Snacks', 'naamSnack', 1, NULL, NULL, NULL, NULL),
('def', 'BINFG16', 'PRIMARY', 'def', 'BINFG16', 'Snacks', 'menuID', 2, NULL, NULL, NULL, NULL),
('def', 'BINFG16', 'Snacks_ibfk_1', 'def', 'BINFG16', 'Snacks', 'menuID', 1, 1, 'BINFG16', 'Menu', 'menuID'),
('def', 'BINFG16', 'PRIMARY', 'def', 'BINFG16', 'SnacksBehoortTot', 'naamSnack', 1, NULL, NULL, NULL, NULL),
('def', 'BINFG16', 'PRIMARY', 'def', 'BINFG16', 'SnacksBehoortTot', 'menuID', 2, NULL, NULL, NULL, NULL),
('def', 'BINFG16', 'PRIMARY', 'def', 'BINFG16', 'SnacksBehoortTot', 'bestellingsID', 3, NULL, NULL, NULL, NULL),
('def', 'BINFG16', 'SnacksBehoortTot_ibfk_2', 'def', 'BINFG16', 'SnacksBehoortTot', 'bestellingsID', 1, 1, 'BINFG16', 'Bestelling', 'bestellingsID'),
('def', 'BINFG16', 'SnacksBehoortTot_ibfk_1', 'def', 'BINFG16', 'SnacksBehoortTot', 'naamSnack', 1, 1, 'BINFG16', 'Snacks', 'naamSnack'),
('def', 'BINFG16', 'SnacksBehoortTot_ibfk_1', 'def', 'BINFG16', 'SnacksBehoortTot', 'menuID', 2, 2, 'BINFG16', 'Snacks', 'menuID'),
('def', 'BINFG16', 'PRIMARY', 'def', 'BINFG16', 'Soort', 'naamTakeAway', 1, NULL, NULL, NULL, NULL),
('def', 'BINFG16', 'PRIMARY', 'def', 'BINFG16', 'Soort', 'categorie', 2, NULL, NULL, NULL, NULL),
('def', 'BINFG16', 'Soort_ibfk_1', 'def', 'BINFG16', 'Soort', 'naamTakeAway', 1, 1, 'BINFG16', 'TakeAway', 'naamTakeAway'),
('def', 'BINFG16', 'PRIMARY', 'def', 'BINFG16', 'TakeAway', 'naamTakeAway', 1, NULL, NULL, NULL, NULL),
('def', 'BINFG16', 'TakeAway_ibfk_1', 'def', 'BINFG16', 'TakeAway', 'menuID', 1, 1, 'BINFG16', 'Menu', 'menuID'),
('def', 'BINFG16', 'PRIMARY', 'def', 'BINFG16', 'Vestiging', 'vestigingsID', 1, NULL, NULL, NULL, NULL),
('def', 'BINFG16', 'Vestiging_ibfk_3', 'def', 'BINFG16', 'Vestiging', 'naamTakeAway', 1, 1, 'BINFG16', 'TakeAway', 'naamTakeAway'),
('def', 'BINFG16', 'Vestiging_ibfk_2', 'def', 'BINFG16', 'Vestiging', 'postcode', 1, 1, 'BINFG16', 'Gemeenten', 'postcode'),
('def', 'BINFG16', 'Vestiging_ibfk_2', 'def', 'BINFG16', 'Vestiging', 'gemeente', 2, 2, 'BINFG16', 'Gemeenten', 'gemeente');

-- --------------------------------------------------------

--
-- Table structure for table `PARAMETERS`
--

CREATE TEMPORARY TABLE `PARAMETERS` (
  `SPECIFIC_CATALOG` varchar(512) NOT NULL DEFAULT '',
  `SPECIFIC_SCHEMA` varchar(64) NOT NULL DEFAULT '',
  `SPECIFIC_NAME` varchar(64) NOT NULL DEFAULT '',
  `ORDINAL_POSITION` int(21) NOT NULL DEFAULT '0',
  `PARAMETER_MODE` varchar(5) DEFAULT NULL,
  `PARAMETER_NAME` varchar(64) DEFAULT NULL,
  `DATA_TYPE` varchar(64) NOT NULL DEFAULT '',
  `CHARACTER_MAXIMUM_LENGTH` int(21) DEFAULT NULL,
  `CHARACTER_OCTET_LENGTH` int(21) DEFAULT NULL,
  `NUMERIC_PRECISION` int(21) DEFAULT NULL,
  `NUMERIC_SCALE` int(21) DEFAULT NULL,
  `CHARACTER_SET_NAME` varchar(64) DEFAULT NULL,
  `COLLATION_NAME` varchar(64) DEFAULT NULL,
  `DTD_IDENTIFIER` longtext NOT NULL,
  `ROUTINE_TYPE` varchar(9) NOT NULL DEFAULT ''
) ENGINE=MyISAM DEFAULT CHARSET=utf8;

--
-- Dumping data for table `PARAMETERS`
--


-- --------------------------------------------------------

--
-- Table structure for table `PARTITIONS`
--

CREATE TEMPORARY TABLE `PARTITIONS` (
  `TABLE_CATALOG` varchar(512) NOT NULL DEFAULT '',
  `TABLE_SCHEMA` varchar(64) NOT NULL DEFAULT '',
  `TABLE_NAME` varchar(64) NOT NULL DEFAULT '',
  `PARTITION_NAME` varchar(64) DEFAULT NULL,
  `SUBPARTITION_NAME` varchar(64) DEFAULT NULL,
  `PARTITION_ORDINAL_POSITION` bigint(21) unsigned DEFAULT NULL,
  `SUBPARTITION_ORDINAL_POSITION` bigint(21) unsigned DEFAULT NULL,
  `PARTITION_METHOD` varchar(18) DEFAULT NULL,
  `SUBPARTITION_METHOD` varchar(12) DEFAULT NULL,
  `PARTITION_EXPRESSION` longtext,
  `SUBPARTITION_EXPRESSION` longtext,
  `PARTITION_DESCRIPTION` longtext,
  `TABLE_ROWS` bigint(21) unsigned NOT NULL DEFAULT '0',
  `AVG_ROW_LENGTH` bigint(21) unsigned NOT NULL DEFAULT '0',
  `DATA_LENGTH` bigint(21) unsigned NOT NULL DEFAULT '0',
  `MAX_DATA_LENGTH` bigint(21) unsigned DEFAULT NULL,
  `INDEX_LENGTH` bigint(21) unsigned NOT NULL DEFAULT '0',
  `DATA_FREE` bigint(21) unsigned NOT NULL DEFAULT '0',
  `CREATE_TIME` datetime DEFAULT NULL,
  `UPDATE_TIME` datetime DEFAULT NULL,
  `CHECK_TIME` datetime DEFAULT NULL,
  `CHECKSUM` bigint(21) unsigned DEFAULT NULL,
  `PARTITION_COMMENT` varchar(80) NOT NULL DEFAULT '',
  `NODEGROUP` varchar(12) NOT NULL DEFAULT '',
  `TABLESPACE_NAME` varchar(64) DEFAULT NULL
) ENGINE=MyISAM DEFAULT CHARSET=utf8;

--
-- Dumping data for table `PARTITIONS`
--

INSERT INTO `PARTITIONS` (`TABLE_CATALOG`, `TABLE_SCHEMA`, `TABLE_NAME`, `PARTITION_NAME`, `SUBPARTITION_NAME`, `PARTITION_ORDINAL_POSITION`, `SUBPARTITION_ORDINAL_POSITION`, `PARTITION_METHOD`, `SUBPARTITION_METHOD`, `PARTITION_EXPRESSION`, `SUBPARTITION_EXPRESSION`, `PARTITION_DESCRIPTION`, `TABLE_ROWS`, `AVG_ROW_LENGTH`, `DATA_LENGTH`, `MAX_DATA_LENGTH`, `INDEX_LENGTH`, `DATA_FREE`, `CREATE_TIME`, `UPDATE_TIME`, `CHECK_TIME`, `CHECKSUM`, `PARTITION_COMMENT`, `NODEGROUP`, `TABLESPACE_NAME`) VALUES
('def', 'information_schema', 'CHARACTER_SETS', NULL, NULL, NULL, NULL, NULL, NULL, NULL, NULL, NULL, 0, 384, 0, 16434816, 0, 0, '2014-12-12 01:09:36', NULL, NULL, NULL, '', '', NULL),
('def', 'information_schema', 'CLIENT_STATISTICS', NULL, NULL, NULL, NULL, NULL, NULL, NULL, NULL, NULL, 0, 274, 0, 16417532, 0, 0, '2014-12-12 01:09:36', NULL, NULL, NULL, '', '', NULL),
('def', 'information_schema', 'COLLATIONS', NULL, NULL, NULL, NULL, NULL, NULL, NULL, NULL, NULL, 0, 231, 0, 16704765, 0, 0, '2014-12-12 01:09:36', NULL, NULL, NULL, '', '', NULL),
('def', 'information_schema', 'COLLATION_CHARACTER_SET_APPLICABILITY', NULL, NULL, NULL, NULL, NULL, NULL, NULL, NULL, NULL, 0, 195, 0, 16357770, 0, 0, '2014-12-12 01:09:36', NULL, NULL, NULL, '', '', NULL),
('def', 'information_schema', 'COLUMNS', NULL, NULL, NULL, NULL, NULL, NULL, NULL, NULL, NULL, 0, 0, 0, 281474976710655, 1024, 0, '2014-12-12 01:09:36', '2014-12-12 01:09:36', NULL, NULL, '', '', NULL),
('def', 'information_schema', 'COLUMN_PRIVILEGES', NULL, NULL, NULL, NULL, NULL, NULL, NULL, NULL, NULL, 0, 2565, 0, 16757145, 0, 0, '2014-12-12 01:09:36', NULL, NULL, NULL, '', '', NULL),
('def', 'information_schema', 'INDEX_STATISTICS', NULL, NULL, NULL, NULL, NULL, NULL, NULL, NULL, NULL, 0, 1739, 0, 16727441, 0, 0, '2014-12-12 01:09:36', NULL, NULL, NULL, '', '', NULL),
('def', 'information_schema', 'ENGINES', NULL, NULL, NULL, NULL, NULL, NULL, NULL, NULL, NULL, 0, 490, 0, 16574250, 0, 0, '2014-12-12 01:09:36', NULL, NULL, NULL, '', '', NULL),
('def', 'information_schema', 'EVENTS', NULL, NULL, NULL, NULL, NULL, NULL, NULL, NULL, NULL, 0, 0, 0, 281474976710655, 1024, 0, '2014-12-12 01:09:36', '2014-12-12 01:09:36', NULL, NULL, '', '', NULL),
('def', 'information_schema', 'FILES', NULL, NULL, NULL, NULL, NULL, NULL, NULL, NULL, NULL, 0, 2677, 0, 16758020, 0, 0, '2014-12-12 01:09:36', NULL, NULL, NULL, '', '', NULL),
('def', 'information_schema', 'GLOBAL_STATUS', NULL, NULL, NULL, NULL, NULL, NULL, NULL, NULL, NULL, 0, 3268, 0, 16755036, 0, 0, '2014-12-12 01:09:36', NULL, NULL, NULL, '', '', NULL),
('def', 'information_schema', 'GLOBAL_TEMPORARY_TABLES', NULL, NULL, NULL, NULL, NULL, NULL, NULL, NULL, NULL, 0, 2174, 0, 16761540, 0, 0, '2014-12-12 01:09:36', NULL, NULL, NULL, '', '', NULL),
('def', 'information_schema', 'GLOBAL_VARIABLES', NULL, NULL, NULL, NULL, NULL, NULL, NULL, NULL, NULL, 0, 3268, 0, 16755036, 0, 0, '2014-12-12 01:09:36', NULL, NULL, NULL, '', '', NULL),
('def', 'information_schema', 'KEY_COLUMN_USAGE', NULL, NULL, NULL, NULL, NULL, NULL, NULL, NULL, NULL, 0, 4637, 0, 16762755, 0, 0, '2014-12-12 01:09:36', NULL, NULL, NULL, '', '', NULL),
('def', 'information_schema', 'PARAMETERS', NULL, NULL, NULL, NULL, NULL, NULL, NULL, NULL, NULL, 0, 0, 0, 281474976710655, 1024, 0, '2014-12-12 01:09:36', '2014-12-12 01:09:36', NULL, NULL, '', '', NULL),
('def', 'information_schema', 'PARTITIONS', NULL, NULL, NULL, NULL, NULL, NULL, NULL, NULL, NULL, 0, 0, 0, 281474976710655, 1024, 0, '2014-12-12 01:09:36', '2014-12-12 01:09:36', NULL, NULL, '', '', NULL),
('def', 'information_schema', 'PLUGINS', NULL, NULL, NULL, NULL, NULL, NULL, NULL, NULL, NULL, 0, 0, 0, 281474976710655, 1024, 0, '2014-12-12 01:09:36', '2014-12-12 01:09:36', NULL, NULL, '', '', NULL),
('def', 'information_schema', 'PROCESSLIST', NULL, NULL, NULL, NULL, NULL, NULL, NULL, NULL, NULL, 0, 0, 0, 281474976710655, 1024, 0, '2014-12-12 01:09:36', '2014-12-12 01:09:36', NULL, NULL, '', '', NULL),
('def', 'information_schema', 'PROFILING', NULL, NULL, NULL, NULL, NULL, NULL, NULL, NULL, NULL, 0, 308, 0, 16562084, 0, 0, '2014-12-12 01:09:36', NULL, NULL, NULL, '', '', NULL),
('def', 'information_schema', 'REFERENTIAL_CONSTRAINTS', NULL, NULL, NULL, NULL, NULL, NULL, NULL, NULL, NULL, 0, 4814, 0, 16767162, 0, 0, '2014-12-12 01:09:36', NULL, NULL, NULL, '', '', NULL),
('def', 'information_schema', 'ROUTINES', NULL, NULL, NULL, NULL, NULL, NULL, NULL, NULL, NULL, 0, 0, 0, 281474976710655, 1024, 0, '2014-12-12 01:09:36', '2014-12-12 01:09:36', NULL, NULL, '', '', NULL),
('def', 'information_schema', 'QUERY_RESPONSE_TIME', NULL, NULL, NULL, NULL, NULL, NULL, NULL, NULL, NULL, 0, 91, 0, 15903342, 0, 0, '2014-12-12 01:09:36', NULL, NULL, NULL, '', '', NULL),
('def', 'information_schema', 'SCHEMATA', NULL, NULL, NULL, NULL, NULL, NULL, NULL, NULL, NULL, 0, 3464, 0, 16738048, 0, 0, '2014-12-12 01:09:36', NULL, NULL, NULL, '', '', NULL),
('def', 'information_schema', 'SCHEMA_PRIVILEGES', NULL, NULL, NULL, NULL, NULL, NULL, NULL, NULL, NULL, 0, 2179, 0, 16736899, 0, 0, '2014-12-12 01:09:36', NULL, NULL, NULL, '', '', NULL),
('def', 'information_schema', 'SESSION_STATUS', NULL, NULL, NULL, NULL, NULL, NULL, NULL, NULL, NULL, 0, 3268, 0, 16755036, 0, 0, '2014-12-12 01:09:36', NULL, NULL, NULL, '', '', NULL),
('def', 'information_schema', 'SESSION_VARIABLES', NULL, NULL, NULL, NULL, NULL, NULL, NULL, NULL, NULL, 0, 3268, 0, 16755036, 0, 0, '2014-12-12 01:09:36', NULL, NULL, NULL, '', '', NULL),
('def', 'information_schema', 'STATISTICS', NULL, NULL, NULL, NULL, NULL, NULL, NULL, NULL, NULL, 0, 5753, 0, 16752736, 0, 0, '2014-12-12 01:09:36', NULL, NULL, NULL, '', '', NULL),
('def', 'information_schema', 'TABLES', NULL, NULL, NULL, NULL, NULL, NULL, NULL, NULL, NULL, 0, 9450, 0, 16764300, 0, 0, '2014-12-12 01:09:36', NULL, NULL, NULL, '', '', NULL),
('def', 'information_schema', 'TABLESPACES', NULL, NULL, NULL, NULL, NULL, NULL, NULL, NULL, NULL, 0, 6951, 0, 16772763, 0, 0, '2014-12-12 01:09:36', NULL, NULL, NULL, '', '', NULL),
('def', 'information_schema', 'TABLE_CONSTRAINTS', NULL, NULL, NULL, NULL, NULL, NULL, NULL, NULL, NULL, 0, 2504, 0, 16721712, 0, 0, '2014-12-12 01:09:36', NULL, NULL, NULL, '', '', NULL),
('def', 'information_schema', 'TABLE_PRIVILEGES', NULL, NULL, NULL, NULL, NULL, NULL, NULL, NULL, NULL, 0, 2372, 0, 16748692, 0, 0, '2014-12-12 01:09:36', NULL, NULL, NULL, '', '', NULL),
('def', 'information_schema', 'TABLE_STATISTICS', NULL, NULL, NULL, NULL, NULL, NULL, NULL, NULL, NULL, 0, 1169, 0, 16676954, 0, 0, '2014-12-12 01:09:36', NULL, NULL, NULL, '', '', NULL),
('def', 'information_schema', 'TEMPORARY_TABLES', NULL, NULL, NULL, NULL, NULL, NULL, NULL, NULL, NULL, 0, 2174, 0, 16761540, 0, 0, '2014-12-12 01:09:36', NULL, NULL, NULL, '', '', NULL),
('def', 'information_schema', 'THREAD_STATISTICS', NULL, NULL, NULL, NULL, NULL, NULL, NULL, NULL, NULL, 0, 85, 0, 16205250, 0, 0, '2014-12-12 01:09:36', NULL, NULL, NULL, '', '', NULL),
('def', 'information_schema', 'TRIGGERS', NULL, NULL, NULL, NULL, NULL, NULL, NULL, NULL, NULL, 0, 0, 0, 281474976710655, 1024, 0, '2014-12-12 01:09:36', '2014-12-12 01:09:36', NULL, NULL, '', '', NULL),
('def', 'information_schema', 'USER_PRIVILEGES', NULL, NULL, NULL, NULL, NULL, NULL, NULL, NULL, NULL, 0, 1986, 0, 16726092, 0, 0, '2014-12-12 01:09:36', NULL, NULL, NULL, '', '', NULL),
('def', 'information_schema', 'USER_STATISTICS', NULL, NULL, NULL, NULL, NULL, NULL, NULL, NULL, NULL, 0, 226, 0, 16343190, 0, 0, '2014-12-12 01:09:36', NULL, NULL, NULL, '', '', NULL),
('def', 'information_schema', 'VIEWS', NULL, NULL, NULL, NULL, NULL, NULL, NULL, NULL, NULL, 0, 0, 0, 281474976710655, 1024, 0, '2014-12-12 01:09:36', '2014-12-12 01:09:36', NULL, NULL, '', '', NULL),
('def', 'information_schema', 'INNODB_SYS_COLUMNS', NULL, NULL, NULL, NULL, NULL, NULL, NULL, NULL, NULL, 0, 610, 0, 16613350, 0, 0, '2014-12-12 01:09:36', NULL, NULL, NULL, '', '', NULL),
('def', 'information_schema', 'INNODB_RSEG', NULL, NULL, NULL, NULL, NULL, NULL, NULL, NULL, NULL, 0, 49, 0, 14680057, 0, 0, '2014-12-12 01:09:36', NULL, NULL, NULL, '', '', NULL),
('def', 'information_schema', 'INNODB_CMP', NULL, NULL, NULL, NULL, NULL, NULL, NULL, NULL, NULL, 0, 25, 0, 13107200, 0, 0, '2014-12-12 01:09:36', NULL, NULL, NULL, '', '', NULL),
('def', 'information_schema', 'INNODB_TRX', NULL, NULL, NULL, NULL, NULL, NULL, NULL, NULL, NULL, 0, 4534, 0, 16766732, 0, 0, '2014-12-12 01:09:36', NULL, NULL, NULL, '', '', NULL),
('def', 'information_schema', 'INNODB_SYS_TABLESTATS', NULL, NULL, NULL, NULL, NULL, NULL, NULL, NULL, NULL, 0, 1796, 0, 16738720, 0, 0, '2014-12-12 01:09:36', NULL, NULL, NULL, '', '', NULL),
('def', 'information_schema', 'INNODB_LOCK_WAITS', NULL, NULL, NULL, NULL, NULL, NULL, NULL, NULL, NULL, 0, 599, 0, 16749238, 0, 0, '2014-12-12 01:09:36', NULL, NULL, NULL, '', '', NULL),
('def', 'information_schema', 'XTRADB_ADMIN_COMMAND', NULL, NULL, NULL, NULL, NULL, NULL, NULL, NULL, NULL, 0, 3075, 0, 16749525, 0, 0, '2014-12-12 01:09:36', NULL, NULL, NULL, '', '', NULL),
('def', 'information_schema', 'INNODB_LOCKS', NULL, NULL, NULL, NULL, NULL, NULL, NULL, NULL, NULL, 0, 31244, 0, 16746784, 0, 0, '2014-12-12 01:09:36', NULL, NULL, NULL, '', '', NULL),
('def', 'information_schema', 'INNODB_SYS_FOREIGN_COLS', NULL, NULL, NULL, NULL, NULL, NULL, NULL, NULL, NULL, 0, 1748, 0, 16738848, 0, 0, '2014-12-12 01:09:36', NULL, NULL, NULL, '', '', NULL),
('def', 'information_schema', 'INNODB_CMP_RESET', NULL, NULL, NULL, NULL, NULL, NULL, NULL, NULL, NULL, 0, 25, 0, 13107200, 0, 0, '2014-12-12 01:09:36', NULL, NULL, NULL, '', '', NULL),
('def', 'information_schema', 'INNODB_BUFFER_POOL_PAGES', NULL, NULL, NULL, NULL, NULL, NULL, NULL, NULL, NULL, 0, 234, 0, 16357770, 0, 0, '2014-12-12 01:09:36', NULL, NULL, NULL, '', '', NULL),
('def', 'information_schema', 'INNODB_SYS_TABLES', NULL, NULL, NULL, NULL, NULL, NULL, NULL, NULL, NULL, 0, 1183, 0, 16761927, 0, 0, '2014-12-12 01:09:36', NULL, NULL, NULL, '', '', NULL),
('def', 'information_schema', 'INNODB_BUFFER_POOL_PAGES_INDEX', NULL, NULL, NULL, NULL, NULL, NULL, NULL, NULL, NULL, 0, 105, 0, 15728580, 0, 0, '2014-12-12 01:09:36', NULL, NULL, NULL, '', '', NULL),
('def', 'information_schema', 'INNODB_CMPMEM', NULL, NULL, NULL, NULL, NULL, NULL, NULL, NULL, NULL, 0, 29, 0, 15204352, 0, 0, '2014-12-12 01:09:36', NULL, NULL, NULL, '', '', NULL),
('def', 'information_schema', 'INNODB_BUFFER_POOL_PAGES_BLOB', NULL, NULL, NULL, NULL, NULL, NULL, NULL, NULL, NULL, 0, 65, 0, 15146040, 0, 0, '2014-12-12 01:09:36', NULL, NULL, NULL, '', '', NULL),
('def', 'information_schema', 'INNODB_CMPMEM_RESET', NULL, NULL, NULL, NULL, NULL, NULL, NULL, NULL, NULL, 0, 29, 0, 15204352, 0, 0, '2014-12-12 01:09:36', NULL, NULL, NULL, '', '', NULL),
('def', 'information_schema', 'INNODB_SYS_FIELDS', NULL, NULL, NULL, NULL, NULL, NULL, NULL, NULL, NULL, 0, 594, 0, 16609428, 0, 0, '2014-12-12 01:09:36', NULL, NULL, NULL, '', '', NULL),
('def', 'information_schema', 'INNODB_TABLE_STATS', NULL, NULL, NULL, NULL, NULL, NULL, NULL, NULL, NULL, 0, 1189, 0, 16733986, 0, 0, '2014-12-12 01:09:36', NULL, NULL, NULL, '', '', NULL),
('def', 'information_schema', 'INNODB_SYS_STATS', NULL, NULL, NULL, NULL, NULL, NULL, NULL, NULL, NULL, 0, 29, 0, 15204352, 0, 0, '2014-12-12 01:09:36', NULL, NULL, NULL, '', '', NULL),
('def', 'information_schema', 'INNODB_SYS_FOREIGN', NULL, NULL, NULL, NULL, NULL, NULL, NULL, NULL, NULL, 0, 1752, 0, 16700064, 0, 0, '2014-12-12 01:09:36', NULL, NULL, NULL, '', '', NULL),
('def', 'information_schema', 'INNODB_SYS_INDEXES', NULL, NULL, NULL, NULL, NULL, NULL, NULL, NULL, NULL, 0, 614, 0, 16722290, 0, 0, '2014-12-12 01:09:36', NULL, NULL, NULL, '', '', NULL),
('def', 'information_schema', 'INNODB_INDEX_STATS', NULL, NULL, NULL, NULL, NULL, NULL, NULL, NULL, NULL, 0, 2529, 0, 16729335, 0, 0, '2014-12-12 01:09:36', NULL, NULL, NULL, '', '', NULL),
('def', 'BINFG16', 'AwardGerecht', NULL, NULL, NULL, NULL, NULL, NULL, NULL, NULL, NULL, 1, 16384, 16384, NULL, 16384, 40894464, '2014-12-11 16:00:25', NULL, NULL, NULL, '', '', NULL),
('def', 'BINFG16', 'AwardTakeAway', NULL, NULL, NULL, NULL, NULL, NULL, NULL, NULL, NULL, 3, 5461, 16384, NULL, 16384, 40894464, '2014-12-11 16:01:05', NULL, NULL, NULL, '', '', NULL),
('def', 'BINFG16', 'Bestelling', NULL, NULL, NULL, NULL, NULL, NULL, NULL, NULL, NULL, 59, 277, 16384, NULL, 32768, 40894464, '2014-12-11 16:04:56', NULL, NULL, NULL, '', '', NULL),
('def', 'BINFG16', 'Bijgerechten', NULL, NULL, NULL, NULL, NULL, NULL, NULL, NULL, NULL, 131, 125, 16384, NULL, 16384, 40894464, '2014-12-11 16:05:20', NULL, NULL, NULL, '', '', NULL),
('def', 'BINFG16', 'BijgerechtenBehoortTot', NULL, NULL, NULL, NULL, NULL, NULL, NULL, NULL, NULL, 32, 512, 16384, NULL, 32768, 40894464, '2014-12-11 16:06:20', NULL, NULL, NULL, '', '', NULL),
('def', 'BINFG16', 'Dranken', NULL, NULL, NULL, NULL, NULL, NULL, NULL, NULL, NULL, 204, 80, 16384, NULL, 16384, 40894464, '2014-12-11 16:07:20', NULL, NULL, NULL, '', '', NULL),
('def', 'BINFG16', 'DrankenBehoortTot', NULL, NULL, NULL, NULL, NULL, NULL, NULL, NULL, NULL, 36, 455, 16384, NULL, 16384, 40894464, '2014-12-11 16:07:33', NULL, NULL, NULL, '', '', NULL),
('def', 'BINFG16', 'Gemeenten', NULL, NULL, NULL, NULL, NULL, NULL, NULL, NULL, NULL, 3284, 39, 131072, NULL, 0, 40894464, '2014-11-17 14:56:42', NULL, NULL, NULL, '', '', NULL),
('def', 'BINFG16', 'GeplaatstBij', NULL, NULL, NULL, NULL, NULL, NULL, NULL, NULL, NULL, 59, 277, 16384, NULL, 16384, 40894464, '2014-12-11 17:42:26', NULL, NULL, NULL, '', '', NULL),
('def', 'BINFG16', 'Gerechten', NULL, NULL, NULL, NULL, NULL, NULL, NULL, NULL, NULL, 335, 146, 49152, NULL, 16384, 40894464, '2014-12-11 16:09:15', NULL, NULL, NULL, '', '', NULL),
('def', 'BINFG16', 'GerechtenBehoortTot', NULL, NULL, NULL, NULL, NULL, NULL, NULL, NULL, NULL, 92, 178, 16384, NULL, 16384, 40894464, '2014-12-11 16:09:40', NULL, NULL, NULL, '', '', NULL),
('def', 'BINFG16', 'Klant', NULL, NULL, NULL, NULL, NULL, NULL, NULL, NULL, NULL, 29, 564, 16384, NULL, 16384, 40894464, '2014-12-10 01:11:22', NULL, NULL, NULL, '', '', NULL),
('def', 'BINFG16', 'KortingenBestelling', NULL, NULL, NULL, NULL, NULL, NULL, NULL, NULL, NULL, 1, 16384, 16384, NULL, 16384, 40894464, '2014-12-11 16:11:44', NULL, NULL, NULL, '', '', NULL),
('def', 'BINFG16', 'KortingenKlant', NULL, NULL, NULL, NULL, NULL, NULL, NULL, NULL, NULL, 24, 682, 16384, NULL, 16384, 40894464, '2014-12-11 16:10:56', NULL, NULL, NULL, '', '', NULL),
('def', 'BINFG16', 'Kortingscode', NULL, NULL, NULL, NULL, NULL, NULL, NULL, NULL, NULL, 48, 341, 16384, NULL, 49152, 40894464, '2014-12-11 16:12:38', NULL, NULL, NULL, '', '', NULL),
('def', 'BINFG16', 'Leveringsgebied', NULL, NULL, NULL, NULL, NULL, NULL, NULL, NULL, NULL, 190, 86, 16384, NULL, 0, 40894464, '2014-12-11 16:13:08', NULL, NULL, NULL, '', '', NULL),
('def', 'BINFG16', 'Menu', NULL, NULL, NULL, NULL, NULL, NULL, NULL, NULL, NULL, 43, 381, 16384, NULL, 0, 40894464, '2014-11-17 14:56:42', NULL, NULL, NULL, '', '', NULL),
('def', 'BINFG16', 'Review', NULL, NULL, NULL, NULL, NULL, NULL, NULL, NULL, NULL, 23, 712, 16384, NULL, 32768, 40894464, '2014-12-11 16:14:38', NULL, NULL, NULL, '', '', NULL),
('def', 'BINFG16', 'Snacks', NULL, NULL, NULL, NULL, NULL, NULL, NULL, NULL, NULL, 99, 165, 16384, NULL, 16384, 40894464, '2014-12-11 16:14:48', NULL, NULL, NULL, '', '', NULL),
('def', 'BINFG16', 'SnacksBehoortTot', NULL, NULL, NULL, NULL, NULL, NULL, NULL, NULL, NULL, 30, 546, 16384, NULL, 16384, 40894464, '2014-12-11 16:14:58', NULL, NULL, NULL, '', '', NULL),
('def', 'BINFG16', 'Soort', NULL, NULL, NULL, NULL, NULL, NULL, NULL, NULL, NULL, 61, 268, 16384, NULL, 0, 40894464, '2014-12-11 16:15:27', NULL, NULL, NULL, '', '', NULL),
('def', 'BINFG16', 'TakeAway', NULL, NULL, NULL, NULL, NULL, NULL, NULL, NULL, NULL, 35, 468, 16384, NULL, 16384, 40894464, '2014-12-01 21:48:27', NULL, NULL, NULL, '', '', NULL),
('def', 'BINFG16', 'Vestiging', NULL, NULL, NULL, NULL, NULL, NULL, NULL, NULL, NULL, 83, 197, 16384, NULL, 32768, 40894464, '2014-12-08 09:42:39', NULL, NULL, NULL, '', '', NULL);

-- --------------------------------------------------------

--
-- Table structure for table `PLUGINS`
--

CREATE TEMPORARY TABLE `PLUGINS` (
  `PLUGIN_NAME` varchar(64) NOT NULL DEFAULT '',
  `PLUGIN_VERSION` varchar(20) NOT NULL DEFAULT '',
  `PLUGIN_STATUS` varchar(10) NOT NULL DEFAULT '',
  `PLUGIN_TYPE` varchar(80) NOT NULL DEFAULT '',
  `PLUGIN_TYPE_VERSION` varchar(20) NOT NULL DEFAULT '',
  `PLUGIN_LIBRARY` varchar(64) DEFAULT NULL,
  `PLUGIN_LIBRARY_VERSION` varchar(20) DEFAULT NULL,
  `PLUGIN_AUTHOR` varchar(64) DEFAULT NULL,
  `PLUGIN_DESCRIPTION` longtext,
  `PLUGIN_LICENSE` varchar(80) DEFAULT NULL,
  `LOAD_OPTION` varchar(64) NOT NULL DEFAULT ''
) ENGINE=MyISAM DEFAULT CHARSET=utf8;

--
-- Dumping data for table `PLUGINS`
--

INSERT INTO `PLUGINS` (`PLUGIN_NAME`, `PLUGIN_VERSION`, `PLUGIN_STATUS`, `PLUGIN_TYPE`, `PLUGIN_TYPE_VERSION`, `PLUGIN_LIBRARY`, `PLUGIN_LIBRARY_VERSION`, `PLUGIN_AUTHOR`, `PLUGIN_DESCRIPTION`, `PLUGIN_LICENSE`, `LOAD_OPTION`) VALUES
('binlog', '1.0', 'ACTIVE', 'STORAGE ENGINE', '50522.0', NULL, NULL, 'MySQL AB', 'This is a pseudo storage engine to represent the binlog in a transaction', 'GPL', 'FORCE'),
('mysql_native_password', '1.0', 'ACTIVE', 'AUTHENTICATION', '1.0', NULL, NULL, 'R.J.Silk, Sergei Golubchik', 'Native MySQL authentication', 'GPL', 'FORCE'),
('mysql_old_password', '1.0', 'ACTIVE', 'AUTHENTICATION', '1.0', NULL, NULL, 'R.J.Silk, Sergei Golubchik', 'Old MySQL-4.0 authentication', 'GPL', 'FORCE'),
('MRG_MYISAM', '1.0', 'ACTIVE', 'STORAGE ENGINE', '50522.0', NULL, NULL, 'MySQL AB', 'Collection of identical MyISAM tables', 'GPL', 'FORCE'),
('MyISAM', '1.0', 'ACTIVE', 'STORAGE ENGINE', '50522.0', NULL, NULL, 'MySQL AB', 'MyISAM storage engine', 'GPL', 'FORCE'),
('CSV', '1.0', 'ACTIVE', 'STORAGE ENGINE', '50522.0', NULL, NULL, 'Brian Aker, MySQL AB', 'CSV storage engine', 'GPL', 'FORCE'),
('MEMORY', '1.0', 'ACTIVE', 'STORAGE ENGINE', '50522.0', NULL, NULL, 'MySQL AB', 'Hash based, stored in memory, useful for temporary tables', 'GPL', 'FORCE'),
('BLACKHOLE', '1.0', 'ACTIVE', 'STORAGE ENGINE', '50522.0', NULL, NULL, 'MySQL AB', '/dev/null storage engine (anything you write to it disappears)', 'GPL', 'ON'),
('ARCHIVE', '3.0', 'ACTIVE', 'STORAGE ENGINE', '50522.0', NULL, NULL, 'Brian Aker, MySQL AB', 'Archive storage engine', 'GPL', 'ON'),
('FEDERATED', '1.0', 'DISABLED', 'STORAGE ENGINE', '50522.0', NULL, NULL, 'Patrick Galbraith and Brian Aker, MySQL AB', 'Federated MySQL storage engine', 'GPL', 'OFF'),
('PERFORMANCE_SCHEMA', '0.1', 'ACTIVE', 'STORAGE ENGINE', '50522.0', NULL, NULL, 'Marc Alff, Oracle', 'Performance Schema', 'GPL', 'FORCE'),
('InnoDB', '1.1', 'ACTIVE', 'STORAGE ENGINE', '50522.0', NULL, NULL, 'Oracle Corporation', 'Percona-XtraDB, Supports transactions, row-level locking, and foreign keys', 'GPL', 'ON'),
('INNODB_RSEG', '1.0', 'ACTIVE', 'INFORMATION SCHEMA', '50522.0', NULL, NULL, 'Percona', 'InnoDB rollback segment information', 'GPL', 'ON'),
('INNODB_TRX', '1.1', 'ACTIVE', 'INFORMATION SCHEMA', '50522.0', NULL, NULL, 'Oracle Corporation', 'InnoDB transactions', 'GPL', 'ON'),
('INNODB_LOCKS', '1.1', 'ACTIVE', 'INFORMATION SCHEMA', '50522.0', NULL, NULL, 'Oracle Corporation', 'InnoDB conflicting locks', 'GPL', 'ON'),
('INNODB_LOCK_WAITS', '1.1', 'ACTIVE', 'INFORMATION SCHEMA', '50522.0', NULL, NULL, 'Oracle Corporation', 'InnoDB which lock is blocking which', 'GPL', 'ON'),
('INNODB_CMP', '1.1', 'ACTIVE', 'INFORMATION SCHEMA', '50522.0', NULL, NULL, 'Oracle Corporation', 'Statistics for the InnoDB compression', 'GPL', 'ON'),
('INNODB_CMP_RESET', '1.1', 'ACTIVE', 'INFORMATION SCHEMA', '50522.0', NULL, NULL, 'Oracle Corporation', 'Statistics for the InnoDB compression; reset cumulated counts', 'GPL', 'ON'),
('INNODB_CMPMEM', '1.1', 'ACTIVE', 'INFORMATION SCHEMA', '50522.0', NULL, NULL, 'Oracle Corporation', 'Statistics for the InnoDB compressed buffer pool', 'GPL', 'ON'),
('INNODB_CMPMEM_RESET', '1.1', 'ACTIVE', 'INFORMATION SCHEMA', '50522.0', NULL, NULL, 'Oracle Corporation', 'Statistics for the InnoDB compressed buffer pool; reset cumulated counts', 'GPL', 'ON'),
('INNODB_SYS_TABLES', '1.1', 'ACTIVE', 'INFORMATION SCHEMA', '50522.0', NULL, NULL, 'Percona', 'InnoDB SYS_TABLES', 'GPL', 'ON'),
('INNODB_SYS_TABLESTATS', '1.1', 'ACTIVE', 'INFORMATION SCHEMA', '50522.0', NULL, NULL, 'Percona', 'InnoDB SYS_TABLESTATS', 'GPL', 'ON'),
('INNODB_SYS_INDEXES', '1.1', 'ACTIVE', 'INFORMATION SCHEMA', '50522.0', NULL, NULL, 'Percona', 'InnoDB SYS_INDEXES', 'GPL', 'ON'),
('INNODB_SYS_COLUMNS', '1.1', 'ACTIVE', 'INFORMATION SCHEMA', '50522.0', NULL, NULL, 'Percona', 'InnoDB SYS_COLUMNS', 'GPL', 'ON'),
('INNODB_SYS_FIELDS', '1.1', 'ACTIVE', 'INFORMATION SCHEMA', '50522.0', NULL, NULL, 'Percona', 'InnoDB SYS_FIELDS', 'GPL', 'ON'),
('INNODB_SYS_FOREIGN', '1.1', 'ACTIVE', 'INFORMATION SCHEMA', '50522.0', NULL, NULL, 'Percona', 'InnoDB SYS_FOREIGN', 'GPL', 'ON'),
('INNODB_SYS_FOREIGN_COLS', '1.1', 'ACTIVE', 'INFORMATION SCHEMA', '50522.0', NULL, NULL, 'Percona', 'InnoDB SYS_FOREIGN_COLS', 'GPL', 'ON'),
('INNODB_SYS_STATS', '1.1', 'ACTIVE', 'INFORMATION SCHEMA', '50522.0', NULL, NULL, 'Percona', 'XtraDB SYS_STATS table', 'GPL', 'ON'),
('INNODB_TABLE_STATS', '1.0', 'ACTIVE', 'INFORMATION SCHEMA', '50522.0', NULL, NULL, 'Percona', 'InnoDB table statistics in memory', 'GPL', 'ON'),
('INNODB_INDEX_STATS', '1.0', 'ACTIVE', 'INFORMATION SCHEMA', '50522.0', NULL, NULL, 'Percona', 'InnoDB index statistics in memory', 'GPL', 'ON'),
('INNODB_BUFFER_POOL_PAGES', '1.0', 'ACTIVE', 'INFORMATION SCHEMA', '50522.0', NULL, NULL, 'Percona', 'InnoDB buffer pool pages', 'GPL', 'ON'),
('INNODB_BUFFER_POOL_PAGES_INDEX', '1.0', 'ACTIVE', 'INFORMATION SCHEMA', '50522.0', NULL, NULL, 'Percona', 'InnoDB buffer pool index pages', 'GPL', 'ON'),
('INNODB_BUFFER_POOL_PAGES_BLOB', '1.0', 'ACTIVE', 'INFORMATION SCHEMA', '50522.0', NULL, NULL, 'Percona', 'InnoDB buffer pool blob pages', 'GPL', 'ON'),
('XTRADB_ADMIN_COMMAND', '1.0', 'ACTIVE', 'INFORMATION SCHEMA', '50522.0', NULL, NULL, 'Percona', 'XtraDB specific command acceptor', 'GPL', 'ON'),
('partition', '1.0', 'ACTIVE', 'STORAGE ENGINE', '50522.0', NULL, NULL, 'Mikael Ronstrom, MySQL AB', 'Partition Storage Engine Helper', 'GPL', 'ON');

-- --------------------------------------------------------

--
-- Table structure for table `PROCESSLIST`
--

CREATE TEMPORARY TABLE `PROCESSLIST` (
  `ID` bigint(4) NOT NULL DEFAULT '0',
  `USER` varchar(16) NOT NULL DEFAULT '',
  `HOST` varchar(64) NOT NULL DEFAULT '',
  `DB` varchar(64) DEFAULT NULL,
  `COMMAND` varchar(16) NOT NULL DEFAULT '',
  `TIME` int(7) NOT NULL DEFAULT '0',
  `STATE` varchar(64) DEFAULT NULL,
  `INFO` longtext,
  `TIME_MS` bigint(21) NOT NULL DEFAULT '0',
  `ROWS_SENT` bigint(21) unsigned NOT NULL DEFAULT '0',
  `ROWS_EXAMINED` bigint(21) unsigned NOT NULL DEFAULT '0',
  `ROWS_READ` bigint(21) unsigned NOT NULL DEFAULT '0'
) ENGINE=MyISAM DEFAULT CHARSET=utf8;

--
-- Dumping data for table `PROCESSLIST`
--

INSERT INTO `PROCESSLIST` (`ID`, `USER`, `HOST`, `DB`, `COMMAND`, `TIME`, `STATE`, `INFO`, `TIME_MS`, `ROWS_SENT`, `ROWS_EXAMINED`, `ROWS_READ`) VALUES
(5830451, 'BINFG16', 'mysqlp1.ugent.be:45698', 'BINFG16', 'Query', 0, 'executing', 'SELECT * FROM `information_schema`.`PROCESSLIST`', 0, 0, 0, 1);

-- --------------------------------------------------------

--
-- Table structure for table `PROFILING`
--

CREATE TEMPORARY TABLE `PROFILING` (
  `QUERY_ID` int(20) NOT NULL DEFAULT '0',
  `SEQ` int(20) NOT NULL DEFAULT '0',
  `STATE` varchar(30) NOT NULL DEFAULT '',
  `DURATION` decimal(9,6) NOT NULL DEFAULT '0.000000',
  `CPU_USER` decimal(9,6) DEFAULT NULL,
  `CPU_SYSTEM` decimal(9,6) DEFAULT NULL,
  `CONTEXT_VOLUNTARY` int(20) DEFAULT NULL,
  `CONTEXT_INVOLUNTARY` int(20) DEFAULT NULL,
  `BLOCK_OPS_IN` int(20) DEFAULT NULL,
  `BLOCK_OPS_OUT` int(20) DEFAULT NULL,
  `MESSAGES_SENT` int(20) DEFAULT NULL,
  `MESSAGES_RECEIVED` int(20) DEFAULT NULL,
  `PAGE_FAULTS_MAJOR` int(20) DEFAULT NULL,
  `PAGE_FAULTS_MINOR` int(20) DEFAULT NULL,
  `SWAPS` int(20) DEFAULT NULL,
  `SOURCE_FUNCTION` varchar(30) DEFAULT NULL,
  `SOURCE_FILE` varchar(20) DEFAULT NULL,
  `SOURCE_LINE` int(20) DEFAULT NULL
) ENGINE=MEMORY DEFAULT CHARSET=utf8;

--
-- Dumping data for table `PROFILING`
--


-- --------------------------------------------------------

--
-- Table structure for table `REFERENTIAL_CONSTRAINTS`
--

CREATE TEMPORARY TABLE `REFERENTIAL_CONSTRAINTS` (
  `CONSTRAINT_CATALOG` varchar(512) NOT NULL DEFAULT '',
  `CONSTRAINT_SCHEMA` varchar(64) NOT NULL DEFAULT '',
  `CONSTRAINT_NAME` varchar(64) NOT NULL DEFAULT '',
  `UNIQUE_CONSTRAINT_CATALOG` varchar(512) NOT NULL DEFAULT '',
  `UNIQUE_CONSTRAINT_SCHEMA` varchar(64) NOT NULL DEFAULT '',
  `UNIQUE_CONSTRAINT_NAME` varchar(64) DEFAULT NULL,
  `MATCH_OPTION` varchar(64) NOT NULL DEFAULT '',
  `UPDATE_RULE` varchar(64) NOT NULL DEFAULT '',
  `DELETE_RULE` varchar(64) NOT NULL DEFAULT '',
  `TABLE_NAME` varchar(64) NOT NULL DEFAULT '',
  `REFERENCED_TABLE_NAME` varchar(64) NOT NULL DEFAULT ''
) ENGINE=MEMORY DEFAULT CHARSET=utf8;

--
-- Dumping data for table `REFERENTIAL_CONSTRAINTS`
--

INSERT INTO `REFERENTIAL_CONSTRAINTS` (`CONSTRAINT_CATALOG`, `CONSTRAINT_SCHEMA`, `CONSTRAINT_NAME`, `UNIQUE_CONSTRAINT_CATALOG`, `UNIQUE_CONSTRAINT_SCHEMA`, `UNIQUE_CONSTRAINT_NAME`, `MATCH_OPTION`, `UPDATE_RULE`, `DELETE_RULE`, `TABLE_NAME`, `REFERENCED_TABLE_NAME`) VALUES
('def', 'BINFG16', 'AwardTakeAway_ibfk_1', 'def', 'BINFG16', 'PRIMARY', 'NONE', 'CASCADE', 'NO ACTION', 'AwardTakeAway', 'TakeAway'),
('def', 'BINFG16', 'Bestelling_ibfk_2', 'def', 'BINFG16', 'PRIMARY', 'NONE', 'CASCADE', 'NO ACTION', 'Bestelling', 'Klant'),
('def', 'BINFG16', 'Bestelling_ibfk_1', 'def', 'BINFG16', 'PRIMARY', 'NONE', 'RESTRICT', 'RESTRICT', 'Bestelling', 'Gemeenten'),
('def', 'BINFG16', 'Bijgerechten_ibfk_1', 'def', 'BINFG16', 'PRIMARY', 'NONE', 'RESTRICT', 'CASCADE', 'Bijgerechten', 'Menu'),
('def', 'BINFG16', 'BijgerechtenBehoortTot_ibfk_2', 'def', 'BINFG16', 'PRIMARY', 'NONE', 'RESTRICT', 'RESTRICT', 'BijgerechtenBehoortTot', 'Bestelling'),
('def', 'BINFG16', 'BijgerechtenBehoortTot_ibfk_1', 'def', 'BINFG16', 'PRIMARY', 'NONE', 'RESTRICT', 'RESTRICT', 'BijgerechtenBehoortTot', 'Bijgerechten'),
('def', 'BINFG16', 'Dranken_ibfk_1', 'def', 'BINFG16', 'PRIMARY', 'NONE', 'RESTRICT', 'CASCADE', 'Dranken', 'Menu'),
('def', 'BINFG16', 'DrankenBehoortTot_ibfk_2', 'def', 'BINFG16', 'PRIMARY', 'NONE', 'RESTRICT', 'RESTRICT', 'DrankenBehoortTot', 'Bestelling'),
('def', 'BINFG16', 'DrankenBehoortTot_ibfk_1', 'def', 'BINFG16', 'PRIMARY', 'NONE', 'RESTRICT', 'RESTRICT', 'DrankenBehoortTot', 'Dranken'),
('def', 'BINFG16', 'GeplaatstBij_ibfk_5', 'def', 'BINFG16', 'PRIMARY', 'NONE', 'RESTRICT', 'NO ACTION', 'GeplaatstBij', 'Vestiging'),
('def', 'BINFG16', 'GeplaatstBij_ibfk_4', 'def', 'BINFG16', 'PRIMARY', 'NONE', 'RESTRICT', 'RESTRICT', 'GeplaatstBij', 'Bestelling'),
('def', 'BINFG16', 'Gerechten_ibfk_1', 'def', 'BINFG16', 'PRIMARY', 'NONE', 'RESTRICT', 'CASCADE', 'Gerechten', 'Menu'),
('def', 'BINFG16', 'GerechtenBehoortTot_ibfk_2', 'def', 'BINFG16', 'PRIMARY', 'NONE', 'RESTRICT', 'RESTRICT', 'GerechtenBehoortTot', 'Bestelling'),
('def', 'BINFG16', 'GerechtenBehoortTot_ibfk_1', 'def', 'BINFG16', 'PRIMARY', 'NONE', 'RESTRICT', 'RESTRICT', 'GerechtenBehoortTot', 'Gerechten'),
('def', 'BINFG16', 'Klant_ibfk_1', 'def', 'BINFG16', 'PRIMARY', 'NONE', 'RESTRICT', 'RESTRICT', 'Klant', 'Gemeenten'),
('def', 'BINFG16', 'KortingenBestelling_ibfk_4', 'def', 'BINFG16', 'PRIMARY', 'NONE', 'RESTRICT', 'NO ACTION', 'KortingenBestelling', 'Kortingscode'),
('def', 'BINFG16', 'KortingenBestelling_ibfk_3', 'def', 'BINFG16', 'PRIMARY', 'NONE', 'RESTRICT', 'RESTRICT', 'KortingenBestelling', 'Bestelling'),
('def', 'BINFG16', 'KortingenKlant_ibfk_4', 'def', 'BINFG16', 'PRIMARY', 'NONE', 'RESTRICT', 'CASCADE', 'KortingenKlant', 'Kortingscode'),
('def', 'BINFG16', 'KortingenKlant_ibfk_3', 'def', 'BINFG16', 'PRIMARY', 'NONE', 'CASCADE', 'CASCADE', 'KortingenKlant', 'Klant'),
('def', 'BINFG16', 'Kortingscode_ibfk_4', 'def', 'BINFG16', 'PRIMARY', 'NONE', 'RESTRICT', 'CASCADE', 'Kortingscode', 'Vestiging'),
('def', 'BINFG16', 'Kortingscode_ibfk_1', 'def', 'BINFG16', 'PRIMARY', 'NONE', 'CASCADE', 'CASCADE', 'Kortingscode', 'TakeAway'),
('def', 'BINFG16', 'Kortingscode_ibfk_3', 'def', 'BINFG16', 'PRIMARY', 'NONE', 'RESTRICT', 'RESTRICT', 'Kortingscode', 'Gerechten'),
('def', 'BINFG16', 'Review_ibfk_3', 'def', 'BINFG16', 'PRIMARY', 'NONE', 'CASCADE', 'NO ACTION', 'Review', 'Klant'),
('def', 'BINFG16', 'Review_ibfk_2', 'def', 'BINFG16', 'PRIMARY', 'NONE', 'RESTRICT', 'RESTRICT', 'Review', 'Gerechten'),
('def', 'BINFG16', 'Snacks_ibfk_1', 'def', 'BINFG16', 'PRIMARY', 'NONE', 'RESTRICT', 'CASCADE', 'Snacks', 'Menu'),
('def', 'BINFG16', 'SnacksBehoortTot_ibfk_2', 'def', 'BINFG16', 'PRIMARY', 'NONE', 'RESTRICT', 'RESTRICT', 'SnacksBehoortTot', 'Bestelling'),
('def', 'BINFG16', 'SnacksBehoortTot_ibfk_1', 'def', 'BINFG16', 'PRIMARY', 'NONE', 'RESTRICT', 'RESTRICT', 'SnacksBehoortTot', 'Snacks'),
('def', 'BINFG16', 'Soort_ibfk_1', 'def', 'BINFG16', 'PRIMARY', 'NONE', 'CASCADE', 'CASCADE', 'Soort', 'TakeAway'),
('def', 'BINFG16', 'TakeAway_ibfk_1', 'def', 'BINFG16', 'PRIMARY', 'NONE', 'RESTRICT', 'RESTRICT', 'TakeAway', 'Menu'),
('def', 'BINFG16', 'Vestiging_ibfk_3', 'def', 'BINFG16', 'PRIMARY', 'NONE', 'CASCADE', 'CASCADE', 'Vestiging', 'TakeAway'),
('def', 'BINFG16', 'Vestiging_ibfk_2', 'def', 'BINFG16', 'PRIMARY', 'NONE', 'RESTRICT', 'RESTRICT', 'Vestiging', 'Gemeenten');

-- --------------------------------------------------------

--
-- Table structure for table `ROUTINES`
--

CREATE TEMPORARY TABLE `ROUTINES` (
  `SPECIFIC_NAME` varchar(64) NOT NULL DEFAULT '',
  `ROUTINE_CATALOG` varchar(512) NOT NULL DEFAULT '',
  `ROUTINE_SCHEMA` varchar(64) NOT NULL DEFAULT '',
  `ROUTINE_NAME` varchar(64) NOT NULL DEFAULT '',
  `ROUTINE_TYPE` varchar(9) NOT NULL DEFAULT '',
  `DATA_TYPE` varchar(64) NOT NULL DEFAULT '',
  `CHARACTER_MAXIMUM_LENGTH` int(21) DEFAULT NULL,
  `CHARACTER_OCTET_LENGTH` int(21) DEFAULT NULL,
  `NUMERIC_PRECISION` int(21) DEFAULT NULL,
  `NUMERIC_SCALE` int(21) DEFAULT NULL,
  `CHARACTER_SET_NAME` varchar(64) DEFAULT NULL,
  `COLLATION_NAME` varchar(64) DEFAULT NULL,
  `DTD_IDENTIFIER` longtext,
  `ROUTINE_BODY` varchar(8) NOT NULL DEFAULT '',
  `ROUTINE_DEFINITION` longtext,
  `EXTERNAL_NAME` varchar(64) DEFAULT NULL,
  `EXTERNAL_LANGUAGE` varchar(64) DEFAULT NULL,
  `PARAMETER_STYLE` varchar(8) NOT NULL DEFAULT '',
  `IS_DETERMINISTIC` varchar(3) NOT NULL DEFAULT '',
  `SQL_DATA_ACCESS` varchar(64) NOT NULL DEFAULT '',
  `SQL_PATH` varchar(64) DEFAULT NULL,
  `SECURITY_TYPE` varchar(7) NOT NULL DEFAULT '',
  `CREATED` datetime NOT NULL DEFAULT '0000-00-00 00:00:00',
  `LAST_ALTERED` datetime NOT NULL DEFAULT '0000-00-00 00:00:00',
  `SQL_MODE` varchar(8192) NOT NULL DEFAULT '',
  `ROUTINE_COMMENT` longtext NOT NULL,
  `DEFINER` varchar(77) NOT NULL DEFAULT '',
  `CHARACTER_SET_CLIENT` varchar(32) NOT NULL DEFAULT '',
  `COLLATION_CONNECTION` varchar(32) NOT NULL DEFAULT '',
  `DATABASE_COLLATION` varchar(32) NOT NULL DEFAULT ''
) ENGINE=MyISAM DEFAULT CHARSET=utf8;

--
-- Dumping data for table `ROUTINES`
--


-- --------------------------------------------------------

--
-- Table structure for table `QUERY_RESPONSE_TIME`
--

CREATE TEMPORARY TABLE `QUERY_RESPONSE_TIME` (
  `time` varchar(14) NOT NULL DEFAULT '',
  `count` int(11) unsigned NOT NULL DEFAULT '0',
  `total` varchar(14) NOT NULL DEFAULT ''
) ENGINE=MEMORY DEFAULT CHARSET=utf8;

--
-- Dumping data for table `QUERY_RESPONSE_TIME`
--

INSERT INTO `QUERY_RESPONSE_TIME` (`time`, `count`, `total`) VALUES
('      0.000001', 0, '      0.000000'),
('      0.000010', 0, '      0.000000'),
('      0.000100', 0, '      0.000000'),
('      0.001000', 0, '      0.000000'),
('      0.010000', 0, '      0.000000'),
('      0.100000', 0, '      0.000000'),
('      1.000000', 0, '      0.000000'),
('     10.000000', 0, '      0.000000'),
('    100.000000', 0, '      0.000000'),
('   1000.000000', 0, '      0.000000'),
('  10000.000000', 0, '      0.000000'),
(' 100000.000000', 0, '      0.000000'),
('1000000.000000', 0, '      0.000000'),
('TOO LONG', 0, 'TOO LONG');

-- --------------------------------------------------------

--
-- Table structure for table `SCHEMATA`
--

CREATE TEMPORARY TABLE `SCHEMATA` (
  `CATALOG_NAME` varchar(512) NOT NULL DEFAULT '',
  `SCHEMA_NAME` varchar(64) NOT NULL DEFAULT '',
  `DEFAULT_CHARACTER_SET_NAME` varchar(32) NOT NULL DEFAULT '',
  `DEFAULT_COLLATION_NAME` varchar(32) NOT NULL DEFAULT '',
  `SQL_PATH` varchar(512) DEFAULT NULL
) ENGINE=MEMORY DEFAULT CHARSET=utf8;

--
-- Dumping data for table `SCHEMATA`
--

INSERT INTO `SCHEMATA` (`CATALOG_NAME`, `SCHEMA_NAME`, `DEFAULT_CHARACTER_SET_NAME`, `DEFAULT_COLLATION_NAME`, `SQL_PATH`) VALUES
('def', 'information_schema', 'utf8', 'utf8_general_ci', NULL),
('def', 'BINFG16', 'latin1', 'latin1_swedish_ci', NULL);

-- --------------------------------------------------------

--
-- Table structure for table `SCHEMA_PRIVILEGES`
--

CREATE TEMPORARY TABLE `SCHEMA_PRIVILEGES` (
  `GRANTEE` varchar(81) NOT NULL DEFAULT '',
  `TABLE_CATALOG` varchar(512) NOT NULL DEFAULT '',
  `TABLE_SCHEMA` varchar(64) NOT NULL DEFAULT '',
  `PRIVILEGE_TYPE` varchar(64) NOT NULL DEFAULT '',
  `IS_GRANTABLE` varchar(3) NOT NULL DEFAULT ''
) ENGINE=MEMORY DEFAULT CHARSET=utf8;

--
-- Dumping data for table `SCHEMA_PRIVILEGES`
--

INSERT INTO `SCHEMA_PRIVILEGES` (`GRANTEE`, `TABLE_CATALOG`, `TABLE_SCHEMA`, `PRIVILEGE_TYPE`, `IS_GRANTABLE`) VALUES
('''BINFG16''@''mysqlp%.ugent.be''', 'def', 'BINFG16', 'SELECT', 'NO'),
('''BINFG16''@''mysqlp%.ugent.be''', 'def', 'BINFG16', 'INSERT', 'NO'),
('''BINFG16''@''mysqlp%.ugent.be''', 'def', 'BINFG16', 'UPDATE', 'NO'),
('''BINFG16''@''mysqlp%.ugent.be''', 'def', 'BINFG16', 'DELETE', 'NO'),
('''BINFG16''@''mysqlp%.ugent.be''', 'def', 'BINFG16', 'CREATE', 'NO'),
('''BINFG16''@''mysqlp%.ugent.be''', 'def', 'BINFG16', 'DROP', 'NO'),
('''BINFG16''@''mysqlp%.ugent.be''', 'def', 'BINFG16', 'REFERENCES', 'NO'),
('''BINFG16''@''mysqlp%.ugent.be''', 'def', 'BINFG16', 'INDEX', 'NO'),
('''BINFG16''@''mysqlp%.ugent.be''', 'def', 'BINFG16', 'ALTER', 'NO'),
('''BINFG16''@''mysqlp%.ugent.be''', 'def', 'BINFG16', 'CREATE TEMPORARY TABLES', 'NO'),
('''BINFG16''@''mysqlp%.ugent.be''', 'def', 'BINFG16', 'LOCK TABLES', 'NO'),
('''BINFG16''@''mysqlp%.ugent.be''', 'def', 'BINFG16', 'EXECUTE', 'NO'),
('''BINFG16''@''mysqlp%.ugent.be''', 'def', 'BINFG16', 'CREATE VIEW', 'NO'),
('''BINFG16''@''mysqlp%.ugent.be''', 'def', 'BINFG16', 'SHOW VIEW', 'NO'),
('''BINFG16''@''mysqlp%.ugent.be''', 'def', 'BINFG16', 'CREATE ROUTINE', 'NO'),
('''BINFG16''@''mysqlp%.ugent.be''', 'def', 'BINFG16', 'ALTER ROUTINE', 'NO'),
('''BINFG16''@''mysqlp%.ugent.be''', 'def', 'BINFG16', 'EVENT', 'NO'),
('''BINFG16''@''mysqlp%.ugent.be''', 'def', 'BINFG16', 'TRIGGER', 'NO');

-- --------------------------------------------------------

--
-- Table structure for table `SESSION_STATUS`
--

CREATE TEMPORARY TABLE `SESSION_STATUS` (
  `VARIABLE_NAME` varchar(64) NOT NULL DEFAULT '',
  `VARIABLE_VALUE` varchar(1024) DEFAULT NULL
) ENGINE=MEMORY DEFAULT CHARSET=utf8;

--
-- Dumping data for table `SESSION_STATUS`
--

INSERT INTO `SESSION_STATUS` (`VARIABLE_NAME`, `VARIABLE_VALUE`) VALUES
('ABORTED_CLIENTS', '166524'),
('ABORTED_CONNECTS', '2760762'),
('BINLOG_CACHE_DISK_USE', '379'),
('BINLOG_CACHE_USE', '272912'),
('BINLOG_STMT_CACHE_DISK_USE', '75'),
('BINLOG_STMT_CACHE_USE', '16115'),
('BYTES_RECEIVED', '15614'),
('BYTES_SENT', '503419'),
('COM_ADMIN_COMMANDS', '0'),
('COM_ASSIGN_TO_KEYCACHE', '0'),
('COM_ALTER_DB', '0'),
('COM_ALTER_DB_UPGRADE', '0'),
('COM_ALTER_EVENT', '0'),
('COM_ALTER_FUNCTION', '0'),
('COM_ALTER_PROCEDURE', '0'),
('COM_ALTER_SERVER', '0'),
('COM_ALTER_TABLE', '0'),
('COM_ALTER_TABLESPACE', '0'),
('COM_ANALYZE', '0'),
('COM_BEGIN', '0'),
('COM_BINLOG', '0'),
('COM_CALL_PROCEDURE', '0'),
('COM_CHANGE_DB', '2'),
('COM_CHANGE_MASTER', '0'),
('COM_CHECK', '0'),
('COM_CHECKSUM', '0'),
('COM_COMMIT', '0'),
('COM_CREATE_DB', '0'),
('COM_CREATE_EVENT', '0'),
('COM_CREATE_FUNCTION', '0'),
('COM_CREATE_INDEX', '0'),
('COM_CREATE_PROCEDURE', '0'),
('COM_CREATE_SERVER', '0'),
('COM_CREATE_TABLE', '0'),
('COM_CREATE_TRIGGER', '0'),
('COM_CREATE_UDF', '0'),
('COM_CREATE_USER', '0'),
('COM_CREATE_VIEW', '0'),
('COM_DEALLOC_SQL', '0'),
('COM_DELETE', '0'),
('COM_DELETE_MULTI', '0'),
('COM_DO', '0'),
('COM_DROP_DB', '0'),
('COM_DROP_EVENT', '0'),
('COM_DROP_FUNCTION', '0'),
('COM_DROP_INDEX', '0'),
('COM_DROP_PROCEDURE', '0'),
('COM_DROP_SERVER', '0'),
('COM_DROP_TABLE', '0'),
('COM_DROP_TRIGGER', '0'),
('COM_DROP_USER', '0'),
('COM_DROP_VIEW', '0'),
('COM_EMPTY_QUERY', '0'),
('COM_EXECUTE_SQL', '0'),
('COM_FLUSH', '0'),
('COM_GRANT', '0'),
('COM_HA_CLOSE', '0'),
('COM_HA_OPEN', '0'),
('COM_HA_READ', '0'),
('COM_HELP', '0'),
('COM_INSERT', '0'),
('COM_INSERT_SELECT', '0'),
('COM_INSTALL_PLUGIN', '0'),
('COM_KILL', '0'),
('COM_LOAD', '0'),
('COM_LOCK_TABLES', '0'),
('COM_OPTIMIZE', '0'),
('COM_PRELOAD_KEYS', '0'),
('COM_PREPARE_SQL', '0'),
('COM_PURGE', '0'),
('COM_PURGE_BEFORE_DATE', '0'),
('COM_RELEASE_SAVEPOINT', '0'),
('COM_RENAME_TABLE', '0'),
('COM_RENAME_USER', '0'),
('COM_REPAIR', '0'),
('COM_REPLACE', '0'),
('COM_REPLACE_SELECT', '0'),
('COM_RESET', '0'),
('COM_RESIGNAL', '0'),
('COM_REVOKE', '0'),
('COM_REVOKE_ALL', '0'),
('COM_ROLLBACK', '0'),
('COM_ROLLBACK_TO_SAVEPOINT', '0'),
('COM_SAVEPOINT', '0'),
('COM_SELECT', '48'),
('COM_SET_OPTION', '51'),
('COM_SIGNAL', '0'),
('COM_SHOW_AUTHORS', '0'),
('COM_SHOW_BINLOG_EVENTS', '0'),
('COM_SHOW_BINLOGS', '0'),
('COM_SHOW_CHARSETS', '0'),
('COM_SHOW_CLIENT_STATISTICS', '0'),
('COM_SHOW_COLLATIONS', '0'),
('COM_SHOW_CONTRIBUTORS', '0'),
('COM_SHOW_CREATE_DB', '0'),
('COM_SHOW_CREATE_EVENT', '0'),
('COM_SHOW_CREATE_FUNC', '0'),
('COM_SHOW_CREATE_PROC', '0'),
('COM_SHOW_CREATE_TABLE', '48'),
('COM_SHOW_CREATE_TRIGGER', '0'),
('COM_SHOW_DATABASES', '1'),
('COM_SHOW_ENGINE_LOGS', '0'),
('COM_SHOW_ENGINE_MUTEX', '0'),
('COM_SHOW_ENGINE_STATUS', '0'),
('COM_SHOW_EVENTS', '0'),
('COM_SHOW_ERRORS', '0'),
('COM_SHOW_FIELDS', '0'),
('COM_SHOW_FUNCTION_STATUS', '0'),
('COM_SHOW_GRANTS', '0'),
('COM_SHOW_INDEX_STATISTICS', '0'),
('COM_SHOW_KEYS', '0'),
('COM_SHOW_MASTER_STATUS', '0'),
('COM_SHOW_OPEN_TABLES', '0'),
('COM_SHOW_PLUGINS', '0'),
('COM_SHOW_PRIVILEGES', '0'),
('COM_SHOW_PROCEDURE_STATUS', '0'),
('COM_SHOW_PROCESSLIST', '0'),
('COM_SHOW_PROFILE', '0'),
('COM_SHOW_PROFILES', '0'),
('COM_SHOW_RELAYLOG_EVENTS', '0'),
('COM_SHOW_SLAVE_HOSTS', '0'),
('COM_SHOW_SLAVE_STATUS', '0'),
('COM_SHOW_SLAVE_STATUS_NOLOCK', '0'),
('COM_SHOW_STATUS', '0'),
('COM_SHOW_STORAGE_ENGINES', '0'),
('COM_SHOW_TABLE_STATISTICS', '0'),
('COM_SHOW_TABLE_STATUS', '92'),
('COM_SHOW_TABLES', '2'),
('COM_SHOW_TEMPORARY_TABLES', '0'),
('COM_SHOW_THREAD_STATISTICS', '0'),
('COM_SHOW_TRIGGERS', '47'),
('COM_SHOW_USER_STATISTICS', '0'),
('COM_SHOW_VARIABLES', '2'),
('COM_SHOW_WARNINGS', '0'),
('COM_SLAVE_START', '0'),
('COM_SLAVE_STOP', '0'),
('COM_STMT_CLOSE', '0'),
('COM_STMT_EXECUTE', '0'),
('COM_STMT_FETCH', '0'),
('COM_STMT_PREPARE', '0'),
('COM_STMT_REPREPARE', '0'),
('COM_STMT_RESET', '0'),
('COM_STMT_SEND_LONG_DATA', '0'),
('COM_TRUNCATE', '0'),
('COM_UNINSTALL_PLUGIN', '0'),
('COM_UNLOCK_TABLES', '0'),
('COM_UPDATE', '0'),
('COM_UPDATE_MULTI', '0'),
('COM_XA_COMMIT', '0'),
('COM_XA_END', '0'),
('COM_XA_PREPARE', '0'),
('COM_XA_RECOVER', '0'),
('COM_XA_ROLLBACK', '0'),
('COM_XA_START', '0'),
('COMPRESSION', 'OFF'),
('CONNECTIONS', '5830452'),
('CREATED_TMP_DISK_TABLES', '118'),
('CREATED_TMP_FILES', '2948'),
('CREATED_TMP_TABLES', '508'),
('DELAYED_ERRORS', '0'),
('DELAYED_INSERT_THREADS', '0'),
('DELAYED_WRITES', '0'),
('FLASHCACHE_ENABLED', 'OFF'),
('FLUSH_COMMANDS', '1422'),
('HANDLER_COMMIT', '23'),
('HANDLER_DELETE', '0'),
('HANDLER_DISCOVER', '0'),
('HANDLER_PREPARE', '0'),
('HANDLER_READ_FIRST', '25'),
('HANDLER_READ_KEY', '23'),
('HANDLER_READ_LAST', '0'),
('HANDLER_READ_NEXT', '3152'),
('HANDLER_READ_PREV', '0'),
('HANDLER_READ_RND', '0'),
('HANDLER_READ_RND_NEXT', '3796'),
('HANDLER_ROLLBACK', '0'),
('HANDLER_SAVEPOINT', '0'),
('HANDLER_SAVEPOINT_ROLLBACK', '0'),
('HANDLER_UPDATE', '0'),
('HANDLER_WRITE', '2517'),
('INNODB_ADAPTIVE_HASH_CELLS', '276671'),
('INNODB_ADAPTIVE_HASH_HEAP_BUFFERS', '195'),
('INNODB_ADAPTIVE_HASH_HASH_SEARCHES', '7701465'),
('INNODB_ADAPTIVE_HASH_NON_HASH_SEARCHES', '13161419'),
('INNODB_BACKGROUND_LOG_SYNC', '939098'),
('INNODB_BUFFER_POOL_PAGES_DATA', '7991'),
('INNODB_BUFFER_POOL_PAGES_DIRTY', '0'),
('INNODB_BUFFER_POOL_PAGES_FLUSHED', '1227406'),
('INNODB_BUFFER_POOL_PAGES_LRU_FLUSHED', '0'),
('INNODB_BUFFER_POOL_PAGES_FREE', '4'),
('INNODB_BUFFER_POOL_PAGES_MADE_NOT_YOUNG', '0'),
('INNODB_BUFFER_POOL_PAGES_MADE_YOUNG', '161044'),
('INNODB_BUFFER_POOL_PAGES_MISC', '196'),
('INNODB_BUFFER_POOL_PAGES_OLD', '2929'),
('INNODB_BUFFER_POOL_PAGES_TOTAL', '8191'),
('INNODB_BUFFER_POOL_READ_AHEAD_RND', '0'),
('INNODB_BUFFER_POOL_READ_AHEAD', '18608'),
('INNODB_BUFFER_POOL_READ_AHEAD_EVICTED', '31315'),
('INNODB_BUFFER_POOL_READ_REQUESTS', '171050480'),
('INNODB_BUFFER_POOL_READS', '106406'),
('INNODB_BUFFER_POOL_WAIT_FREE', '0'),
('INNODB_BUFFER_POOL_WRITE_REQUESTS', '52448990'),
('INNODB_CHECKPOINT_AGE', '0'),
('INNODB_CHECKPOINT_MAX_AGE', '7782360'),
('INNODB_CHECKPOINT_TARGET_AGE', '7539162'),
('INNODB_DATA_FSYNCS', '1216646'),
('INNODB_DATA_PENDING_FSYNCS', '0'),
('INNODB_DATA_PENDING_READS', '0'),
('INNODB_DATA_PENDING_WRITES', '0'),
('INNODB_DATA_READ', '2052608000'),
('INNODB_DATA_READS', '126355'),
('INNODB_DATA_WRITES', '1798340'),
('INNODB_DATA_WRITTEN', '23032607744'),
('INNODB_DBLWR_PAGES_WRITTEN', '613703'),
('INNODB_DBLWR_WRITES', '34965'),
('INNODB_DEADLOCKS', '0'),
('INNODB_DICT_TABLES', '714'),
('INNODB_HAVE_ATOMIC_BUILTINS', 'ON'),
('INNODB_HISTORY_LIST_LENGTH', '2485'),
('INNODB_IBUF_DISCARDED_DELETE_MARKS', '0'),
('INNODB_IBUF_DISCARDED_DELETES', '0'),
('INNODB_IBUF_DISCARDED_INSERTS', '0'),
('INNODB_IBUF_FREE_LIST', '0'),
('INNODB_IBUF_MERGED_DELETE_MARKS', '0'),
('INNODB_IBUF_MERGED_DELETES', '0'),
('INNODB_IBUF_MERGED_INSERTS', '11'),
('INNODB_IBUF_MERGES', '6'),
('INNODB_IBUF_SEGMENT_SIZE', '2'),
('INNODB_IBUF_SIZE', '1'),
('INNODB_LOG_WAITS', '0'),
('INNODB_LOG_WRITE_REQUESTS', '5293059'),
('INNODB_LOG_WRITES', '1114699'),
('INNODB_LSN_CURRENT', '3395245430'),
('INNODB_LSN_FLUSHED', '3395245430'),
('INNODB_LSN_LAST_CHECKPOINT', '3395245430'),
('INNODB_MASTER_THREAD_1_SECOND_LOOPS', '532122'),
('INNODB_MASTER_THREAD_10_SECOND_LOOPS', '47720'),
('INNODB_MASTER_THREAD_BACKGROUND_LOOPS', '55760'),
('INNODB_MASTER_THREAD_MAIN_FLUSH_LOOPS', '55760'),
('INNODB_MASTER_THREAD_SLEEPS', '532113'),
('INNODB_MAX_TRX_ID', '5514387'),
('INNODB_MEM_ADAPTIVE_HASH', '5428848'),
('INNODB_MEM_DICTIONARY', '4894376'),
('INNODB_MEM_TOTAL', '137887744'),
('INNODB_MUTEX_OS_WAITS', '638'),
('INNODB_MUTEX_SPIN_ROUNDS', '57996'),
('INNODB_MUTEX_SPIN_WAITS', '26141'),
('INNODB_OLDEST_VIEW_LOW_LIMIT_TRX_ID', '5514360'),
('INNODB_OS_LOG_FSYNCS', '1147091'),
('INNODB_OS_LOG_PENDING_FSYNCS', '0'),
('INNODB_OS_LOG_PENDING_WRITES', '0'),
('INNODB_OS_LOG_WRITTEN', '2906167808'),
('INNODB_PAGE_SIZE', '16384'),
('INNODB_PAGES_CREATED', '10353'),
('INNODB_PAGES_READ', '125019'),
('INNODB_PAGES_WRITTEN', '613703'),
('INNODB_PURGE_TRX_ID', '5514349'),
('INNODB_PURGE_UNDO_NO', '0'),
('INNODB_ROW_LOCK_CURRENT_WAITS', '0'),
('INNODB_CURRENT_ROW_LOCKS', '0'),
('INNODB_ROW_LOCK_TIME', '7'),
('INNODB_ROW_LOCK_TIME_AVG', '0'),
('INNODB_ROW_LOCK_TIME_MAX', '1'),
('INNODB_ROW_LOCK_WAITS', '8'),
('INNODB_ROWS_DELETED', '52048'),
('INNODB_ROWS_INSERTED', '711737'),
('INNODB_ROWS_READ', '24830015'),
('INNODB_ROWS_UPDATED', '31670'),
('INNODB_S_LOCK_OS_WAITS', '39305'),
('INNODB_S_LOCK_SPIN_ROUNDS', '1196234'),
('INNODB_S_LOCK_SPIN_WAITS', '39873'),
('INNODB_TRUNCATED_STATUS_WRITES', '0'),
('INNODB_X_LOCK_OS_WAITS', '1741'),
('INNODB_X_LOCK_SPIN_ROUNDS', '66627'),
('INNODB_X_LOCK_SPIN_WAITS', '1589'),
('KEY_BLOCKS_NOT_FLUSHED', '0'),
('KEY_BLOCKS_UNUSED', '26792'),
('KEY_BLOCKS_USED', '240'),
('KEY_READ_REQUESTS', '1105099'),
('KEY_READS', '409'),
('KEY_WRITE_REQUESTS', '573741'),
('KEY_WRITES', '24928'),
('LAST_QUERY_COST', '10.499000'),
('MAX_USED_CONNECTIONS', '201'),
('NOT_FLUSHED_DELAYED_ROWS', '0'),
('OPEN_FILES', '13'),
('OPEN_STREAMS', '0'),
('OPEN_TABLE_DEFINITIONS', '399'),
('OPEN_TABLES', '64'),
('OPENED_FILES', '3676396'),
('OPENED_TABLE_DEFINITIONS', '0'),
('OPENED_TABLES', '44'),
('PERFORMANCE_SCHEMA_COND_CLASSES_LOST', '0'),
('PERFORMANCE_SCHEMA_COND_INSTANCES_LOST', '0'),
('PERFORMANCE_SCHEMA_FILE_CLASSES_LOST', '0'),
('PERFORMANCE_SCHEMA_FILE_HANDLES_LOST', '0'),
('PERFORMANCE_SCHEMA_FILE_INSTANCES_LOST', '0'),
('PERFORMANCE_SCHEMA_LOCKER_LOST', '0'),
('PERFORMANCE_SCHEMA_MUTEX_CLASSES_LOST', '0'),
('PERFORMANCE_SCHEMA_MUTEX_INSTANCES_LOST', '0'),
('PERFORMANCE_SCHEMA_RWLOCK_CLASSES_LOST', '0'),
('PERFORMANCE_SCHEMA_RWLOCK_INSTANCES_LOST', '0'),
('PERFORMANCE_SCHEMA_TABLE_HANDLES_LOST', '0'),
('PERFORMANCE_SCHEMA_TABLE_INSTANCES_LOST', '0'),
('PERFORMANCE_SCHEMA_THREAD_CLASSES_LOST', '0'),
('PERFORMANCE_SCHEMA_THREAD_INSTANCES_LOST', '0'),
('PREPARED_STMT_COUNT', '0'),
('QCACHE_FREE_BLOCKS', '2230'),
('QCACHE_FREE_MEMORY', '9356624'),
('QCACHE_HITS', '2923380'),
('QCACHE_INSERTS', '394409'),
('QCACHE_LOWMEM_PRUNES', '7857'),
('QCACHE_NOT_CACHED', '1914867'),
('QCACHE_QUERIES_IN_CACHE', '4971'),
('QCACHE_TOTAL_BLOCKS', '12568'),
('QUERIES', '24436237'),
('QUESTIONS', '293'),
('RPL_STATUS', 'AUTH_MASTER'),
('SELECT_FULL_JOIN', '0'),
('SELECT_FULL_RANGE_JOIN', '0'),
('SELECT_RANGE', '0'),
('SELECT_RANGE_CHECK', '0'),
('SELECT_SCAN', '192'),
('SLAVE_HEARTBEAT_PERIOD', '1800.000'),
('SLAVE_OPEN_TEMP_TABLES', '0'),
('SLAVE_RECEIVED_HEARTBEATS', '2728'),
('SLAVE_RETRIED_TRANSACTIONS', '0'),
('SLAVE_RUNNING', 'ON'),
('SLOW_LAUNCH_THREADS', '0'),
('SLOW_QUERIES', '0'),
('SORT_MERGE_PASSES', '0'),
('SORT_RANGE', '0'),
('SORT_ROWS', '0'),
('SORT_SCAN', '0'),
('SSL_ACCEPT_RENEGOTIATES', '0'),
('SSL_ACCEPTS', '0'),
('SSL_CALLBACK_CACHE_HITS', '0'),
('SSL_CIPHER', ''),
('SSL_CIPHER_LIST', ''),
('SSL_CLIENT_CONNECTS', '0'),
('SSL_CONNECT_RENEGOTIATES', '0'),
('SSL_CTX_VERIFY_DEPTH', '0'),
('SSL_CTX_VERIFY_MODE', '0'),
('SSL_DEFAULT_TIMEOUT', '0'),
('SSL_FINISHED_ACCEPTS', '0'),
('SSL_FINISHED_CONNECTS', '0'),
('SSL_SESSION_CACHE_HITS', '0'),
('SSL_SESSION_CACHE_MISSES', '0'),
('SSL_SESSION_CACHE_MODE', 'NONE'),
('SSL_SESSION_CACHE_OVERFLOWS', '0'),
('SSL_SESSION_CACHE_SIZE', '0'),
('SSL_SESSION_CACHE_TIMEOUTS', '0'),
('SSL_SESSIONS_REUSED', '0'),
('SSL_USED_SESSION_CACHE_ENTRIES', '0'),
('SSL_VERIFY_DEPTH', '0'),
('SSL_VERIFY_MODE', '0'),
('SSL_VERSION', ''),
('TABLE_LOCKS_IMMEDIATE', '1403096'),
('TABLE_LOCKS_WAITED', '0'),
('TC_LOG_MAX_PAGES_USED', '0'),
('TC_LOG_PAGE_SIZE', '0'),
('TC_LOG_PAGE_WAITS', '0'),
('THREADS_CACHED', '7'),
('THREADS_CONNECTED', '3'),
('THREADS_CREATED', '102367'),
('THREADS_RUNNING', '2'),
('UPTIME', '6355897'),
('UPTIME_SINCE_FLUSH_STATUS', '6355897'),
('BINLOG_COMMITS', '289027'),
('BINLOG_GROUP_COMMITS', '289027');

-- --------------------------------------------------------

--
-- Table structure for table `SESSION_VARIABLES`
--

CREATE TEMPORARY TABLE `SESSION_VARIABLES` (
  `VARIABLE_NAME` varchar(64) NOT NULL DEFAULT '',
  `VARIABLE_VALUE` varchar(1024) DEFAULT NULL
) ENGINE=MEMORY DEFAULT CHARSET=utf8;

--
-- Dumping data for table `SESSION_VARIABLES`
--

INSERT INTO `SESSION_VARIABLES` (`VARIABLE_NAME`, `VARIABLE_VALUE`) VALUES
('MAX_PREPARED_STMT_COUNT', '16382'),
('INIT_FILE', ''),
('HAVE_CRYPT', 'YES'),
('PERFORMANCE_SCHEMA_EVENTS_WAITS_HISTORY_LONG_SIZE', '10000'),
('INNODB_VERSION', '1.1.8-rel25.2'),
('OLD_PASSWORDS', 'OFF'),
('BINLOG_DIRECT_NON_TRANSACTIONAL_UPDATES', 'OFF'),
('PERFORMANCE_SCHEMA_MAX_COND_INSTANCES', '1000'),
('TIMESTAMP', '1418342976'),
('FT_MAX_WORD_LEN', '84'),
('AUTO_INCREMENT_OFFSET', '1'),
('FT_BOOLEAN_SYNTAX', '+ -><()~*:""&|'),
('DELAYED_INSERT_TIMEOUT', '300'),
('PERFORMANCE_SCHEMA_MAX_MUTEX_INSTANCES', '1000000'),
('SLOW_QUERY_LOG', 'OFF'),
('PERFORMANCE_SCHEMA_MAX_RWLOCK_INSTANCES', '1000000'),
('SKIP_NETWORKING', 'OFF'),
('PERFORMANCE_SCHEMA_MAX_RWLOCK_CLASSES', '30'),
('BASEDIR', '/usr'),
('PERFORMANCE_SCHEMA_MAX_MUTEX_CLASSES', '200'),
('UPDATABLE_VIEWS_WITH_LIMIT', 'YES'),
('BACK_LOG', '50'),
('SLOW_LAUNCH_TIME', '2'),
('PERFORMANCE_SCHEMA_MAX_FILE_HANDLES', '32768'),
('QUERY_PREALLOC_SIZE', '8192'),
('PERFORMANCE_SCHEMA_MAX_THREAD_CLASSES', '50'),
('RELAY_LOG_INDEX', 'db1s10-relay-bin.index'),
('FT_STOPWORD_FILE', '(built-in)'),
('SQL_QUOTE_SHOW_CREATE', 'ON'),
('PERFORMANCE_SCHEMA', 'OFF'),
('QUERY_RESPONSE_TIME_STATS', 'OFF'),
('HAVE_COMPRESS', 'YES'),
('WAIT_TIMEOUT', '30'),
('LONG_QUERY_TIME', '10.000000'),
('PERFORMANCE_SCHEMA_MAX_TABLE_HANDLES', '100000'),
('CHARACTER_SETS_DIR', '/usr/share/mysql/charsets/'),
('MAX_WRITE_LOCK_COUNT', '18446744073709551615'),
('DELAY_KEY_WRITE', 'ON'),
('LOG_SLOW_SP_STATEMENTS', 'ON'),
('CHARACTER_SET_RESULTS', 'utf8'),
('MYISAM_SORT_BUFFER_SIZE', '8388608'),
('CHARACTER_SET_CONNECTION', 'utf8'),
('INNODB_ROLLBACK_SEGMENTS', '128'),
('SECURE_FILE_PRIV', ''),
('LARGE_FILES_SUPPORT', 'ON'),
('REPORT_HOST', ''),
('SQL_LOG_OFF', 'OFF'),
('EVENT_SCHEDULER', 'OFF'),
('NET_BUFFER_LENGTH', '16384'),
('PERFORMANCE_SCHEMA_MAX_THREAD_INSTANCES', '1000'),
('SKIP_SHOW_DATABASE', 'OFF'),
('LC_TIME_NAMES', 'en_US'),
('GROUP_CONCAT_MAX_LEN', '1024'),
('PERFORMANCE_SCHEMA_EVENTS_WAITS_HISTORY_SIZE', '10'),
('RANGE_ALLOC_BLOCK_SIZE', '4096'),
('MYISAM_STATS_METHOD', 'nulls_unequal'),
('INNODB_FLUSH_METHOD', ''),
('COMPLETION_TYPE', 'NO_CHAIN'),
('INNODB_LOG_FILE_SIZE', '5242880'),
('HOSTNAME', 'mysql3'),
('TRANSACTION_PREALLOC_SIZE', '4096'),
('HAVE_GEOMETRY', 'YES'),
('MYISAM_RECOVER_OPTIONS', 'BACKUP'),
('FT_QUERY_EXPANSION_LIMIT', '20'),
('THREAD_STATISTICS', 'OFF'),
('CONCURRENT_INSERT', 'AUTO'),
('LOW_PRIORITY_UPDATES', 'OFF'),
('MAX_LONG_DATA_SIZE', '16777216'),
('REPORT_PASSWORD', ''),
('JOIN_BUFFER_SIZE', '131072'),
('MAX_INSERT_DELAYED_THREADS', '20'),
('DELAYED_QUEUE_SIZE', '1000'),
('SQL_BIG_SELECTS', 'ON'),
('QUERY_CACHE_WLOCK_INVALIDATE', 'OFF'),
('TRANSACTION_ALLOC_BLOCK_SIZE', '8192'),
('BINLOG_STMT_CACHE_SIZE', '32768'),
('SLOW_QUERY_LOG_TIMESTAMP_ALWAYS', 'OFF'),
('BINLOG_CACHE_SIZE', '32768'),
('INNODB_THREAD_CONCURRENCY_TIMER_BASED', 'OFF'),
('LC_MESSAGES_DIR', '/usr/share/mysql/english/'),
('SQL_LOW_PRIORITY_UPDATES', 'OFF'),
('FOREIGN_KEY_CHECKS', 'ON'),
('INNODB_FILE_PER_TABLE', 'OFF'),
('LARGE_PAGES', 'OFF'),
('INNODB_LOG_GROUP_HOME_DIR', './'),
('LARGE_PAGE_SIZE', '0'),
('INNODB_IO_CAPACITY', '200'),
('INIT_SLAVE', ''),
('PROTOCOL_VERSION', '10'),
('MAX_BINLOG_SIZE', '104857600'),
('HAVE_SYMLINK', 'YES'),
('INNODB_LARGE_PREFIX', 'OFF'),
('SYNC_FRM', 'ON'),
('MAX_CONNECTIONS', '200'),
('INNODB_TABLE_LOCKS', 'ON'),
('SKIP_NAME_RESOLVE', 'OFF'),
('INNODB_AUTOEXTEND_INCREMENT', '8'),
('PERFORMANCE_SCHEMA_MAX_FILE_CLASSES', '50'),
('MYISAM_DATA_POINTER_SIZE', '6'),
('PSEUDO_THREAD_ID', '5830451'),
('INNODB_THREAD_SLEEP_DELAY', '10000'),
('LOG_QUERIES_NOT_USING_INDEXES', 'OFF'),
('INNODB_READ_AHEAD', 'linear'),
('LOWER_CASE_FILE_SYSTEM', 'OFF'),
('SLAVE_TRANSACTION_RETRIES', '10'),
('DATETIME_FORMAT', '%Y-%m-%d %H:%i:%s'),
('QUERY_RESPONSE_TIME_RANGE_BASE', '10'),
('MAX_HEAP_TABLE_SIZE', '16777216'),
('GENERAL_LOG', 'OFF'),
('LOCK_WAIT_TIMEOUT', '31536000'),
('INNODB_REPLICATION_DELAY', '0'),
('KEY_CACHE_AGE_THRESHOLD', '300'),
('QUERY_CACHE_MIN_RES_UNIT', '4096'),
('NET_RETRY_COUNT', '10'),
('SORT_BUFFER_SIZE', '2097152'),
('LOG_WARNINGS', '1'),
('INNODB_ROLLBACK_ON_TIMEOUT', 'OFF'),
('BULK_INSERT_BUFFER_SIZE', '8388608'),
('INNODB_USE_GLOBAL_FLUSH_LOG_AT_TRX_COMMIT', 'ON'),
('DELAYED_INSERT_LIMIT', '100'),
('INNODB_ADDITIONAL_MEM_POOL_SIZE', '8388608'),
('CHARACTER_SET_SERVER', 'latin1'),
('READ_RND_BUFFER_SIZE', '262144'),
('MAX_ALLOWED_PACKET', '16777216'),
('INNODB_FILE_FORMAT', 'Antelope'),
('TABLE_OPEN_CACHE', '64'),
('BIG_TABLES', 'OFF'),
('MAX_LENGTH_FOR_SORT_DATA', '1024'),
('SQL_SELECT_LIMIT', '18446744073709551615'),
('OPTIMIZER_SWITCH', 'index_merge=on,index_merge_union=on,index_merge_sort_union=on,index_merge_intersection=on,engine_condition_pushdown=on'),
('INNODB_CORRUPT_TABLE_ACTION', 'assert'),
('FLUSH', 'OFF'),
('INNODB_FLUSH_NEIGHBOR_PAGES', 'area'),
('METADATA_LOCKS_CACHE_SIZE', '1024'),
('RAND_SEED1', '0'),
('AUTOCOMMIT', 'ON'),
('INNODB_DATA_FILE_PATH', 'ibdata1:10M:autoextend'),
('PROXY_USER', ''),
('INNODB_LAZY_DROP_TABLE', '0'),
('OPTIMIZER_FIX', 'ON'),
('PROFILING', 'OFF'),
('READ_BUFFER_SIZE', '131072'),
('INNODB_STRICT_MODE', 'OFF'),
('MAX_BINLOG_CACHE_SIZE', '18446744073709547520'),
('INNODB_BUFFER_POOL_SHM_CHECKSUM', 'ON'),
('MAX_CONNECT_ERRORS', '999999999'),
('GENERAL_LOG_FILE', '/db1s10/data/mysql3.log'),
('COLLATION_SERVER', 'latin1_swedish_ci'),
('PERFORMANCE_SCHEMA_MAX_COND_CLASSES', '80'),
('FLUSH_TIME', '0'),
('LOG_SLOW_VERBOSITY', ''),
('NET_WRITE_TIMEOUT', '60'),
('TMPDIR', '/db1s10/tmp'),
('OPTIMIZER_SEARCH_DEPTH', '62'),
('EXPIRE_LOGS_DAYS', '10'),
('LOG_BIN', 'ON'),
('HAVE_PARTITIONING', 'YES'),
('THREAD_STACK', '196608'),
('LOG_SLOW_RATE_TYPE', 'session'),
('MAX_SEEKS_FOR_KEY', '18446744073709551615'),
('INNODB_KILL_IDLE_TRANSACTION', '0'),
('SSL_CA', ''),
('INNODB_AUTOINC_LOCK_MODE', '1'),
('READ_ONLY', 'OFF'),
('INNODB_COMMIT_CONCURRENCY', '0'),
('QUERY_CACHE_SIZE', '16777216'),
('INNODB_MIRRORED_LOG_GROUPS', '1'),
('HAVE_RESPONSE_TIME_DISTRIBUTION', 'YES'),
('INNODB_PURGE_BATCH_SIZE', '20'),
('SQL_MAX_JOIN_SIZE', '18446744073709551615'),
('VERSION', '5.5.22-55-log'),
('LOWER_CASE_TABLE_NAMES', '0'),
('INNODB_SUPPORT_XA', 'ON'),
('CHARACTER_SET_SYSTEM', 'utf8'),
('INNODB_SYNC_SPIN_LOOPS', '30'),
('QUERY_ALLOC_BLOCK_SIZE', '8192'),
('INNODB_BLOCKING_BUFFER_POOL_RESTORE', 'OFF'),
('MIN_EXAMINED_ROW_LIMIT', '0'),
('INNODB_SHOW_LOCKS_HELD', '10'),
('CHARACTER_SET_FILESYSTEM', 'binary'),
('INNODB_ADAPTIVE_HASH_INDEX', 'ON'),
('SSL_CAPATH', ''),
('INNODB_IBUF_ACCEL_RATE', '100'),
('VERSION_COMMENT', 'Percona Server (GPL), Release 25.2'),
('DIV_PRECISION_INCREMENT', '4'),
('SKIP_EXTERNAL_LOCKING', 'ON'),
('INNODB_IBUF_MAX_SIZE', '67092480'),
('SLAVE_COMPRESSED_PROTOCOL', 'OFF'),
('INNODB_DATA_HOME_DIR', ''),
('DATADIR', '/db1s10/data/'),
('INNODB_READ_IO_THREADS', '4'),
('SYSTEM_TIME_ZONE', 'CEST'),
('INNODB_CHECKPOINT_AGE_TARGET', '0'),
('OPTIMIZER_PRUNE_LEVEL', '1'),
('INNODB_BUFFER_POOL_INSTANCES', '1'),
('QUERY_CACHE_STRIP_COMMENTS', 'OFF'),
('INNODB_FORCE_RECOVERY', '0'),
('TIMED_MUTEXES', 'OFF'),
('INNODB_LOG_FILES_IN_GROUP', '2'),
('EXTERNAL_USER', ''),
('ERROR_COUNT', '0'),
('OLD', 'OFF'),
('HAVE_DYNAMIC_LOADING', 'YES'),
('CHARACTER_SET_DATABASE', 'latin1'),
('SYNC_BINLOG', '1'),
('HAVE_QUERY_CACHE', 'YES'),
('RELAY_LOG_SPACE_LIMIT', '0'),
('VERSION_COMPILE_MACHINE', 'x86_64'),
('INNODB_OPEN_FILES', '300'),
('TABLE_DEFINITION_CACHE', '400'),
('INNODB_IMPORT_TABLE_FROM_XTRABACKUP', '0'),
('ENGINE_CONDITION_PUSHDOWN', 'ON'),
('INNODB_READ_AHEAD_THRESHOLD', '56'),
('LOG', 'OFF'),
('INNODB_ADAPTIVE_FLUSHING_METHOD', 'estimate'),
('TMP_TABLE_SIZE', '16777216'),
('KEY_BUFFER_SIZE', '33554432'),
('THREAD_HANDLING', 'one-thread-per-connection'),
('HAVE_NDBCLUSTER', 'NO'),
('QUERY_CACHE_TYPE', 'ON'),
('LAST_INSERT_ID', '0'),
('SQL_BIG_TABLES', 'OFF'),
('INNODB_STATS_METHOD', 'nulls_equal'),
('INIT_CONNECT', ''),
('INNODB_FAST_SHUTDOWN', '1'),
('MAX_SP_RECURSION_DEPTH', '0'),
('INNODB_RECOVERY_UPDATE_RELAY_LOG', 'OFF'),
('REPORT_PORT', '3306'),
('INNODB_THREAD_CONCURRENCY', '0'),
('SSL_CIPHER', ''),
('SLAVE_NET_TIMEOUT', '3600'),
('SLAVE_EXEC_MODE', 'STRICT'),
('INNODB_STATS_SAMPLE_PAGES', '8'),
('NEW', 'OFF'),
('LOCAL_INFILE', 'ON'),
('SQL_MODE', ''),
('HAVE_RTREE_KEYS', 'YES'),
('LOG_SLOW_ADMIN_STATEMENTS', 'OFF'),
('INNODB_BUFFER_POOL_RESTORE_AT_STARTUP', '0'),
('BINLOG_FORMAT', 'STATEMENT'),
('OLD_ALTER_TABLE', 'OFF'),
('MAX_USER_CONNECTIONS', '0'),
('INNODB_PAGE_SIZE', '16384'),
('KEEP_FILES_ON_CREATE', 'OFF'),
('EXPAND_FAST_INDEX_CREATION', 'OFF'),
('PID_FILE', '/var/run/mysqld/db1s10.pid'),
('RELAY_LOG_RECOVERY', 'OFF'),
('CHARACTER_SET_CLIENT', 'utf8'),
('MAX_DELAYED_THREADS', '20'),
('AUTO_INCREMENT_INCREMENT', '10'),
('SLOW_QUERY_LOG_USE_GLOBAL_CONTROL', ''),
('NET_READ_TIMEOUT', '30'),
('INNODB_FLUSH_LOG_AT_TRX_COMMIT', '1'),
('MAX_JOIN_SIZE', '18446744073709551615'),
('MAX_RELAY_LOG_SIZE', '0'),
('SECURE_AUTH', 'OFF'),
('INNODB_RANDOM_READ_AHEAD', 'OFF'),
('KEY_CACHE_BLOCK_SIZE', '1024'),
('CONNECT_TIMEOUT', '10'),
('HAVE_CSV', 'YES'),
('PORT', '3306'),
('HAVE_INNODB', 'YES'),
('QUERY_CACHE_LIMIT', '1048576'),
('PRELOAD_BUFFER_SIZE', '32768'),
('LOG_BIN_TRUST_FUNCTION_CREATORS', 'OFF'),
('FAST_INDEX_CREATION', 'ON'),
('INNODB_FORCE_LOAD_CORRUPTED', 'OFF'),
('TX_ISOLATION', 'REPEATABLE-READ'),
('HAVE_OPENSSL', 'DISABLED'),
('LOG_ERROR', '/db1s10/data/mysql3.err'),
('MAX_BINLOG_STMT_CACHE_SIZE', '18446744073709547520'),
('LOG_SLOW_FILTER', ''),
('PERFORMANCE_SCHEMA_MAX_FILE_INSTANCES', '10000'),
('COLLATION_CONNECTION', 'utf8_general_ci'),
('INNODB_SPIN_WAIT_DELAY', '6'),
('IGNORE_BUILTIN_INNODB', 'OFF'),
('INNODB_ADAPTIVE_HASH_INDEX_PARTITIONS', '1'),
('LOG_WARNINGS_SUPPRESS', ''),
('DEFAULT_STORAGE_ENGINE', 'InnoDB'),
('STORED_PROGRAM_CACHE', '256'),
('INNODB_LOCK_WAIT_TIMEOUT', '50'),
('VERSION_COMPILE_OS', 'Linux'),
('INNODB_OLD_BLOCKS_TIME', '0'),
('LICENSE', 'GPL'),
('RPL_RECOVERY_RANK', '0'),
('SQL_WARNINGS', 'OFF'),
('SYNC_RELAY_LOG', '1'),
('MYISAM_MMAP_SIZE', '18446744073709551615'),
('USERSTAT', 'OFF'),
('RELAY_LOG', 'db1s10-relay-bin'),
('LOCKED_IN_MEMORY', 'OFF'),
('PLUGIN_DIR', '/usr/lib/mysql/plugin/'),
('TIME_FORMAT', '%H:%i:%s'),
('LOG_SLOW_QUERIES', 'OFF'),
('KEY_CACHE_DIVISION_LIMIT', '100'),
('INNODB_BUFFER_POOL_SHM_KEY', '0'),
('SSL_KEY', ''),
('LC_MESSAGES', 'en_US'),
('MAX_TMP_TABLES', '32'),
('RELAY_LOG_INFO_FILE', 'relay-log.info'),
('SLAVE_SKIP_ERRORS', 'OFF'),
('MAX_SORT_LENGTH', '1024'),
('INSERT_ID', '0'),
('COLLATION_DATABASE', 'latin1_swedish_ci'),
('RELAY_LOG_PURGE', 'ON'),
('SLOW_QUERY_LOG_FILE', '/db1s10/data/mysql3-slow.log'),
('INNODB_USE_SYS_STATS_TABLE', 'OFF'),
('SQL_SLAVE_SKIP_COUNTER', '0'),
('INNODB_FAKE_CHANGES', 'OFF'),
('SLOW_QUERY_LOG_TIMESTAMP_PRECISION', 'second'),
('INNODB_LOG_BUFFER_SIZE', '8388608'),
('OPEN_FILES_LIMIT', '1024'),
('INNODB_STATS_UPDATE_NEED_LOCK', '1'),
('DATE_FORMAT', '%Y-%m-%d'),
('INNODB_MAX_PURGE_LAG', '0'),
('INNODB_RECOVERY_STATS', 'OFF'),
('MYISAM_MAX_SORT_FILE_SIZE', '9223372036853727232'),
('REPORT_USER', ''),
('SLAVE_TYPE_CONVERSIONS', ''),
('INNODB_DOUBLEWRITE_FILE', ''),
('SQL_NOTES', 'ON'),
('INNODB_CHECKSUMS', 'ON'),
('STORAGE_ENGINE', 'InnoDB'),
('INNODB_LOCKS_UNSAFE_FOR_BINLOG', 'OFF'),
('HAVE_SSL', 'DISABLED'),
('MYISAM_USE_MMAP', 'OFF'),
('INNODB_IBUF_ACTIVE_CONTRACT', '1'),
('INNODB_CONCURRENCY_TICKETS', '500'),
('LOG_SLOW_SLAVE_STATEMENTS', 'OFF'),
('SQL_SAFE_UPDATES', 'OFF'),
('LOG_SLAVE_UPDATES', 'ON'),
('LOG_SLOW_RATE_LIMIT', '1'),
('INNODB_DICT_SIZE_LIMIT', '0'),
('SYNC_MASTER_INFO', '0'),
('INNODB_DOUBLEWRITE', 'ON'),
('WARNING_COUNT', '0'),
('INNODB_STATS_AUTO_UPDATE', '1'),
('INNODB_BUFFER_POOL_SIZE', '134217728'),
('DEFAULT_WEEK_FORMAT', '0'),
('INNODB_FILE_FORMAT_MAX', 'Antelope'),
('LOG_OUTPUT', 'FILE'),
('INNODB_FAST_CHECKSUM', 'OFF'),
('PERFORMANCE_SCHEMA_MAX_TABLE_INSTANCES', '50000'),
('SOCKET', '/var/run/mysqld/db1s10.sock'),
('INNODB_USE_NATIVE_AIO', 'ON'),
('IDENTITY', '0'),
('SLAVE_LOAD_TMPDIR', '/db1s10/tmp'),
('INNODB_LOG_BLOCK_SIZE', '512'),
('TIME_ZONE', 'SYSTEM'),
('SQL_LOG_BIN', 'ON'),
('RAND_SEED2', '0'),
('INNODB_WRITE_IO_THREADS', '4'),
('INNODB_ADAPTIVE_FLUSHING', 'ON'),
('MYISAM_REPAIR_THREADS', '1'),
('FT_MIN_WORD_LEN', '4'),
('INTERACTIVE_TIMEOUT', '28800'),
('AUTOMATIC_SP_PRIVILEGES', 'ON'),
('INNODB_SHOW_VERBOSE_LOCKS', '0'),
('SERVER_ID', '1'),
('SQL_AUTO_IS_NULL', 'OFF'),
('SQL_BUFFER_RESULT', 'OFF'),
('INNODB_FILE_FORMAT_CHECK', 'ON'),
('THREAD_CACHE_SIZE', '8'),
('MULTI_RANGE_COUNT', '256'),
('SYNC_RELAY_LOG_INFO', '0'),
('INNODB_USE_SYS_MALLOC', 'ON'),
('SSL_CERT', ''),
('INNODB_MAX_DIRTY_PAGES_PCT', '75'),
('MAX_ERROR_COUNT', '64'),
('HAVE_PROFILING', 'YES'),
('INNODB_STATS_ON_METADATA', 'ON'),
('THREAD_CONCURRENCY', '10'),
('UNIQUE_CHECKS', 'ON'),
('INNODB_OLD_BLOCKS_PCT', '37'),
('PROFILING_HISTORY_SIZE', '15'),
('INNODB_PURGE_THREADS', '1'),
('INNODB_CHANGE_BUFFERING', 'all');

-- --------------------------------------------------------

--
-- Table structure for table `STATISTICS`
--

CREATE TEMPORARY TABLE `STATISTICS` (
  `TABLE_CATALOG` varchar(512) NOT NULL DEFAULT '',
  `TABLE_SCHEMA` varchar(64) NOT NULL DEFAULT '',
  `TABLE_NAME` varchar(64) NOT NULL DEFAULT '',
  `NON_UNIQUE` bigint(1) NOT NULL DEFAULT '0',
  `INDEX_SCHEMA` varchar(64) NOT NULL DEFAULT '',
  `INDEX_NAME` varchar(64) NOT NULL DEFAULT '',
  `SEQ_IN_INDEX` bigint(2) NOT NULL DEFAULT '0',
  `COLUMN_NAME` varchar(64) NOT NULL DEFAULT '',
  `COLLATION` varchar(1) DEFAULT NULL,
  `CARDINALITY` bigint(21) DEFAULT NULL,
  `SUB_PART` bigint(3) DEFAULT NULL,
  `PACKED` varchar(10) DEFAULT NULL,
  `NULLABLE` varchar(3) NOT NULL DEFAULT '',
  `INDEX_TYPE` varchar(16) NOT NULL DEFAULT '',
  `COMMENT` varchar(16) DEFAULT NULL,
  `INDEX_COMMENT` varchar(1024) NOT NULL DEFAULT ''
) ENGINE=MEMORY DEFAULT CHARSET=utf8;

--
-- Dumping data for table `STATISTICS`
--

INSERT INTO `STATISTICS` (`TABLE_CATALOG`, `TABLE_SCHEMA`, `TABLE_NAME`, `NON_UNIQUE`, `INDEX_SCHEMA`, `INDEX_NAME`, `SEQ_IN_INDEX`, `COLUMN_NAME`, `COLLATION`, `CARDINALITY`, `SUB_PART`, `PACKED`, `NULLABLE`, `INDEX_TYPE`, `COMMENT`, `INDEX_COMMENT`) VALUES
('def', 'BINFG16', 'AwardGerecht', 0, 'BINFG16', 'PRIMARY', 1, 'awardGerechtID', 'A', 1, NULL, NULL, '', 'BTREE', '', ''),
('def', 'BINFG16', 'AwardGerecht', 1, 'BINFG16', 'naamGerecht', 1, 'naamGerecht', 'A', 1, NULL, NULL, '', 'BTREE', '', ''),
('def', 'BINFG16', 'AwardGerecht', 1, 'BINFG16', 'naamGerecht', 2, 'menuID', 'A', 1, NULL, NULL, '', 'BTREE', '', ''),
('def', 'BINFG16', 'AwardTakeAway', 0, 'BINFG16', 'PRIMARY', 1, 'awardTakeAwayID', 'A', 3, NULL, NULL, '', 'BTREE', '', ''),
('def', 'BINFG16', 'AwardTakeAway', 1, 'BINFG16', 'naamTakeAway', 1, 'naamTakeAway', 'A', 3, NULL, NULL, '', 'BTREE', '', ''),
('def', 'BINFG16', 'Bestelling', 0, 'BINFG16', 'PRIMARY', 1, 'bestellingsID', 'A', 59, NULL, NULL, '', 'BTREE', '', ''),
('def', 'BINFG16', 'Bestelling', 1, 'BINFG16', 'postcode', 1, 'postcode', 'A', 14, NULL, NULL, '', 'BTREE', '', ''),
('def', 'BINFG16', 'Bestelling', 1, 'BINFG16', 'postcode', 2, 'gemeente', 'A', 14, NULL, NULL, '', 'BTREE', '', ''),
('def', 'BINFG16', 'Bestelling', 1, 'BINFG16', 'klantLogin', 1, 'klantLogin', 'A', 59, NULL, NULL, '', 'BTREE', '', ''),
('def', 'BINFG16', 'Bijgerechten', 0, 'BINFG16', 'PRIMARY', 1, 'naamBijgerecht', 'A', 131, NULL, NULL, '', 'BTREE', '', ''),
('def', 'BINFG16', 'Bijgerechten', 0, 'BINFG16', 'PRIMARY', 2, 'menuID', 'A', 131, NULL, NULL, '', 'BTREE', '', ''),
('def', 'BINFG16', 'Bijgerechten', 1, 'BINFG16', 'menuID', 1, 'menuID', 'A', 131, NULL, NULL, '', 'BTREE', '', ''),
('def', 'BINFG16', 'BijgerechtenBehoortTot', 0, 'BINFG16', 'PRIMARY', 1, 'naamBijgerecht', 'A', 32, NULL, NULL, '', 'BTREE', '', ''),
('def', 'BINFG16', 'BijgerechtenBehoortTot', 0, 'BINFG16', 'PRIMARY', 2, 'menuID', 'A', 32, NULL, NULL, '', 'BTREE', '', ''),
('def', 'BINFG16', 'BijgerechtenBehoortTot', 0, 'BINFG16', 'PRIMARY', 3, 'bestellingsID', 'A', 32, NULL, NULL, '', 'BTREE', '', ''),
('def', 'BINFG16', 'BijgerechtenBehoortTot', 1, 'BINFG16', 'menuID', 1, 'menuID', 'A', 32, NULL, NULL, '', 'BTREE', '', ''),
('def', 'BINFG16', 'BijgerechtenBehoortTot', 1, 'BINFG16', 'bestellingsID', 1, 'bestellingsID', 'A', 32, NULL, NULL, '', 'BTREE', '', ''),
('def', 'BINFG16', 'Dranken', 0, 'BINFG16', 'PRIMARY', 1, 'naamDrank', 'A', 204, NULL, NULL, '', 'BTREE', '', ''),
('def', 'BINFG16', 'Dranken', 0, 'BINFG16', 'PRIMARY', 2, 'menuID', 'A', 204, NULL, NULL, '', 'BTREE', '', ''),
('def', 'BINFG16', 'Dranken', 1, 'BINFG16', 'menuID', 1, 'menuID', 'A', 68, NULL, NULL, '', 'BTREE', '', ''),
('def', 'BINFG16', 'DrankenBehoortTot', 0, 'BINFG16', 'PRIMARY', 1, 'naamDrank', 'A', 36, NULL, NULL, '', 'BTREE', '', ''),
('def', 'BINFG16', 'DrankenBehoortTot', 0, 'BINFG16', 'PRIMARY', 2, 'menuID', 'A', 36, NULL, NULL, '', 'BTREE', '', ''),
('def', 'BINFG16', 'DrankenBehoortTot', 0, 'BINFG16', 'PRIMARY', 3, 'bestellingsID', 'A', 36, NULL, NULL, '', 'BTREE', '', ''),
('def', 'BINFG16', 'DrankenBehoortTot', 1, 'BINFG16', 'bestellingsID', 1, 'bestellingsID', 'A', 36, NULL, NULL, '', 'BTREE', '', ''),
('def', 'BINFG16', 'Gemeenten', 0, 'BINFG16', 'PRIMARY', 1, 'postcode', 'A', 3050, NULL, NULL, '', 'BTREE', '', ''),
('def', 'BINFG16', 'Gemeenten', 0, 'BINFG16', 'PRIMARY', 2, 'gemeente', 'A', 3050, NULL, NULL, '', 'BTREE', '', ''),
('def', 'BINFG16', 'GeplaatstBij', 0, 'BINFG16', 'PRIMARY', 1, 'vestigingsID', 'A', 59, NULL, NULL, '', 'BTREE', '', ''),
('def', 'BINFG16', 'GeplaatstBij', 0, 'BINFG16', 'PRIMARY', 2, 'bestellingsID', 'A', 59, NULL, NULL, '', 'BTREE', '', ''),
('def', 'BINFG16', 'GeplaatstBij', 1, 'BINFG16', 'bestellingsID', 1, 'bestellingsID', 'A', 59, NULL, NULL, '', 'BTREE', '', ''),
('def', 'BINFG16', 'Gerechten', 0, 'BINFG16', 'PRIMARY', 1, 'naamGerecht', 'A', 335, NULL, NULL, '', 'BTREE', '', ''),
('def', 'BINFG16', 'Gerechten', 0, 'BINFG16', 'PRIMARY', 2, 'menuID', 'A', 335, NULL, NULL, '', 'BTREE', '', ''),
('def', 'BINFG16', 'Gerechten', 1, 'BINFG16', 'menuID', 1, 'menuID', 'A', 83, NULL, NULL, '', 'BTREE', '', ''),
('def', 'BINFG16', 'GerechtenBehoortTot', 0, 'BINFG16', 'PRIMARY', 1, 'naamGerecht', 'A', 92, NULL, NULL, '', 'BTREE', '', ''),
('def', 'BINFG16', 'GerechtenBehoortTot', 0, 'BINFG16', 'PRIMARY', 2, 'menuID', 'A', 92, NULL, NULL, '', 'BTREE', '', ''),
('def', 'BINFG16', 'GerechtenBehoortTot', 0, 'BINFG16', 'PRIMARY', 3, 'bestellingsID', 'A', 92, NULL, NULL, '', 'BTREE', '', ''),
('def', 'BINFG16', 'GerechtenBehoortTot', 1, 'BINFG16', 'bestellingsID', 1, 'bestellingsID', 'A', 92, NULL, NULL, '', 'BTREE', '', ''),
('def', 'BINFG16', 'Klant', 0, 'BINFG16', 'PRIMARY', 1, 'klantLogin', 'A', 29, NULL, NULL, '', 'BTREE', '', ''),
('def', 'BINFG16', 'Klant', 1, 'BINFG16', 'postcode', 1, 'postcode', 'A', 29, NULL, NULL, '', 'BTREE', '', ''),
('def', 'BINFG16', 'Klant', 1, 'BINFG16', 'postcode', 2, 'gemeente', 'A', 29, NULL, NULL, '', 'BTREE', '', ''),
('def', 'BINFG16', 'KortingenBestelling', 0, 'BINFG16', 'PRIMARY', 1, 'bestellingsID', 'A', 1, NULL, NULL, '', 'BTREE', '', ''),
('def', 'BINFG16', 'KortingenBestelling', 0, 'BINFG16', 'PRIMARY', 2, 'codecombinatie', 'A', 1, NULL, NULL, '', 'BTREE', '', ''),
('def', 'BINFG16', 'KortingenBestelling', 1, 'BINFG16', 'codecombinatie', 1, 'codecombinatie', 'A', 1, NULL, NULL, '', 'BTREE', '', ''),
('def', 'BINFG16', 'KortingenKlant', 0, 'BINFG16', 'PRIMARY', 1, 'klantLogin', 'A', 24, NULL, NULL, '', 'BTREE', '', ''),
('def', 'BINFG16', 'KortingenKlant', 0, 'BINFG16', 'PRIMARY', 2, 'codecombinatie', 'A', 24, NULL, NULL, '', 'BTREE', '', ''),
('def', 'BINFG16', 'KortingenKlant', 1, 'BINFG16', 'codecombinatie', 1, 'codecombinatie', 'A', 24, NULL, NULL, '', 'BTREE', '', ''),
('def', 'BINFG16', 'Kortingscode', 0, 'BINFG16', 'PRIMARY', 1, 'codecombinatie', 'A', 48, NULL, NULL, '', 'BTREE', '', ''),
('def', 'BINFG16', 'Kortingscode', 1, 'BINFG16', 'naamTakeAway', 1, 'naamTakeAway', 'A', 4, NULL, NULL, 'YES', 'BTREE', '', ''),
('def', 'BINFG16', 'Kortingscode', 1, 'BINFG16', 'naamGerecht', 1, 'naamGerecht', 'A', 24, NULL, NULL, 'YES', 'BTREE', '', ''),
('def', 'BINFG16', 'Kortingscode', 1, 'BINFG16', 'naamGerecht', 2, 'menuID', 'A', 24, NULL, NULL, 'YES', 'BTREE', '', ''),
('def', 'BINFG16', 'Kortingscode', 1, 'BINFG16', 'vestigingsID', 1, 'vestigingsID', 'A', 8, NULL, NULL, 'YES', 'BTREE', '', ''),
('def', 'BINFG16', 'Leveringsgebied', 0, 'BINFG16', 'PRIMARY', 1, 'vestigingsID', 'A', 190, NULL, NULL, '', 'BTREE', '', ''),
('def', 'BINFG16', 'Leveringsgebied', 0, 'BINFG16', 'PRIMARY', 2, 'postcode', 'A', 190, NULL, NULL, '', 'BTREE', '', ''),
('def', 'BINFG16', 'Leveringsgebied', 0, 'BINFG16', 'PRIMARY', 3, 'gemeente', 'A', 190, NULL, NULL, '', 'BTREE', '', ''),
('def', 'BINFG16', 'Menu', 0, 'BINFG16', 'PRIMARY', 1, 'menuID', 'A', 43, NULL, NULL, '', 'BTREE', '', ''),
('def', 'BINFG16', 'Review', 0, 'BINFG16', 'PRIMARY', 1, 'reviewID', 'A', 23, NULL, NULL, '', 'BTREE', '', ''),
('def', 'BINFG16', 'Review', 1, 'BINFG16', 'naamGerecht', 1, 'naamGerecht', 'A', 23, NULL, NULL, '', 'BTREE', '', ''),
('def', 'BINFG16', 'Review', 1, 'BINFG16', 'naamGerecht', 2, 'menuID', 'A', 23, NULL, NULL, '', 'BTREE', '', ''),
('def', 'BINFG16', 'Review', 1, 'BINFG16', 'klantLogin', 1, 'klantLogin', 'A', 23, NULL, NULL, '', 'BTREE', '', ''),
('def', 'BINFG16', 'Snacks', 0, 'BINFG16', 'PRIMARY', 1, 'naamSnack', 'A', 99, NULL, NULL, '', 'BTREE', '', ''),
('def', 'BINFG16', 'Snacks', 0, 'BINFG16', 'PRIMARY', 2, 'menuID', 'A', 99, NULL, NULL, '', 'BTREE', '', ''),
('def', 'BINFG16', 'Snacks', 1, 'BINFG16', 'menuID', 1, 'menuID', 'A', 99, NULL, NULL, '', 'BTREE', '', ''),
('def', 'BINFG16', 'SnacksBehoortTot', 0, 'BINFG16', 'PRIMARY', 1, 'naamSnack', 'A', 30, NULL, NULL, '', 'BTREE', '', ''),
('def', 'BINFG16', 'SnacksBehoortTot', 0, 'BINFG16', 'PRIMARY', 2, 'menuID', 'A', 30, NULL, NULL, '', 'BTREE', '', ''),
('def', 'BINFG16', 'SnacksBehoortTot', 0, 'BINFG16', 'PRIMARY', 3, 'bestellingsID', 'A', 30, NULL, NULL, '', 'BTREE', '', ''),
('def', 'BINFG16', 'SnacksBehoortTot', 1, 'BINFG16', 'bestellingsID', 1, 'bestellingsID', 'A', 30, NULL, NULL, '', 'BTREE', '', ''),
('def', 'BINFG16', 'Soort', 0, 'BINFG16', 'PRIMARY', 1, 'naamTakeAway', 'A', 61, NULL, NULL, '', 'BTREE', '', ''),
('def', 'BINFG16', 'Soort', 0, 'BINFG16', 'PRIMARY', 2, 'categorie', 'A', 61, NULL, NULL, '', 'BTREE', '', ''),
('def', 'BINFG16', 'TakeAway', 0, 'BINFG16', 'PRIMARY', 1, 'naamTakeAway', 'A', 35, NULL, NULL, '', 'BTREE', '', ''),
('def', 'BINFG16', 'TakeAway', 1, 'BINFG16', 'menuID', 1, 'menuID', 'A', 35, NULL, NULL, '', 'BTREE', '', ''),
('def', 'BINFG16', 'Vestiging', 0, 'BINFG16', 'PRIMARY', 1, 'vestigingsID', 'A', 83, NULL, NULL, '', 'BTREE', '', ''),
('def', 'BINFG16', 'Vestiging', 1, 'BINFG16', 'postcode', 1, 'postcode', 'A', 83, NULL, NULL, '', 'BTREE', '', ''),
('def', 'BINFG16', 'Vestiging', 1, 'BINFG16', 'postcode', 2, 'gemeente', 'A', 83, NULL, NULL, '', 'BTREE', '', ''),
('def', 'BINFG16', 'Vestiging', 1, 'BINFG16', 'naamTakeAway', 1, 'naamTakeAway', 'A', 83, NULL, NULL, '', 'BTREE', '', '');

-- --------------------------------------------------------

--
-- Table structure for table `TABLES`
--

CREATE TEMPORARY TABLE `TABLES` (
  `TABLE_CATALOG` varchar(512) NOT NULL DEFAULT '',
  `TABLE_SCHEMA` varchar(64) NOT NULL DEFAULT '',
  `TABLE_NAME` varchar(64) NOT NULL DEFAULT '',
  `TABLE_TYPE` varchar(64) NOT NULL DEFAULT '',
  `ENGINE` varchar(64) DEFAULT NULL,
  `VERSION` bigint(21) unsigned DEFAULT NULL,
  `ROW_FORMAT` varchar(10) DEFAULT NULL,
  `TABLE_ROWS` bigint(21) unsigned DEFAULT NULL,
  `AVG_ROW_LENGTH` bigint(21) unsigned DEFAULT NULL,
  `DATA_LENGTH` bigint(21) unsigned DEFAULT NULL,
  `MAX_DATA_LENGTH` bigint(21) unsigned DEFAULT NULL,
  `INDEX_LENGTH` bigint(21) unsigned DEFAULT NULL,
  `DATA_FREE` bigint(21) unsigned DEFAULT NULL,
  `AUTO_INCREMENT` bigint(21) unsigned DEFAULT NULL,
  `CREATE_TIME` datetime DEFAULT NULL,
  `UPDATE_TIME` datetime DEFAULT NULL,
  `CHECK_TIME` datetime DEFAULT NULL,
  `TABLE_COLLATION` varchar(32) DEFAULT NULL,
  `CHECKSUM` bigint(21) unsigned DEFAULT NULL,
  `CREATE_OPTIONS` varchar(255) DEFAULT NULL,
  `TABLE_COMMENT` varchar(2048) NOT NULL DEFAULT ''
) ENGINE=MEMORY DEFAULT CHARSET=utf8;

--
-- Dumping data for table `TABLES`
--

INSERT INTO `TABLES` (`TABLE_CATALOG`, `TABLE_SCHEMA`, `TABLE_NAME`, `TABLE_TYPE`, `ENGINE`, `VERSION`, `ROW_FORMAT`, `TABLE_ROWS`, `AVG_ROW_LENGTH`, `DATA_LENGTH`, `MAX_DATA_LENGTH`, `INDEX_LENGTH`, `DATA_FREE`, `AUTO_INCREMENT`, `CREATE_TIME`, `UPDATE_TIME`, `CHECK_TIME`, `TABLE_COLLATION`, `CHECKSUM`, `CREATE_OPTIONS`, `TABLE_COMMENT`) VALUES
('def', 'information_schema', 'CHARACTER_SETS', 'SYSTEM VIEW', 'MEMORY', 10, 'Fixed', NULL, 384, 0, 16434816, 0, 0, NULL, '2014-12-12 01:09:36', NULL, NULL, 'utf8_general_ci', NULL, 'max_rows=43690', ''),
('def', 'information_schema', 'CLIENT_STATISTICS', 'SYSTEM VIEW', 'MEMORY', 10, 'Fixed', NULL, 274, 0, 16417532, 0, 0, NULL, '2014-12-12 01:09:36', NULL, NULL, 'utf8_general_ci', NULL, 'max_rows=61230', ''),
('def', 'information_schema', 'COLLATIONS', 'SYSTEM VIEW', 'MEMORY', 10, 'Fixed', NULL, 231, 0, 16704765, 0, 0, NULL, '2014-12-12 01:09:36', NULL, NULL, 'utf8_general_ci', NULL, 'max_rows=72628', ''),
('def', 'information_schema', 'COLLATION_CHARACTER_SET_APPLICABILITY', 'SYSTEM VIEW', 'MEMORY', 10, 'Fixed', NULL, 195, 0, 16357770, 0, 0, NULL, '2014-12-12 01:09:36', NULL, NULL, 'utf8_general_ci', NULL, 'max_rows=86037', ''),
('def', 'information_schema', 'COLUMNS', 'SYSTEM VIEW', 'MyISAM', 10, 'Dynamic', NULL, 0, 0, 281474976710655, 1024, 0, NULL, '2014-12-12 01:09:36', '2014-12-12 01:09:36', NULL, 'utf8_general_ci', NULL, 'max_rows=2802', ''),
('def', 'information_schema', 'COLUMN_PRIVILEGES', 'SYSTEM VIEW', 'MEMORY', 10, 'Fixed', NULL, 2565, 0, 16757145, 0, 0, NULL, '2014-12-12 01:09:36', NULL, NULL, 'utf8_general_ci', NULL, 'max_rows=6540', ''),
('def', 'information_schema', 'INDEX_STATISTICS', 'SYSTEM VIEW', 'MEMORY', 10, 'Fixed', NULL, 1739, 0, 16727441, 0, 0, NULL, '2014-12-12 01:09:36', NULL, NULL, 'utf8_general_ci', NULL, 'max_rows=9647', ''),
('def', 'information_schema', 'ENGINES', 'SYSTEM VIEW', 'MEMORY', 10, 'Fixed', NULL, 490, 0, 16574250, 0, 0, NULL, '2014-12-12 01:09:36', NULL, NULL, 'utf8_general_ci', NULL, 'max_rows=34239', ''),
('def', 'information_schema', 'EVENTS', 'SYSTEM VIEW', 'MyISAM', 10, 'Dynamic', NULL, 0, 0, 281474976710655, 1024, 0, NULL, '2014-12-12 01:09:36', '2014-12-12 01:09:36', NULL, 'utf8_general_ci', NULL, 'max_rows=618', ''),
('def', 'information_schema', 'FILES', 'SYSTEM VIEW', 'MEMORY', 10, 'Fixed', NULL, 2677, 0, 16758020, 0, 0, NULL, '2014-12-12 01:09:36', NULL, NULL, 'utf8_general_ci', NULL, 'max_rows=6267', ''),
('def', 'information_schema', 'GLOBAL_STATUS', 'SYSTEM VIEW', 'MEMORY', 10, 'Fixed', NULL, 3268, 0, 16755036, 0, 0, NULL, '2014-12-12 01:09:36', NULL, NULL, 'utf8_general_ci', NULL, 'max_rows=5133', ''),
('def', 'information_schema', 'GLOBAL_TEMPORARY_TABLES', 'SYSTEM VIEW', 'MEMORY', 10, 'Fixed', NULL, 2174, 0, 16761540, 0, 0, NULL, '2014-12-12 01:09:36', NULL, NULL, 'utf8_general_ci', NULL, 'max_rows=7717', ''),
('def', 'information_schema', 'GLOBAL_VARIABLES', 'SYSTEM VIEW', 'MEMORY', 10, 'Fixed', NULL, 3268, 0, 16755036, 0, 0, NULL, '2014-12-12 01:09:36', NULL, NULL, 'utf8_general_ci', NULL, 'max_rows=5133', ''),
('def', 'information_schema', 'KEY_COLUMN_USAGE', 'SYSTEM VIEW', 'MEMORY', 10, 'Fixed', NULL, 4637, 0, 16762755, 0, 0, NULL, '2014-12-12 01:09:36', NULL, NULL, 'utf8_general_ci', NULL, 'max_rows=3618', ''),
('def', 'information_schema', 'PARAMETERS', 'SYSTEM VIEW', 'MyISAM', 10, 'Dynamic', NULL, 0, 0, 281474976710655, 1024, 0, NULL, '2014-12-12 01:09:36', '2014-12-12 01:09:36', NULL, 'utf8_general_ci', NULL, 'max_rows=6050', ''),
('def', 'information_schema', 'PARTITIONS', 'SYSTEM VIEW', 'MyISAM', 10, 'Dynamic', NULL, 0, 0, 281474976710655, 1024, 0, NULL, '2014-12-12 01:09:36', '2014-12-12 01:09:36', NULL, 'utf8_general_ci', NULL, 'max_rows=5579', ''),
('def', 'information_schema', 'PLUGINS', 'SYSTEM VIEW', 'MyISAM', 10, 'Dynamic', NULL, 0, 0, 281474976710655, 1024, 0, NULL, '2014-12-12 01:09:36', '2014-12-12 01:09:36', NULL, 'utf8_general_ci', NULL, 'max_rows=11328', ''),
('def', 'information_schema', 'PROCESSLIST', 'SYSTEM VIEW', 'MyISAM', 10, 'Dynamic', NULL, 0, 0, 281474976710655, 1024, 0, NULL, '2014-12-12 01:09:36', '2014-12-12 01:09:36', NULL, 'utf8_general_ci', NULL, 'max_rows=22857', ''),
('def', 'information_schema', 'PROFILING', 'SYSTEM VIEW', 'MEMORY', 10, 'Fixed', NULL, 308, 0, 16562084, 0, 0, NULL, '2014-12-12 01:09:36', NULL, NULL, 'utf8_general_ci', NULL, 'max_rows=54471', ''),
('def', 'information_schema', 'REFERENTIAL_CONSTRAINTS', 'SYSTEM VIEW', 'MEMORY', 10, 'Fixed', NULL, 4814, 0, 16767162, 0, 0, NULL, '2014-12-12 01:09:36', NULL, NULL, 'utf8_general_ci', NULL, 'max_rows=3485', ''),
('def', 'information_schema', 'ROUTINES', 'SYSTEM VIEW', 'MyISAM', 10, 'Dynamic', NULL, 0, 0, 281474976710655, 1024, 0, NULL, '2014-12-12 01:09:36', '2014-12-12 01:09:36', NULL, 'utf8_general_ci', NULL, 'max_rows=583', ''),
('def', 'information_schema', 'QUERY_RESPONSE_TIME', 'SYSTEM VIEW', 'MEMORY', 10, 'Fixed', NULL, 91, 0, 15903342, 0, 0, NULL, '2014-12-12 01:09:36', NULL, NULL, 'utf8_general_ci', NULL, 'max_rows=184365', ''),
('def', 'information_schema', 'SCHEMATA', 'SYSTEM VIEW', 'MEMORY', 10, 'Fixed', NULL, 3464, 0, 16738048, 0, 0, NULL, '2014-12-12 01:09:36', NULL, NULL, 'utf8_general_ci', NULL, 'max_rows=4843', ''),
('def', 'information_schema', 'SCHEMA_PRIVILEGES', 'SYSTEM VIEW', 'MEMORY', 10, 'Fixed', NULL, 2179, 0, 16736899, 0, 0, NULL, '2014-12-12 01:09:36', NULL, NULL, 'utf8_general_ci', NULL, 'max_rows=7699', ''),
('def', 'information_schema', 'SESSION_STATUS', 'SYSTEM VIEW', 'MEMORY', 10, 'Fixed', NULL, 3268, 0, 16755036, 0, 0, NULL, '2014-12-12 01:09:36', NULL, NULL, 'utf8_general_ci', NULL, 'max_rows=5133', ''),
('def', 'information_schema', 'SESSION_VARIABLES', 'SYSTEM VIEW', 'MEMORY', 10, 'Fixed', NULL, 3268, 0, 16755036, 0, 0, NULL, '2014-12-12 01:09:36', NULL, NULL, 'utf8_general_ci', NULL, 'max_rows=5133', ''),
('def', 'information_schema', 'STATISTICS', 'SYSTEM VIEW', 'MEMORY', 10, 'Fixed', NULL, 5753, 0, 16752736, 0, 0, NULL, '2014-12-12 01:09:36', NULL, NULL, 'utf8_general_ci', NULL, 'max_rows=2916', ''),
('def', 'information_schema', 'TABLES', 'SYSTEM VIEW', 'MEMORY', 10, 'Fixed', NULL, 9450, 0, 16764300, 0, 0, NULL, '2014-12-12 01:09:36', NULL, NULL, 'utf8_general_ci', NULL, 'max_rows=1775', ''),
('def', 'information_schema', 'TABLESPACES', 'SYSTEM VIEW', 'MEMORY', 10, 'Fixed', NULL, 6951, 0, 16772763, 0, 0, NULL, '2014-12-12 01:09:36', NULL, NULL, 'utf8_general_ci', NULL, 'max_rows=2413', ''),
('def', 'information_schema', 'TABLE_CONSTRAINTS', 'SYSTEM VIEW', 'MEMORY', 10, 'Fixed', NULL, 2504, 0, 16721712, 0, 0, NULL, '2014-12-12 01:09:36', NULL, NULL, 'utf8_general_ci', NULL, 'max_rows=6700', ''),
('def', 'information_schema', 'TABLE_PRIVILEGES', 'SYSTEM VIEW', 'MEMORY', 10, 'Fixed', NULL, 2372, 0, 16748692, 0, 0, NULL, '2014-12-12 01:09:36', NULL, NULL, 'utf8_general_ci', NULL, 'max_rows=7073', ''),
('def', 'information_schema', 'TABLE_STATISTICS', 'SYSTEM VIEW', 'MEMORY', 10, 'Fixed', NULL, 1169, 0, 16676954, 0, 0, NULL, '2014-12-12 01:09:36', NULL, NULL, 'utf8_general_ci', NULL, 'max_rows=14351', ''),
('def', 'information_schema', 'TEMPORARY_TABLES', 'SYSTEM VIEW', 'MEMORY', 10, 'Fixed', NULL, 2174, 0, 16761540, 0, 0, NULL, '2014-12-12 01:09:36', NULL, NULL, 'utf8_general_ci', NULL, 'max_rows=7717', ''),
('def', 'information_schema', 'THREAD_STATISTICS', 'SYSTEM VIEW', 'MEMORY', 10, 'Fixed', NULL, 85, 0, 16205250, 0, 0, NULL, '2014-12-12 01:09:36', NULL, NULL, 'utf8_general_ci', NULL, 'max_rows=197379', ''),
('def', 'information_schema', 'TRIGGERS', 'SYSTEM VIEW', 'MyISAM', 10, 'Dynamic', NULL, 0, 0, 281474976710655, 1024, 0, NULL, '2014-12-12 01:09:36', '2014-12-12 01:09:36', NULL, 'utf8_general_ci', NULL, 'max_rows=569', ''),
('def', 'information_schema', 'USER_PRIVILEGES', 'SYSTEM VIEW', 'MEMORY', 10, 'Fixed', NULL, 1986, 0, 16726092, 0, 0, NULL, '2014-12-12 01:09:36', NULL, NULL, 'utf8_general_ci', NULL, 'max_rows=8447', ''),
('def', 'information_schema', 'USER_STATISTICS', 'SYSTEM VIEW', 'MEMORY', 10, 'Fixed', NULL, 226, 0, 16343190, 0, 0, NULL, '2014-12-12 01:09:36', NULL, NULL, 'utf8_general_ci', NULL, 'max_rows=74235', ''),
('def', 'information_schema', 'VIEWS', 'SYSTEM VIEW', 'MyISAM', 10, 'Dynamic', NULL, 0, 0, 281474976710655, 1024, 0, NULL, '2014-12-12 01:09:36', '2014-12-12 01:09:36', NULL, 'utf8_general_ci', NULL, 'max_rows=6935', ''),
('def', 'information_schema', 'INNODB_SYS_COLUMNS', 'SYSTEM VIEW', 'MEMORY', 10, 'Fixed', NULL, 610, 0, 16613350, 0, 0, NULL, '2014-12-12 01:09:36', NULL, NULL, 'utf8_general_ci', NULL, 'max_rows=27503', ''),
('def', 'information_schema', 'INNODB_RSEG', 'SYSTEM VIEW', 'MEMORY', 10, 'Fixed', NULL, 49, 0, 14680057, 0, 0, NULL, '2014-12-12 01:09:36', NULL, NULL, 'utf8_general_ci', NULL, 'max_rows=342392', ''),
('def', 'information_schema', 'INNODB_CMP', 'SYSTEM VIEW', 'MEMORY', 10, 'Fixed', NULL, 25, 0, 13107200, 0, 0, NULL, '2014-12-12 01:09:36', NULL, NULL, 'utf8_general_ci', NULL, 'max_rows=671088', ''),
('def', 'information_schema', 'INNODB_TRX', 'SYSTEM VIEW', 'MEMORY', 10, 'Fixed', NULL, 4534, 0, 16766732, 0, 0, NULL, '2014-12-12 01:09:36', NULL, NULL, 'utf8_general_ci', NULL, 'max_rows=3700', ''),
('def', 'information_schema', 'INNODB_SYS_TABLESTATS', 'SYSTEM VIEW', 'MEMORY', 10, 'Fixed', NULL, 1796, 0, 16738720, 0, 0, NULL, '2014-12-12 01:09:36', NULL, NULL, 'utf8_general_ci', NULL, 'max_rows=9341', ''),
('def', 'information_schema', 'INNODB_LOCK_WAITS', 'SYSTEM VIEW', 'MEMORY', 10, 'Fixed', NULL, 599, 0, 16749238, 0, 0, NULL, '2014-12-12 01:09:36', NULL, NULL, 'utf8_general_ci', NULL, 'max_rows=28008', ''),
('def', 'information_schema', 'XTRADB_ADMIN_COMMAND', 'SYSTEM VIEW', 'MEMORY', 10, 'Fixed', NULL, 3075, 0, 16749525, 0, 0, NULL, '2014-12-12 01:09:36', NULL, NULL, 'utf8_general_ci', NULL, 'max_rows=5456', ''),
('def', 'information_schema', 'INNODB_LOCKS', 'SYSTEM VIEW', 'MEMORY', 10, 'Fixed', NULL, 31244, 0, 16746784, 0, 0, NULL, '2014-12-12 01:09:36', NULL, NULL, 'utf8_general_ci', NULL, 'max_rows=536', ''),
('def', 'information_schema', 'INNODB_SYS_FOREIGN_COLS', 'SYSTEM VIEW', 'MEMORY', 10, 'Fixed', NULL, 1748, 0, 16738848, 0, 0, NULL, '2014-12-12 01:09:36', NULL, NULL, 'utf8_general_ci', NULL, 'max_rows=9597', ''),
('def', 'information_schema', 'INNODB_CMP_RESET', 'SYSTEM VIEW', 'MEMORY', 10, 'Fixed', NULL, 25, 0, 13107200, 0, 0, NULL, '2014-12-12 01:09:36', NULL, NULL, 'utf8_general_ci', NULL, 'max_rows=671088', ''),
('def', 'information_schema', 'INNODB_BUFFER_POOL_PAGES', 'SYSTEM VIEW', 'MEMORY', 10, 'Fixed', NULL, 234, 0, 16357770, 0, 0, NULL, '2014-12-12 01:09:36', NULL, NULL, 'utf8_general_ci', NULL, 'max_rows=71697', ''),
('def', 'information_schema', 'INNODB_SYS_TABLES', 'SYSTEM VIEW', 'MEMORY', 10, 'Fixed', NULL, 1183, 0, 16761927, 0, 0, NULL, '2014-12-12 01:09:36', NULL, NULL, 'utf8_general_ci', NULL, 'max_rows=14181', ''),
('def', 'information_schema', 'INNODB_BUFFER_POOL_PAGES_INDEX', 'SYSTEM VIEW', 'MEMORY', 10, 'Fixed', NULL, 105, 0, 15728580, 0, 0, NULL, '2014-12-12 01:09:36', NULL, NULL, 'utf8_general_ci', NULL, 'max_rows=159783', ''),
('def', 'information_schema', 'INNODB_CMPMEM', 'SYSTEM VIEW', 'MEMORY', 10, 'Fixed', NULL, 29, 0, 15204352, 0, 0, NULL, '2014-12-12 01:09:36', NULL, NULL, 'utf8_general_ci', NULL, 'max_rows=578524', ''),
('def', 'information_schema', 'INNODB_BUFFER_POOL_PAGES_BLOB', 'SYSTEM VIEW', 'MEMORY', 10, 'Fixed', NULL, 65, 0, 15146040, 0, 0, NULL, '2014-12-12 01:09:36', NULL, NULL, 'utf8_general_ci', NULL, 'max_rows=258111', ''),
('def', 'information_schema', 'INNODB_CMPMEM_RESET', 'SYSTEM VIEW', 'MEMORY', 10, 'Fixed', NULL, 29, 0, 15204352, 0, 0, NULL, '2014-12-12 01:09:36', NULL, NULL, 'utf8_general_ci', NULL, 'max_rows=578524', ''),
('def', 'information_schema', 'INNODB_SYS_FIELDS', 'SYSTEM VIEW', 'MEMORY', 10, 'Fixed', NULL, 594, 0, 16609428, 0, 0, NULL, '2014-12-12 01:09:36', NULL, NULL, 'utf8_general_ci', NULL, 'max_rows=28244', ''),
('def', 'information_schema', 'INNODB_TABLE_STATS', 'SYSTEM VIEW', 'MEMORY', 10, 'Fixed', NULL, 1189, 0, 16733986, 0, 0, NULL, '2014-12-12 01:09:36', NULL, NULL, 'utf8_general_ci', NULL, 'max_rows=14110', ''),
('def', 'information_schema', 'INNODB_SYS_STATS', 'SYSTEM VIEW', 'MEMORY', 10, 'Fixed', NULL, 29, 0, 15204352, 0, 0, NULL, '2014-12-12 01:09:36', NULL, NULL, 'utf8_general_ci', NULL, 'max_rows=578524', ''),
('def', 'information_schema', 'INNODB_SYS_FOREIGN', 'SYSTEM VIEW', 'MEMORY', 10, 'Fixed', NULL, 1752, 0, 16700064, 0, 0, NULL, '2014-12-12 01:09:36', NULL, NULL, 'utf8_general_ci', NULL, 'max_rows=9576', ''),
('def', 'information_schema', 'INNODB_SYS_INDEXES', 'SYSTEM VIEW', 'MEMORY', 10, 'Fixed', NULL, 614, 0, 16722290, 0, 0, NULL, '2014-12-12 01:09:36', NULL, NULL, 'utf8_general_ci', NULL, 'max_rows=27324', ''),
('def', 'information_schema', 'INNODB_INDEX_STATS', 'SYSTEM VIEW', 'MEMORY', 10, 'Fixed', NULL, 2529, 0, 16729335, 0, 0, NULL, '2014-12-12 01:09:36', NULL, NULL, 'utf8_general_ci', NULL, 'max_rows=6633', ''),
('def', 'BINFG16', 'AwardGerecht', 'BASE TABLE', 'InnoDB', 10, 'Compact', 1, 16384, 16384, 0, 16384, 40894464, 91, '2014-12-11 16:00:25', NULL, NULL, 'latin1_swedish_ci', NULL, '', ''),
('def', 'BINFG16', 'AwardTakeAway', 'BASE TABLE', 'InnoDB', 10, 'Compact', 3, 5461, 16384, 0, 16384, 40894464, 151, '2014-12-11 16:01:05', NULL, NULL, 'latin1_swedish_ci', NULL, '', ''),
('def', 'BINFG16', 'Bestelling', 'BASE TABLE', 'InnoDB', 10, 'Compact', 59, 277, 16384, 0, 32768, 40894464, 591, '2014-12-11 16:04:56', NULL, NULL, 'latin1_swedish_ci', NULL, '', ''),
('def', 'BINFG16', 'Bijgerechten', 'BASE TABLE', 'InnoDB', 10, 'Compact', 131, 125, 16384, 0, 16384, 40894464, NULL, '2014-12-11 16:05:20', NULL, NULL, 'latin1_swedish_ci', NULL, '', ''),
('def', 'BINFG16', 'BijgerechtenBehoortTot', 'BASE TABLE', 'InnoDB', 10, 'Compact', 32, 512, 16384, 0, 32768, 40894464, NULL, '2014-12-11 16:06:20', NULL, NULL, 'latin1_swedish_ci', NULL, '', ''),
('def', 'BINFG16', 'Dranken', 'BASE TABLE', 'InnoDB', 10, 'Compact', 204, 80, 16384, 0, 16384, 40894464, NULL, '2014-12-11 16:07:20', NULL, NULL, 'latin1_swedish_ci', NULL, '', ''),
('def', 'BINFG16', 'DrankenBehoortTot', 'BASE TABLE', 'InnoDB', 10, 'Compact', 36, 455, 16384, 0, 16384, 40894464, NULL, '2014-12-11 16:07:33', NULL, NULL, 'latin1_swedish_ci', NULL, '', ''),
('def', 'BINFG16', 'Gemeenten', 'BASE TABLE', 'InnoDB', 10, 'Compact', 2414, 54, 131072, 0, 0, 40894464, NULL, '2014-11-17 14:56:42', NULL, NULL, 'latin1_swedish_ci', NULL, '', ''),
('def', 'BINFG16', 'GeplaatstBij', 'BASE TABLE', 'InnoDB', 10, 'Compact', 59, 277, 16384, 0, 16384, 40894464, NULL, '2014-12-11 17:42:26', NULL, NULL, 'latin1_swedish_ci', NULL, '', ''),
('def', 'BINFG16', 'Gerechten', 'BASE TABLE', 'InnoDB', 10, 'Compact', 335, 146, 49152, 0, 16384, 40894464, NULL, '2014-12-11 16:09:15', NULL, NULL, 'latin1_swedish_ci', NULL, '', ''),
('def', 'BINFG16', 'GerechtenBehoortTot', 'BASE TABLE', 'InnoDB', 10, 'Compact', 92, 178, 16384, 0, 16384, 40894464, NULL, '2014-12-11 16:09:40', NULL, NULL, 'latin1_swedish_ci', NULL, '', ''),
('def', 'BINFG16', 'Klant', 'BASE TABLE', 'InnoDB', 10, 'Compact', 29, 564, 16384, 0, 16384, 40894464, NULL, '2014-12-10 01:11:22', NULL, NULL, 'latin1_swedish_ci', NULL, '', ''),
('def', 'BINFG16', 'KortingenBestelling', 'BASE TABLE', 'InnoDB', 10, 'Compact', 1, 16384, 16384, 0, 16384, 40894464, NULL, '2014-12-11 16:11:44', NULL, NULL, 'latin1_swedish_ci', NULL, '', ''),
('def', 'BINFG16', 'KortingenKlant', 'BASE TABLE', 'InnoDB', 10, 'Compact', 24, 682, 16384, 0, 16384, 40894464, NULL, '2014-12-11 16:10:56', NULL, NULL, 'latin1_swedish_ci', NULL, '', ''),
('def', 'BINFG16', 'Kortingscode', 'BASE TABLE', 'InnoDB', 10, 'Compact', 48, 341, 16384, 0, 49152, 40894464, NULL, '2014-12-11 16:12:38', NULL, NULL, 'latin1_swedish_ci', NULL, '', ''),
('def', 'BINFG16', 'Leveringsgebied', 'BASE TABLE', 'InnoDB', 10, 'Compact', 190, 86, 16384, 0, 0, 40894464, NULL, '2014-12-11 16:13:08', NULL, NULL, 'latin1_swedish_ci', NULL, '', ''),
('def', 'BINFG16', 'Menu', 'BASE TABLE', 'InnoDB', 10, 'Compact', 43, 381, 16384, 0, 0, 40894464, 557, '2014-11-17 14:56:42', NULL, NULL, 'latin1_swedish_ci', NULL, '', ''),
('def', 'BINFG16', 'Review', 'BASE TABLE', 'InnoDB', 10, 'Compact', 23, 712, 16384, 0, 32768, 40894464, 351, '2014-12-11 16:14:38', NULL, NULL, 'latin1_swedish_ci', NULL, '', ''),
('def', 'BINFG16', 'Snacks', 'BASE TABLE', 'InnoDB', 10, 'Compact', 99, 165, 16384, 0, 16384, 40894464, NULL, '2014-12-11 16:14:48', NULL, NULL, 'latin1_swedish_ci', NULL, '', ''),
('def', 'BINFG16', 'SnacksBehoortTot', 'BASE TABLE', 'InnoDB', 10, 'Compact', 30, 546, 16384, 0, 16384, 40894464, NULL, '2014-12-11 16:14:58', NULL, NULL, 'latin1_swedish_ci', NULL, '', ''),
('def', 'BINFG16', 'Soort', 'BASE TABLE', 'InnoDB', 10, 'Compact', 61, 268, 16384, 0, 0, 40894464, NULL, '2014-12-11 16:15:27', NULL, NULL, 'latin1_swedish_ci', NULL, '', ''),
('def', 'BINFG16', 'TakeAway', 'BASE TABLE', 'InnoDB', 10, 'Compact', 35, 468, 16384, 0, 16384, 40894464, NULL, '2014-12-01 21:48:27', NULL, NULL, 'latin1_swedish_ci', NULL, '', ''),
('def', 'BINFG16', 'Vestiging', 'BASE TABLE', 'InnoDB', 10, 'Compact', 83, 197, 16384, 0, 32768, 40894464, 1071, '2014-12-08 09:42:39', NULL, NULL, 'latin1_swedish_ci', NULL, '', '');

-- --------------------------------------------------------

--
-- Table structure for table `TABLESPACES`
--

CREATE TEMPORARY TABLE `TABLESPACES` (
  `TABLESPACE_NAME` varchar(64) NOT NULL DEFAULT '',
  `ENGINE` varchar(64) NOT NULL DEFAULT '',
  `TABLESPACE_TYPE` varchar(64) DEFAULT NULL,
  `LOGFILE_GROUP_NAME` varchar(64) DEFAULT NULL,
  `EXTENT_SIZE` bigint(21) unsigned DEFAULT NULL,
  `AUTOEXTEND_SIZE` bigint(21) unsigned DEFAULT NULL,
  `MAXIMUM_SIZE` bigint(21) unsigned DEFAULT NULL,
  `NODEGROUP_ID` bigint(21) unsigned DEFAULT NULL,
  `TABLESPACE_COMMENT` varchar(2048) DEFAULT NULL
) ENGINE=MEMORY DEFAULT CHARSET=utf8;

--
-- Dumping data for table `TABLESPACES`
--


-- --------------------------------------------------------

--
-- Table structure for table `TABLE_CONSTRAINTS`
--

CREATE TEMPORARY TABLE `TABLE_CONSTRAINTS` (
  `CONSTRAINT_CATALOG` varchar(512) NOT NULL DEFAULT '',
  `CONSTRAINT_SCHEMA` varchar(64) NOT NULL DEFAULT '',
  `CONSTRAINT_NAME` varchar(64) NOT NULL DEFAULT '',
  `TABLE_SCHEMA` varchar(64) NOT NULL DEFAULT '',
  `TABLE_NAME` varchar(64) NOT NULL DEFAULT '',
  `CONSTRAINT_TYPE` varchar(64) NOT NULL DEFAULT ''
) ENGINE=MEMORY DEFAULT CHARSET=utf8;

--
-- Dumping data for table `TABLE_CONSTRAINTS`
--

INSERT INTO `TABLE_CONSTRAINTS` (`CONSTRAINT_CATALOG`, `CONSTRAINT_SCHEMA`, `CONSTRAINT_NAME`, `TABLE_SCHEMA`, `TABLE_NAME`, `CONSTRAINT_TYPE`) VALUES
('def', 'BINFG16', 'PRIMARY', 'BINFG16', 'AwardGerecht', 'PRIMARY KEY'),
('def', 'BINFG16', 'PRIMARY', 'BINFG16', 'AwardTakeAway', 'PRIMARY KEY'),
('def', 'BINFG16', 'AwardTakeAway_ibfk_1', 'BINFG16', 'AwardTakeAway', 'FOREIGN KEY'),
('def', 'BINFG16', 'PRIMARY', 'BINFG16', 'Bestelling', 'PRIMARY KEY'),
('def', 'BINFG16', 'Bestelling_ibfk_2', 'BINFG16', 'Bestelling', 'FOREIGN KEY'),
('def', 'BINFG16', 'Bestelling_ibfk_1', 'BINFG16', 'Bestelling', 'FOREIGN KEY'),
('def', 'BINFG16', 'PRIMARY', 'BINFG16', 'Bijgerechten', 'PRIMARY KEY'),
('def', 'BINFG16', 'Bijgerechten_ibfk_1', 'BINFG16', 'Bijgerechten', 'FOREIGN KEY'),
('def', 'BINFG16', 'PRIMARY', 'BINFG16', 'BijgerechtenBehoortTot', 'PRIMARY KEY'),
('def', 'BINFG16', 'BijgerechtenBehoortTot_ibfk_2', 'BINFG16', 'BijgerechtenBehoortTot', 'FOREIGN KEY'),
('def', 'BINFG16', 'BijgerechtenBehoortTot_ibfk_1', 'BINFG16', 'BijgerechtenBehoortTot', 'FOREIGN KEY'),
('def', 'BINFG16', 'PRIMARY', 'BINFG16', 'Dranken', 'PRIMARY KEY'),
('def', 'BINFG16', 'Dranken_ibfk_1', 'BINFG16', 'Dranken', 'FOREIGN KEY'),
('def', 'BINFG16', 'PRIMARY', 'BINFG16', 'DrankenBehoortTot', 'PRIMARY KEY'),
('def', 'BINFG16', 'DrankenBehoortTot_ibfk_2', 'BINFG16', 'DrankenBehoortTot', 'FOREIGN KEY'),
('def', 'BINFG16', 'DrankenBehoortTot_ibfk_1', 'BINFG16', 'DrankenBehoortTot', 'FOREIGN KEY'),
('def', 'BINFG16', 'PRIMARY', 'BINFG16', 'Gemeenten', 'PRIMARY KEY'),
('def', 'BINFG16', 'PRIMARY', 'BINFG16', 'GeplaatstBij', 'PRIMARY KEY'),
('def', 'BINFG16', 'GeplaatstBij_ibfk_5', 'BINFG16', 'GeplaatstBij', 'FOREIGN KEY'),
('def', 'BINFG16', 'GeplaatstBij_ibfk_4', 'BINFG16', 'GeplaatstBij', 'FOREIGN KEY'),
('def', 'BINFG16', 'PRIMARY', 'BINFG16', 'Gerechten', 'PRIMARY KEY'),
('def', 'BINFG16', 'Gerechten_ibfk_1', 'BINFG16', 'Gerechten', 'FOREIGN KEY'),
('def', 'BINFG16', 'PRIMARY', 'BINFG16', 'GerechtenBehoortTot', 'PRIMARY KEY'),
('def', 'BINFG16', 'GerechtenBehoortTot_ibfk_2', 'BINFG16', 'GerechtenBehoortTot', 'FOREIGN KEY'),
('def', 'BINFG16', 'GerechtenBehoortTot_ibfk_1', 'BINFG16', 'GerechtenBehoortTot', 'FOREIGN KEY'),
('def', 'BINFG16', 'PRIMARY', 'BINFG16', 'Klant', 'PRIMARY KEY'),
('def', 'BINFG16', 'Klant_ibfk_1', 'BINFG16', 'Klant', 'FOREIGN KEY'),
('def', 'BINFG16', 'PRIMARY', 'BINFG16', 'KortingenBestelling', 'PRIMARY KEY'),
('def', 'BINFG16', 'KortingenBestelling_ibfk_4', 'BINFG16', 'KortingenBestelling', 'FOREIGN KEY'),
('def', 'BINFG16', 'KortingenBestelling_ibfk_3', 'BINFG16', 'KortingenBestelling', 'FOREIGN KEY'),
('def', 'BINFG16', 'PRIMARY', 'BINFG16', 'KortingenKlant', 'PRIMARY KEY'),
('def', 'BINFG16', 'KortingenKlant_ibfk_4', 'BINFG16', 'KortingenKlant', 'FOREIGN KEY'),
('def', 'BINFG16', 'KortingenKlant_ibfk_3', 'BINFG16', 'KortingenKlant', 'FOREIGN KEY'),
('def', 'BINFG16', 'PRIMARY', 'BINFG16', 'Kortingscode', 'PRIMARY KEY'),
('def', 'BINFG16', 'Kortingscode_ibfk_4', 'BINFG16', 'Kortingscode', 'FOREIGN KEY'),
('def', 'BINFG16', 'Kortingscode_ibfk_1', 'BINFG16', 'Kortingscode', 'FOREIGN KEY'),
('def', 'BINFG16', 'Kortingscode_ibfk_3', 'BINFG16', 'Kortingscode', 'FOREIGN KEY'),
('def', 'BINFG16', 'PRIMARY', 'BINFG16', 'Leveringsgebied', 'PRIMARY KEY'),
('def', 'BINFG16', 'PRIMARY', 'BINFG16', 'Menu', 'PRIMARY KEY'),
('def', 'BINFG16', 'PRIMARY', 'BINFG16', 'Review', 'PRIMARY KEY'),
('def', 'BINFG16', 'Review_ibfk_3', 'BINFG16', 'Review', 'FOREIGN KEY'),
('def', 'BINFG16', 'Review_ibfk_2', 'BINFG16', 'Review', 'FOREIGN KEY'),
('def', 'BINFG16', 'PRIMARY', 'BINFG16', 'Snacks', 'PRIMARY KEY'),
('def', 'BINFG16', 'Snacks_ibfk_1', 'BINFG16', 'Snacks', 'FOREIGN KEY'),
('def', 'BINFG16', 'PRIMARY', 'BINFG16', 'SnacksBehoortTot', 'PRIMARY KEY'),
('def', 'BINFG16', 'SnacksBehoortTot_ibfk_2', 'BINFG16', 'SnacksBehoortTot', 'FOREIGN KEY'),
('def', 'BINFG16', 'SnacksBehoortTot_ibfk_1', 'BINFG16', 'SnacksBehoortTot', 'FOREIGN KEY'),
('def', 'BINFG16', 'PRIMARY', 'BINFG16', 'Soort', 'PRIMARY KEY'),
('def', 'BINFG16', 'Soort_ibfk_1', 'BINFG16', 'Soort', 'FOREIGN KEY'),
('def', 'BINFG16', 'PRIMARY', 'BINFG16', 'TakeAway', 'PRIMARY KEY'),
('def', 'BINFG16', 'TakeAway_ibfk_1', 'BINFG16', 'TakeAway', 'FOREIGN KEY'),
('def', 'BINFG16', 'PRIMARY', 'BINFG16', 'Vestiging', 'PRIMARY KEY'),
('def', 'BINFG16', 'Vestiging_ibfk_3', 'BINFG16', 'Vestiging', 'FOREIGN KEY'),
('def', 'BINFG16', 'Vestiging_ibfk_2', 'BINFG16', 'Vestiging', 'FOREIGN KEY');

-- --------------------------------------------------------

--
-- Table structure for table `TABLE_PRIVILEGES`
--

CREATE TEMPORARY TABLE `TABLE_PRIVILEGES` (
  `GRANTEE` varchar(81) NOT NULL DEFAULT '',
  `TABLE_CATALOG` varchar(512) NOT NULL DEFAULT '',
  `TABLE_SCHEMA` varchar(64) NOT NULL DEFAULT '',
  `TABLE_NAME` varchar(64) NOT NULL DEFAULT '',
  `PRIVILEGE_TYPE` varchar(64) NOT NULL DEFAULT '',
  `IS_GRANTABLE` varchar(3) NOT NULL DEFAULT ''
) ENGINE=MEMORY DEFAULT CHARSET=utf8;

--
-- Dumping data for table `TABLE_PRIVILEGES`
--


-- --------------------------------------------------------

--
-- Table structure for table `TABLE_STATISTICS`
--

CREATE TEMPORARY TABLE `TABLE_STATISTICS` (
  `TABLE_SCHEMA` varchar(192) NOT NULL DEFAULT '',
  `TABLE_NAME` varchar(192) NOT NULL DEFAULT '',
  `ROWS_READ` int(21) NOT NULL DEFAULT '0',
  `ROWS_CHANGED` int(21) NOT NULL DEFAULT '0',
  `ROWS_CHANGED_X_INDEXES` int(21) NOT NULL DEFAULT '0'
) ENGINE=MEMORY DEFAULT CHARSET=utf8;

--
-- Dumping data for table `TABLE_STATISTICS`
--


-- --------------------------------------------------------

--
-- Table structure for table `TEMPORARY_TABLES`
--

CREATE TEMPORARY TABLE `TEMPORARY_TABLES` (
  `SESSION_ID` bigint(4) NOT NULL DEFAULT '0',
  `TABLE_SCHEMA` varchar(64) NOT NULL DEFAULT '',
  `TABLE_NAME` varchar(64) NOT NULL DEFAULT '',
  `ENGINE` varchar(64) NOT NULL DEFAULT '',
  `NAME` varchar(512) NOT NULL DEFAULT '',
  `TABLE_ROWS` bigint(21) unsigned NOT NULL DEFAULT '0',
  `AVG_ROW_LENGTH` bigint(21) unsigned NOT NULL DEFAULT '0',
  `DATA_LENGTH` bigint(21) unsigned NOT NULL DEFAULT '0',
  `INDEX_LENGTH` bigint(21) unsigned NOT NULL DEFAULT '0',
  `CREATE_TIME` datetime DEFAULT NULL,
  `UPDATE_TIME` datetime DEFAULT NULL
) ENGINE=MEMORY DEFAULT CHARSET=utf8;

--
-- Dumping data for table `TEMPORARY_TABLES`
--


-- --------------------------------------------------------

--
-- Table structure for table `THREAD_STATISTICS`
--

CREATE TEMPORARY TABLE `THREAD_STATISTICS` (
  `THREAD_ID` int(21) NOT NULL DEFAULT '0',
  `TOTAL_CONNECTIONS` int(21) NOT NULL DEFAULT '0',
  `CONCURRENT_CONNECTIONS` int(21) NOT NULL DEFAULT '0',
  `CONNECTED_TIME` int(21) NOT NULL DEFAULT '0',
  `BUSY_TIME` int(21) NOT NULL DEFAULT '0',
  `CPU_TIME` int(21) NOT NULL DEFAULT '0',
  `BYTES_RECEIVED` int(21) NOT NULL DEFAULT '0',
  `BYTES_SENT` int(21) NOT NULL DEFAULT '0',
  `BINLOG_BYTES_WRITTEN` int(21) NOT NULL DEFAULT '0',
  `ROWS_FETCHED` int(21) NOT NULL DEFAULT '0',
  `ROWS_UPDATED` int(21) NOT NULL DEFAULT '0',
  `TABLE_ROWS_READ` int(21) NOT NULL DEFAULT '0',
  `SELECT_COMMANDS` int(21) NOT NULL DEFAULT '0',
  `UPDATE_COMMANDS` int(21) NOT NULL DEFAULT '0',
  `OTHER_COMMANDS` int(21) NOT NULL DEFAULT '0',
  `COMMIT_TRANSACTIONS` int(21) NOT NULL DEFAULT '0',
  `ROLLBACK_TRANSACTIONS` int(21) NOT NULL DEFAULT '0',
  `DENIED_CONNECTIONS` int(21) NOT NULL DEFAULT '0',
  `LOST_CONNECTIONS` int(21) NOT NULL DEFAULT '0',
  `ACCESS_DENIED` int(21) NOT NULL DEFAULT '0',
  `EMPTY_QUERIES` int(21) NOT NULL DEFAULT '0'
) ENGINE=MEMORY DEFAULT CHARSET=utf8;

--
-- Dumping data for table `THREAD_STATISTICS`
--
-- in use (#1227 - Access denied; you need (at least one of) the PROCESS,SUPER privilege(s) for this operation)

-- --------------------------------------------------------

--
-- Table structure for table `TRIGGERS`
--

CREATE TEMPORARY TABLE `TRIGGERS` (
  `TRIGGER_CATALOG` varchar(512) NOT NULL DEFAULT '',
  `TRIGGER_SCHEMA` varchar(64) NOT NULL DEFAULT '',
  `TRIGGER_NAME` varchar(64) NOT NULL DEFAULT '',
  `EVENT_MANIPULATION` varchar(6) NOT NULL DEFAULT '',
  `EVENT_OBJECT_CATALOG` varchar(512) NOT NULL DEFAULT '',
  `EVENT_OBJECT_SCHEMA` varchar(64) NOT NULL DEFAULT '',
  `EVENT_OBJECT_TABLE` varchar(64) NOT NULL DEFAULT '',
  `ACTION_ORDER` bigint(4) NOT NULL DEFAULT '0',
  `ACTION_CONDITION` longtext,
  `ACTION_STATEMENT` longtext NOT NULL,
  `ACTION_ORIENTATION` varchar(9) NOT NULL DEFAULT '',
  `ACTION_TIMING` varchar(6) NOT NULL DEFAULT '',
  `ACTION_REFERENCE_OLD_TABLE` varchar(64) DEFAULT NULL,
  `ACTION_REFERENCE_NEW_TABLE` varchar(64) DEFAULT NULL,
  `ACTION_REFERENCE_OLD_ROW` varchar(3) NOT NULL DEFAULT '',
  `ACTION_REFERENCE_NEW_ROW` varchar(3) NOT NULL DEFAULT '',
  `CREATED` datetime DEFAULT NULL,
  `SQL_MODE` varchar(8192) NOT NULL DEFAULT '',
  `DEFINER` varchar(77) NOT NULL DEFAULT '',
  `CHARACTER_SET_CLIENT` varchar(32) NOT NULL DEFAULT '',
  `COLLATION_CONNECTION` varchar(32) NOT NULL DEFAULT '',
  `DATABASE_COLLATION` varchar(32) NOT NULL DEFAULT ''
) ENGINE=MyISAM DEFAULT CHARSET=utf8;

--
-- Dumping data for table `TRIGGERS`
--


-- --------------------------------------------------------

--
-- Table structure for table `USER_PRIVILEGES`
--

CREATE TEMPORARY TABLE `USER_PRIVILEGES` (
  `GRANTEE` varchar(81) NOT NULL DEFAULT '',
  `TABLE_CATALOG` varchar(512) NOT NULL DEFAULT '',
  `PRIVILEGE_TYPE` varchar(64) NOT NULL DEFAULT '',
  `IS_GRANTABLE` varchar(3) NOT NULL DEFAULT ''
) ENGINE=MEMORY DEFAULT CHARSET=utf8;

--
-- Dumping data for table `USER_PRIVILEGES`
--

INSERT INTO `USER_PRIVILEGES` (`GRANTEE`, `TABLE_CATALOG`, `PRIVILEGE_TYPE`, `IS_GRANTABLE`) VALUES
('''BINFG16''@''mysqlp%.ugent.be''', 'def', 'USAGE', 'NO');

-- --------------------------------------------------------

--
-- Table structure for table `USER_STATISTICS`
--

CREATE TEMPORARY TABLE `USER_STATISTICS` (
  `USER` varchar(48) NOT NULL DEFAULT '',
  `TOTAL_CONNECTIONS` int(21) NOT NULL DEFAULT '0',
  `CONCURRENT_CONNECTIONS` int(21) NOT NULL DEFAULT '0',
  `CONNECTED_TIME` int(21) NOT NULL DEFAULT '0',
  `BUSY_TIME` int(21) NOT NULL DEFAULT '0',
  `CPU_TIME` int(21) NOT NULL DEFAULT '0',
  `BYTES_RECEIVED` int(21) NOT NULL DEFAULT '0',
  `BYTES_SENT` int(21) NOT NULL DEFAULT '0',
  `BINLOG_BYTES_WRITTEN` int(21) NOT NULL DEFAULT '0',
  `ROWS_FETCHED` int(21) NOT NULL DEFAULT '0',
  `ROWS_UPDATED` int(21) NOT NULL DEFAULT '0',
  `TABLE_ROWS_READ` int(21) NOT NULL DEFAULT '0',
  `SELECT_COMMANDS` int(21) NOT NULL DEFAULT '0',
  `UPDATE_COMMANDS` int(21) NOT NULL DEFAULT '0',
  `OTHER_COMMANDS` int(21) NOT NULL DEFAULT '0',
  `COMMIT_TRANSACTIONS` int(21) NOT NULL DEFAULT '0',
  `ROLLBACK_TRANSACTIONS` int(21) NOT NULL DEFAULT '0',
  `DENIED_CONNECTIONS` int(21) NOT NULL DEFAULT '0',
  `LOST_CONNECTIONS` int(21) NOT NULL DEFAULT '0',
  `ACCESS_DENIED` int(21) NOT NULL DEFAULT '0',
  `EMPTY_QUERIES` int(21) NOT NULL DEFAULT '0'
) ENGINE=MEMORY DEFAULT CHARSET=utf8;

--
-- Dumping data for table `USER_STATISTICS`
--
-- in use (#1227 - Access denied; you need (at least one of) the PROCESS,SUPER privilege(s) for this operation)

-- --------------------------------------------------------

--
-- Table structure for table `VIEWS`
--

CREATE TEMPORARY TABLE `VIEWS` (
  `TABLE_CATALOG` varchar(512) NOT NULL DEFAULT '',
  `TABLE_SCHEMA` varchar(64) NOT NULL DEFAULT '',
  `TABLE_NAME` varchar(64) NOT NULL DEFAULT '',
  `VIEW_DEFINITION` longtext NOT NULL,
  `CHECK_OPTION` varchar(8) NOT NULL DEFAULT '',
  `IS_UPDATABLE` varchar(3) NOT NULL DEFAULT '',
  `DEFINER` varchar(77) NOT NULL DEFAULT '',
  `SECURITY_TYPE` varchar(7) NOT NULL DEFAULT '',
  `CHARACTER_SET_CLIENT` varchar(32) NOT NULL DEFAULT '',
  `COLLATION_CONNECTION` varchar(32) NOT NULL DEFAULT ''
) ENGINE=MyISAM DEFAULT CHARSET=utf8;

--
-- Dumping data for table `VIEWS`
--


-- --------------------------------------------------------

--
-- Table structure for table `INNODB_SYS_COLUMNS`
--

CREATE TEMPORARY TABLE `INNODB_SYS_COLUMNS` (
  `TABLE_ID` bigint(21) unsigned NOT NULL DEFAULT '0',
  `NAME` varchar(193) NOT NULL DEFAULT '',
  `POS` bigint(21) unsigned NOT NULL DEFAULT '0',
  `MTYPE` int(11) NOT NULL DEFAULT '0',
  `PRTYPE` int(11) NOT NULL DEFAULT '0',
  `LEN` int(11) NOT NULL DEFAULT '0'
) ENGINE=MEMORY DEFAULT CHARSET=utf8;

--
-- Dumping data for table `INNODB_SYS_COLUMNS`
--
-- in use (#1227 - Access denied; you need (at least one of) the PROCESS privilege(s) for this operation)

-- --------------------------------------------------------

--
-- Table structure for table `INNODB_RSEG`
--

CREATE TEMPORARY TABLE `INNODB_RSEG` (
  `rseg_id` bigint(21) unsigned NOT NULL DEFAULT '0',
  `space_id` bigint(21) unsigned NOT NULL DEFAULT '0',
  `zip_size` bigint(21) unsigned NOT NULL DEFAULT '0',
  `page_no` bigint(21) unsigned NOT NULL DEFAULT '0',
  `max_size` bigint(21) unsigned NOT NULL DEFAULT '0',
  `curr_size` bigint(21) unsigned NOT NULL DEFAULT '0'
) ENGINE=MEMORY DEFAULT CHARSET=utf8;

--
-- Dumping data for table `INNODB_RSEG`
--
-- in use (#1227 - Access denied; you need (at least one of) the PROCESS privilege(s) for this operation)

-- --------------------------------------------------------

--
-- Table structure for table `INNODB_CMP`
--

CREATE TEMPORARY TABLE `INNODB_CMP` (
  `page_size` int(5) NOT NULL DEFAULT '0',
  `compress_ops` int(11) NOT NULL DEFAULT '0',
  `compress_ops_ok` int(11) NOT NULL DEFAULT '0',
  `compress_time` int(11) NOT NULL DEFAULT '0',
  `uncompress_ops` int(11) NOT NULL DEFAULT '0',
  `uncompress_time` int(11) NOT NULL DEFAULT '0'
) ENGINE=MEMORY DEFAULT CHARSET=utf8;

--
-- Dumping data for table `INNODB_CMP`
--
-- in use (#1227 - Access denied; you need (at least one of) the PROCESS privilege(s) for this operation)

-- --------------------------------------------------------

--
-- Table structure for table `INNODB_TRX`
--

CREATE TEMPORARY TABLE `INNODB_TRX` (
  `trx_id` varchar(18) NOT NULL DEFAULT '',
  `trx_state` varchar(13) NOT NULL DEFAULT '',
  `trx_started` datetime NOT NULL DEFAULT '0000-00-00 00:00:00',
  `trx_requested_lock_id` varchar(81) DEFAULT NULL,
  `trx_wait_started` datetime DEFAULT NULL,
  `trx_weight` bigint(21) unsigned NOT NULL DEFAULT '0',
  `trx_mysql_thread_id` bigint(21) unsigned NOT NULL DEFAULT '0',
  `trx_query` varchar(1024) DEFAULT NULL,
  `trx_operation_state` varchar(64) DEFAULT NULL,
  `trx_tables_in_use` bigint(21) unsigned NOT NULL DEFAULT '0',
  `trx_tables_locked` bigint(21) unsigned NOT NULL DEFAULT '0',
  `trx_lock_structs` bigint(21) unsigned NOT NULL DEFAULT '0',
  `trx_lock_memory_bytes` bigint(21) unsigned NOT NULL DEFAULT '0',
  `trx_rows_locked` bigint(21) unsigned NOT NULL DEFAULT '0',
  `trx_rows_modified` bigint(21) unsigned NOT NULL DEFAULT '0',
  `trx_concurrency_tickets` bigint(21) unsigned NOT NULL DEFAULT '0',
  `trx_isolation_level` varchar(16) NOT NULL DEFAULT '',
  `trx_unique_checks` int(1) NOT NULL DEFAULT '0',
  `trx_foreign_key_checks` int(1) NOT NULL DEFAULT '0',
  `trx_last_foreign_key_error` varchar(256) DEFAULT NULL,
  `trx_adaptive_hash_latched` int(1) NOT NULL DEFAULT '0',
  `trx_adaptive_hash_timeout` bigint(21) unsigned NOT NULL DEFAULT '0'
) ENGINE=MEMORY DEFAULT CHARSET=utf8;

--
-- Dumping data for table `INNODB_TRX`
--
-- in use (#1227 - Access denied; you need (at least one of) the PROCESS privilege(s) for this operation)

-- --------------------------------------------------------

--
-- Table structure for table `INNODB_SYS_TABLESTATS`
--

CREATE TEMPORARY TABLE `INNODB_SYS_TABLESTATS` (
  `TABLE_ID` bigint(21) unsigned NOT NULL DEFAULT '0',
  `SCHEMA` varchar(193) NOT NULL DEFAULT '',
  `NAME` varchar(193) NOT NULL DEFAULT '',
  `STATS_INITIALIZED` varchar(193) NOT NULL DEFAULT '',
  `NUM_ROWS` bigint(21) unsigned NOT NULL DEFAULT '0',
  `CLUST_INDEX_SIZE` bigint(21) unsigned NOT NULL DEFAULT '0',
  `OTHER_INDEX_SIZE` bigint(21) unsigned NOT NULL DEFAULT '0',
  `MODIFIED_COUNTER` bigint(21) unsigned NOT NULL DEFAULT '0',
  `AUTOINC` bigint(21) unsigned NOT NULL DEFAULT '0',
  `MYSQL_HANDLES_OPENED` int(11) NOT NULL DEFAULT '0'
) ENGINE=MEMORY DEFAULT CHARSET=utf8;

--
-- Dumping data for table `INNODB_SYS_TABLESTATS`
--
-- in use (#1227 - Access denied; you need (at least one of) the PROCESS privilege(s) for this operation)

-- --------------------------------------------------------

--
-- Table structure for table `INNODB_LOCK_WAITS`
--

CREATE TEMPORARY TABLE `INNODB_LOCK_WAITS` (
  `requesting_trx_id` varchar(18) NOT NULL DEFAULT '',
  `requested_lock_id` varchar(81) NOT NULL DEFAULT '',
  `blocking_trx_id` varchar(18) NOT NULL DEFAULT '',
  `blocking_lock_id` varchar(81) NOT NULL DEFAULT ''
) ENGINE=MEMORY DEFAULT CHARSET=utf8;

--
-- Dumping data for table `INNODB_LOCK_WAITS`
--
-- in use (#1227 - Access denied; you need (at least one of) the PROCESS privilege(s) for this operation)

-- --------------------------------------------------------

--
-- Table structure for table `XTRADB_ADMIN_COMMAND`
--

CREATE TEMPORARY TABLE `XTRADB_ADMIN_COMMAND` (
  `result_message` varchar(1024) NOT NULL DEFAULT ''
) ENGINE=MEMORY DEFAULT CHARSET=utf8;

--
-- Dumping data for table `XTRADB_ADMIN_COMMAND`
--
-- in use (#1227 - Access denied; you need (at least one of) the PROCESS privilege(s) for this operation)

-- --------------------------------------------------------

--
-- Table structure for table `INNODB_LOCKS`
--

CREATE TEMPORARY TABLE `INNODB_LOCKS` (
  `lock_id` varchar(81) NOT NULL DEFAULT '',
  `lock_trx_id` varchar(18) NOT NULL DEFAULT '',
  `lock_mode` varchar(32) NOT NULL DEFAULT '',
  `lock_type` varchar(32) NOT NULL DEFAULT '',
  `lock_table` varchar(1024) NOT NULL DEFAULT '',
  `lock_index` varchar(1024) DEFAULT NULL,
  `lock_space` bigint(21) unsigned DEFAULT NULL,
  `lock_page` bigint(21) unsigned DEFAULT NULL,
  `lock_rec` bigint(21) unsigned DEFAULT NULL,
  `lock_data` varchar(8192) DEFAULT NULL
) ENGINE=MEMORY DEFAULT CHARSET=utf8;

--
-- Dumping data for table `INNODB_LOCKS`
--
-- in use (#1227 - Access denied; you need (at least one of) the PROCESS privilege(s) for this operation)

-- --------------------------------------------------------

--
-- Table structure for table `INNODB_SYS_FOREIGN_COLS`
--

CREATE TEMPORARY TABLE `INNODB_SYS_FOREIGN_COLS` (
  `ID` varchar(193) NOT NULL DEFAULT '',
  `FOR_COL_NAME` varchar(193) NOT NULL DEFAULT '',
  `REF_COL_NAME` varchar(193) NOT NULL DEFAULT '',
  `POS` int(11) unsigned NOT NULL DEFAULT '0'
) ENGINE=MEMORY DEFAULT CHARSET=utf8;

--
-- Dumping data for table `INNODB_SYS_FOREIGN_COLS`
--
-- in use (#1227 - Access denied; you need (at least one of) the PROCESS privilege(s) for this operation)

-- --------------------------------------------------------

--
-- Table structure for table `INNODB_CMP_RESET`
--

CREATE TEMPORARY TABLE `INNODB_CMP_RESET` (
  `page_size` int(5) NOT NULL DEFAULT '0',
  `compress_ops` int(11) NOT NULL DEFAULT '0',
  `compress_ops_ok` int(11) NOT NULL DEFAULT '0',
  `compress_time` int(11) NOT NULL DEFAULT '0',
  `uncompress_ops` int(11) NOT NULL DEFAULT '0',
  `uncompress_time` int(11) NOT NULL DEFAULT '0'
) ENGINE=MEMORY DEFAULT CHARSET=utf8;

--
-- Dumping data for table `INNODB_CMP_RESET`
--
-- in use (#1227 - Access denied; you need (at least one of) the PROCESS privilege(s) for this operation)

-- --------------------------------------------------------

--
-- Table structure for table `INNODB_BUFFER_POOL_PAGES`
--

CREATE TEMPORARY TABLE `INNODB_BUFFER_POOL_PAGES` (
  `page_type` varchar(64) DEFAULT NULL,
  `space_id` bigint(21) unsigned NOT NULL DEFAULT '0',
  `page_no` bigint(21) unsigned NOT NULL DEFAULT '0',
  `lru_position` bigint(21) unsigned NOT NULL DEFAULT '0',
  `fix_count` bigint(21) unsigned NOT NULL DEFAULT '0',
  `flush_type` bigint(21) unsigned NOT NULL DEFAULT '0'
) ENGINE=MEMORY DEFAULT CHARSET=utf8;

--
-- Dumping data for table `INNODB_BUFFER_POOL_PAGES`
--
-- in use (#1227 - Access denied; you need (at least one of) the PROCESS privilege(s) for this operation)

-- --------------------------------------------------------

--
-- Table structure for table `INNODB_SYS_TABLES`
--

CREATE TEMPORARY TABLE `INNODB_SYS_TABLES` (
  `TABLE_ID` bigint(21) unsigned NOT NULL DEFAULT '0',
  `SCHEMA` varchar(193) NOT NULL DEFAULT '',
  `NAME` varchar(193) NOT NULL DEFAULT '',
  `FLAG` int(11) NOT NULL DEFAULT '0',
  `N_COLS` int(11) NOT NULL DEFAULT '0',
  `SPACE` int(11) NOT NULL DEFAULT '0'
) ENGINE=MEMORY DEFAULT CHARSET=utf8;

--
-- Dumping data for table `INNODB_SYS_TABLES`
--
-- in use (#1227 - Access denied; you need (at least one of) the PROCESS privilege(s) for this operation)

-- --------------------------------------------------------

--
-- Table structure for table `INNODB_BUFFER_POOL_PAGES_INDEX`
--

CREATE TEMPORARY TABLE `INNODB_BUFFER_POOL_PAGES_INDEX` (
  `index_id` bigint(21) unsigned NOT NULL DEFAULT '0',
  `space_id` bigint(21) unsigned NOT NULL DEFAULT '0',
  `page_no` bigint(21) unsigned NOT NULL DEFAULT '0',
  `n_recs` bigint(21) unsigned NOT NULL DEFAULT '0',
  `data_size` bigint(21) unsigned NOT NULL DEFAULT '0',
  `hashed` bigint(21) unsigned NOT NULL DEFAULT '0',
  `access_time` bigint(21) unsigned NOT NULL DEFAULT '0',
  `modified` bigint(21) unsigned NOT NULL DEFAULT '0',
  `dirty` bigint(21) unsigned NOT NULL DEFAULT '0',
  `old` bigint(21) unsigned NOT NULL DEFAULT '0',
  `lru_position` bigint(21) unsigned NOT NULL DEFAULT '0',
  `fix_count` bigint(21) unsigned NOT NULL DEFAULT '0',
  `flush_type` bigint(21) unsigned NOT NULL DEFAULT '0'
) ENGINE=MEMORY DEFAULT CHARSET=utf8;

--
-- Dumping data for table `INNODB_BUFFER_POOL_PAGES_INDEX`
--
-- in use (#1227 - Access denied; you need (at least one of) the PROCESS privilege(s) for this operation)

-- --------------------------------------------------------

--
-- Table structure for table `INNODB_CMPMEM`
--

CREATE TEMPORARY TABLE `INNODB_CMPMEM` (
  `page_size` int(5) NOT NULL DEFAULT '0',
  `buffer_pool_instance` int(11) NOT NULL DEFAULT '0',
  `pages_used` int(11) NOT NULL DEFAULT '0',
  `pages_free` int(11) NOT NULL DEFAULT '0',
  `relocation_ops` bigint(21) NOT NULL DEFAULT '0',
  `relocation_time` int(11) NOT NULL DEFAULT '0'
) ENGINE=MEMORY DEFAULT CHARSET=utf8;

--
-- Dumping data for table `INNODB_CMPMEM`
--
-- in use (#1227 - Access denied; you need (at least one of) the PROCESS privilege(s) for this operation)

-- --------------------------------------------------------

--
-- Table structure for table `INNODB_BUFFER_POOL_PAGES_BLOB`
--

CREATE TEMPORARY TABLE `INNODB_BUFFER_POOL_PAGES_BLOB` (
  `space_id` bigint(21) unsigned NOT NULL DEFAULT '0',
  `page_no` bigint(21) unsigned NOT NULL DEFAULT '0',
  `compressed` bigint(21) unsigned NOT NULL DEFAULT '0',
  `part_len` bigint(21) unsigned NOT NULL DEFAULT '0',
  `next_page_no` bigint(21) unsigned NOT NULL DEFAULT '0',
  `lru_position` bigint(21) unsigned NOT NULL DEFAULT '0',
  `fix_count` bigint(21) unsigned NOT NULL DEFAULT '0',
  `flush_type` bigint(21) unsigned NOT NULL DEFAULT '0'
) ENGINE=MEMORY DEFAULT CHARSET=utf8;

--
-- Dumping data for table `INNODB_BUFFER_POOL_PAGES_BLOB`
--
-- in use (#1227 - Access denied; you need (at least one of) the PROCESS privilege(s) for this operation)

-- --------------------------------------------------------

--
-- Table structure for table `INNODB_CMPMEM_RESET`
--

CREATE TEMPORARY TABLE `INNODB_CMPMEM_RESET` (
  `page_size` int(5) NOT NULL DEFAULT '0',
  `buffer_pool_instance` int(11) NOT NULL DEFAULT '0',
  `pages_used` int(11) NOT NULL DEFAULT '0',
  `pages_free` int(11) NOT NULL DEFAULT '0',
  `relocation_ops` bigint(21) NOT NULL DEFAULT '0',
  `relocation_time` int(11) NOT NULL DEFAULT '0'
) ENGINE=MEMORY DEFAULT CHARSET=utf8;

--
-- Dumping data for table `INNODB_CMPMEM_RESET`
--
-- in use (#1227 - Access denied; you need (at least one of) the PROCESS privilege(s) for this operation)

-- --------------------------------------------------------

--
-- Table structure for table `INNODB_SYS_FIELDS`
--

CREATE TEMPORARY TABLE `INNODB_SYS_FIELDS` (
  `INDEX_ID` bigint(21) unsigned NOT NULL DEFAULT '0',
  `NAME` varchar(193) NOT NULL DEFAULT '',
  `POS` int(11) unsigned NOT NULL DEFAULT '0'
) ENGINE=MEMORY DEFAULT CHARSET=utf8;

--
-- Dumping data for table `INNODB_SYS_FIELDS`
--
-- in use (#1227 - Access denied; you need (at least one of) the PROCESS privilege(s) for this operation)

-- --------------------------------------------------------

--
-- Table structure for table `INNODB_TABLE_STATS`
--

CREATE TEMPORARY TABLE `INNODB_TABLE_STATS` (
  `table_schema` varchar(192) NOT NULL DEFAULT '',
  `table_name` varchar(192) NOT NULL DEFAULT '',
  `rows` bigint(21) unsigned NOT NULL DEFAULT '0',
  `clust_size` bigint(21) unsigned NOT NULL DEFAULT '0',
  `other_size` bigint(21) unsigned NOT NULL DEFAULT '0',
  `modified` bigint(21) unsigned NOT NULL DEFAULT '0'
) ENGINE=MEMORY DEFAULT CHARSET=utf8;

--
-- Dumping data for table `INNODB_TABLE_STATS`
--
-- in use (#1227 - Access denied; you need (at least one of) the PROCESS privilege(s) for this operation)

-- --------------------------------------------------------

--
-- Table structure for table `INNODB_SYS_STATS`
--

CREATE TEMPORARY TABLE `INNODB_SYS_STATS` (
  `INDEX_ID` bigint(21) unsigned NOT NULL DEFAULT '0',
  `KEY_COLS` int(11) unsigned NOT NULL DEFAULT '0',
  `DIFF_VALS` bigint(21) unsigned NOT NULL DEFAULT '0',
  `NON_NULL_VALS` bigint(21) unsigned DEFAULT NULL
) ENGINE=MEMORY DEFAULT CHARSET=utf8;

--
-- Dumping data for table `INNODB_SYS_STATS`
--
-- in use (#1227 - Access denied; you need (at least one of) the PROCESS privilege(s) for this operation)

-- --------------------------------------------------------

--
-- Table structure for table `INNODB_SYS_FOREIGN`
--

CREATE TEMPORARY TABLE `INNODB_SYS_FOREIGN` (
  `ID` varchar(193) NOT NULL DEFAULT '',
  `FOR_NAME` varchar(193) NOT NULL DEFAULT '',
  `REF_NAME` varchar(193) NOT NULL DEFAULT '',
  `N_COLS` int(11) unsigned NOT NULL DEFAULT '0',
  `TYPE` int(11) unsigned NOT NULL DEFAULT '0'
) ENGINE=MEMORY DEFAULT CHARSET=utf8;

--
-- Dumping data for table `INNODB_SYS_FOREIGN`
--
-- in use (#1227 - Access denied; you need (at least one of) the PROCESS privilege(s) for this operation)

-- --------------------------------------------------------

--
-- Table structure for table `INNODB_SYS_INDEXES`
--

CREATE TEMPORARY TABLE `INNODB_SYS_INDEXES` (
  `INDEX_ID` bigint(21) unsigned NOT NULL DEFAULT '0',
  `NAME` varchar(193) NOT NULL DEFAULT '',
  `TABLE_ID` bigint(21) unsigned NOT NULL DEFAULT '0',
  `TYPE` int(11) NOT NULL DEFAULT '0',
  `N_FIELDS` int(11) NOT NULL DEFAULT '0',
  `PAGE_NO` int(11) NOT NULL DEFAULT '0',
  `SPACE` int(11) NOT NULL DEFAULT '0'
) ENGINE=MEMORY DEFAULT CHARSET=utf8;

--
-- Dumping data for table `INNODB_SYS_INDEXES`
--
-- in use (#1227 - Access denied; you need (at least one of) the PROCESS privilege(s) for this operation)

-- --------------------------------------------------------

--
-- Table structure for table `INNODB_INDEX_STATS`
--

CREATE TEMPORARY TABLE `INNODB_INDEX_STATS` (
  `table_schema` varchar(192) NOT NULL DEFAULT '',
  `table_name` varchar(192) NOT NULL DEFAULT '',
  `index_name` varchar(192) NOT NULL DEFAULT '',
  `fields` bigint(21) unsigned NOT NULL DEFAULT '0',
  `rows_per_key` varchar(256) NOT NULL DEFAULT '',
  `index_total_pages` bigint(21) unsigned NOT NULL DEFAULT '0',
  `index_leaf_pages` bigint(21) unsigned NOT NULL DEFAULT '0'
) ENGINE=MEMORY DEFAULT CHARSET=utf8;

--
-- Dumping data for table `INNODB_INDEX_STATS`
--
-- in use (#1227 - Access denied; you need (at least one of) the PROCESS privilege(s) for this operation)
